"player_id","season","shots_taken","actual_goals","expected_goals","gax_pooled","toi_total_sec","gax_per60"
"8470613",2026,291,12,6.45484379015397,5.54515620984603,59794,0.333855610185733
"8470621",2026,171,14,16.4503763894318,-2.45037638943177,32142,-0.274449474269006
"8471214",2026,353,24,27.7859474632423,-3.78594746324233,48772,-0.279451547356524
"8471215",2026,192,18,17.94922421308,0.050775786919985,30198,0.00605314368209636
"8471675",2026,242,27,20.0074766496546,6.99252335034544,48249,0.521732762570076
"8471685",2026,163,12,17.0384798393352,-5.0384798393352,51426,-0.35271122431468
"8471724",2026,157,2,4.53157594805816,-2.53157594805816,56742,-0.160616006009823
"8473419",2026,187,23,15.075571364956,7.92442863504402,26568,1.07377081775664
"8473512",2026,193,10,14.692922746588,-4.69292274658801,41013,-0.411930897220804
"8473533",2026,220,26,22.4470561159542,3.55294388404581,53786,0.237805339355314
"8473986",2026,217,18,17.4489986055996,0.551001394400373,54134,0.0366424986116183
"8474037",2026,153,15,16.6380762927583,-1.63807629275835,27579,-0.213824817938651
"8474141",2026,227,14,16.416410572594,-2.41641057259404,41666,-0.208781213971548
"8474150",2026,227,12,14.0866985222674,-2.0866985222674,47551,-0.15798016193482
"8474563",2026,151,4,4.43891434447141,-0.438914344471414,64758,-0.0243999450275964
"8474564",2026,271,32,25.2173117198981,6.78268828010187,50857,0.480124226917961
"8474578",2026,284,14,10.3451793327695,3.65482066723052,63187,0.208228819251268
"8474586",2026,234,20,22.2083494258695,-2.20834942586952,49387,-0.160974708589918
"8474590",2026,239,9,9.53415428270819,-0.534154282708187,66665,-0.0288450523925519
"8474600",2026,220,11,9.56579174019862,1.43420825980138,59570,0.0866736567951143
"8475149",2026,161,17,12.1366262445226,4.86337375547737,46056,0.380149068953416
"8475158",2026,200,22,22.6806203682209,-0.68062036822085,52511,-0.0466613343031948
"8475166",2026,265,26,29.2517553541693,-3.25175535416929,49675,-0.23565816356335
"8475169",2026,255,11,15.7997891686391,-4.79978916863911,35748,-0.483362454042206
"8475170",2026,170,15,17.6266000326723,-2.62660003267229,43721,-0.216275019272666
"8475171",2026,154,8,5.38186666526599,2.61813333473401,52957,0.177979870556158
"8475172",2026,353,19,29.7742393036606,-10.7742393036606,61935,-0.626257552162398
"8475184",2026,220,18,21.425583797507,-3.42558379750699,51881,-0.237699768142965
"8475188",2026,155,4,4.83060860424303,-0.830608604243027,68305,-0.0437770437782724
"8475218",2026,200,5,7.7272056794609,-2.7272056794609,60575,-0.162079082889958
"8475279",2026,153,5,3.69220670277718,1.30779329722282,55595,0.0846848793956675
"8475287",2026,189,13,14.2932515668799,-1.29325156687991,43687,-0.106569589140195
"8475314",2026,282,14,27.2694813803537,-13.2694813803537,44328,-1.07765143857772
"8475692",2026,200,13,15.3219803813845,-2.32198038138449,45545,-0.183535610341073
"8475722",2026,225,26,23.6458872453659,2.35411275463412,39175,0.216331995320557
"8475726",2026,242,17,20.9944390797173,-3.99443907971727,42668,-0.337020265467849
"8475745",2026,187,18,20.0622250041342,-2.06222500413423,47571,-0.156061676544181
"8475753",2026,188,15,7.76434039825108,7.23565960174892,53137,0.490211614624388
"8475754",2026,266,30,27.3991963802837,2.60080361971632,61302,0.152733891732386
"8475765",2026,226,23,18.053037973179,4.94696202682098,50387,0.353445597010251
"8475786",2026,240,26,32.5326217330876,-6.53262173308758,47490,-0.495208217290278
"8475791",2026,281,24,26.430555296829,-2.43055529682897,55036,-0.158986828050445
"8475798",2026,190,20,17.2094452975434,2.79055470245657,54719,0.183592480287353
"8475810",2026,285,25,26.0812886702479,-1.08128867024789,49938,-0.0779494415653892
"8475848",2026,179,8,15.3857616172172,-7.38576161721721,33443,-0.795046551505008
"8475913",2026,235,29,27.4292617333122,1.57073826668784,60985,0.0927221080606086
"8476312",2026,191,4,6.7134036453208,-2.7134036453208,51186,-0.190838376180105
"8476389",2026,178,13,15.2437606524327,-2.24376065243268,47447,-0.170243394708994
"8476399",2026,211,16,16.9649691471132,-0.964969147113155,41381,-0.0839488878859225
"8476432",2026,199,12,16.7755539314821,-4.77555393148213,36718,-0.468217063928746
"8476441",2026,170,3,4.928487698955,-1.928487698955,51032,-0.136043183027081
"8476453",2026,382,34,25.0937229554984,8.90627704450162,53653,0.597591884148246
"8476454",2026,194,21,18.711020061688,2.28897993831196,53297,0.154611474903335
"8476455",2026,246,17,22.7220229508821,-5.72202295088209,49374,-0.417209110527313
"8476459",2026,307,32,25.156518025673,6.843481974327,53937,0.456765024149975
"8476460",2026,234,32,22.2425869064173,9.75741309358272,61405,0.572049297889387
"8476461",2026,175,11,14.3295111271436,-3.32951112714363,45958,-0.260808565597221
"8476462",2026,273,10,8.89994208503049,1.10005791496951,55262,0.0716624171019914
"8476468",2026,200,14,21.3961345630814,-7.39613456308144,42863,-0.621190407276513
"8476483",2026,247,21,25.8368736591074,-4.83687365910737,46450,-0.374870724925437
"8476539",2026,185,11,15.9426673365524,-4.94266733655241,40360,-0.440872210396151
"8476826",2026,167,8,13.1828291891725,-5.18282918917248,43529,-0.428638036275148
"8476853",2026,211,11,7.63258876581676,3.36741123418324,51449,0.235625190830913
"8476869",2026,151,2,5.60177758539794,-3.60177758539794,59807,-0.216804041457231
"8476875",2026,175,7,5.37921109434683,1.62078890565317,70927,0.082265428685147
"8476880",2026,206,24,20.6687288627145,3.33127113728551,46841,0.256027328499132
"8476881",2026,356,22,37.5678359581507,-15.5678359581507,64367,-0.870697864578782
"8476885",2026,256,9,7.00034905556822,1.99965094443178,72085,0.099864651452513
"8476887",2026,352,34,23.7069148547598,10.2930851452402,53823,0.688462302786256
"8476892",2026,160,4,4.92440193222137,-0.924401932221373,52535,-0.0633453308460444
"8476906",2026,230,15,10.0336958959815,4.96630410401849,50660,0.352915412050268
"8476917",2026,201,3,5.54334932012716,-2.54334932012716,56672,-0.161562280358163
"8476921",2026,213,10,15.8675366913085,-5.86753669130849,47927,-0.44073553714421
"8476967",2026,152,2,3.55662880721502,-1.55662880721502,65886,-0.0850539371941547
"8476981",2026,152,15,14.5187907713116,0.481209228688389,42600,0.040665568621554
"8477015",2026,172,13,16.4734172979952,-3.47341729799519,44962,-0.27810823079006
"8477220",2026,150,4,4.60620067128912,-0.606200671289116,55252,-0.0394976184869474
"8477346",2026,230,6,6.49319771287264,-0.493197712872644,64702,-0.0274413737804321
"8477402",2026,195,17,17.4916138189728,-0.491613818972841,45474,-0.0389191570634258
"8477404",2026,300,30,31.71643950406,-1.71643950405996,55097,-0.112150974002502
"8477409",2026,262,22,21.1369433827931,0.863056617206894,47199,0.0658277468155007
"8477416",2026,206,12,18.9638893398806,-6.96388933988056,38485,-0.651422674381447
"8477429",2026,166,5,15.9038824500167,-10.9038824500167,42575,-0.921995932356079
"8477446",2026,181,8,12.2395732327714,-4.23957323277136,43705,-0.349215504815854
"8477447",2026,228,15,7.54268630087609,7.45731369912391,82093,0.327023367605595
"8477451",2026,317,24,25.1013817818603,-1.10138178186026,58092,-0.068253363883098
"8477476",2026,240,21,26.4800077251857,-5.48000772518572,48235,-0.408998192405278
"8477478",2026,153,7,11.4636223803973,-4.46362238039728,37373,-0.429963892902101
"8477479",2026,242,31,27.0467133456259,3.95328665437409,52555,0.270798819441475
"8477492",2026,490,45,39.4843657804886,5.51563421951141,76138,0.260793338283657
"8477496",2026,196,17,18.40751069627,-1.40751069627004,40838,-0.124076558758317
"8477497",2026,155,8,14.847263947071,-6.84726394707104,42197,-0.584168310767489
"8477498",2026,243,7,6.10880856547737,0.891191434522625,64706,0.0495825605706032
"8477500",2026,267,25,23.5559934127377,1.44400658726227,45931,0.113178979646517
"8477501",2026,238,14,20.2701196153648,-6.27011961536482,51346,-0.439614198093588
"8477503",2026,157,9,9.97644832491642,-0.976448324916422,41554,-0.0845938771165019
"8477504",2026,209,13,7.48299501446309,5.51700498553691,66484,0.298736808073114
"8477507",2026,152,2,3.8420361856115,-1.8420361856115,50589,-0.131082454055257
"8477511",2026,209,32,18.1348557048477,13.8651442951523,47901,1.04203501936386
"8477933",2026,232,19,24.464809976751,-5.46480997675099,38265,-0.514133435680218
"8477934",2026,289,35,24.4230506545282,10.5769493454718,47851,0.795741314574376
"8477935",2026,276,22,24.3611773019657,-2.36117730196565,46034,-0.184651307448328
"8477939",2026,204,23,15.014236450661,7.98576354933902,45833,0.627249989693463
"8477940",2026,361,30,22.0922762591508,7.90772374084918,63485,0.448417822588912
"8477942",2026,220,18,17.2276794281206,0.772320571879394,29647,0.0937819698035491
"8477946",2026,297,22,27.0214543577749,-5.02145435777493,46157,-0.39164667738349
"8477948",2026,162,9,7.68654901062837,1.31345098937163,71287,0.0663293947246745
"8477949",2026,338,29,23.629110478505,5.37088952149498,55039,0.351300028659349
"8477950",2026,199,5,6.54837664304068,-1.54837664304068,50211,-0.111014636532761
"8477951",2026,280,31,26.7684261438553,4.23157385614467,56737,0.268496146819903
"8477955",2026,157,15,12.1473406453151,2.85265935468487,28428,0.361248546393188
"8477956",2026,380,27,26.9898097992409,0.0101902007590979,51147,0.000717240947323451
"8477960",2026,313,29,21.461518519267,7.53848148073302,54082,0.501803434241317
"8477964",2026,245,26,22.2730606207042,3.7269393792958,68444,0.196028603901947
"8477986",2026,230,8,8.19877017993713,-0.198770179937128,51115,-0.0139992692511721
"8477987",2026,200,13,14.8333105677739,-1.83331056777388,43152,-0.152945820448321
"8477989",2026,214,15,21.934281375783,-6.93428137578303,54571,-0.457448332499293
"8477998",2026,176,12,13.0738329711603,-1.0738329711603,30352,-0.127365534270463
"8478010",2026,195,19,23.9297504776623,-4.92975047766231,44709,-0.396946961899938
"8478038",2026,180,5,7.36435008957051,-2.36435008957051,70061,-0.121489278235449
"8478042",2026,270,24,20.9384383134893,3.06156168651069,34863,0.316140953774445
"8478047",2026,223,14,16.0726061662426,-2.07260616624262,37152,-0.200833930837463
"8478055",2026,154,2,4.28336309449514,-2.28336309449514,57549,-0.142836663368304
"8478109",2026,191,12,15.35168550862,-3.35168550862,35934,-0.335784155146435
"8478178",2026,335,20,13.9008174954797,6.09918250452028,56466,0.388854479089594
"8478396",2026,223,2,6.37733789230697,-4.37733789230697,82755,-0.19042252930101
"8478397",2026,311,15,12.6044554201653,2.39554457983468,88232,0.0977418678869892
"8478398",2026,343,29,26.5469704368152,2.45302956318483,59026,0.149610450097675
"8478401",2026,200,26,19.6251319510629,6.37486804893706,40196,0.57094051587654
"8478402",2026,396,38,39.2089273862657,-1.20892738626571,69730,-0.0624141487244593
"8478403",2026,389,24,26.9324857809115,-2.93248578091152,73859,-0.142933817290804
"8478407",2026,225,11,8.36556093930267,2.63443906069733,57285,0.165557835707609
"8478414",2026,393,19,29.6404631276382,-10.6404631276382,45259,-0.846365745144559
"8478420",2026,219,23,20.2814469307777,2.71855306922225,48405,0.202185539700446
"8478421",2026,160,15,14.1957806826103,0.804219317389654,34752,0.0833100121605304
"8478427",2026,327,24,26.4200169981341,-2.42001699813409,64016,-0.136091933161752
"8478438",2026,204,15,18.0521902636392,-3.05219026363921,45938,-0.239189449891183
"8478439",2026,258,23,21.7487095243414,1.25129047565861,57505,0.07833485283664
"8478440",2026,189,17,16.7808646218618,0.219135378138159,50482,0.0156271019630239
"8478444",2026,213,16,18.2462111708592,-2.24621117085917,46495,-0.173918920638628
"8478445",2026,228,14,18.134076464281,-4.13407646428095,57379,-0.259374950267719
"8478449",2026,164,10,18.3584819601383,-8.3584819601383,24824,-1.21215497327175
"8478458",2026,231,19,18.4216898747254,0.578310125274587,38477,0.0541080762790372
"8478460",2026,348,21,12.8661313770572,8.13386862294283,64785,0.451986216602519
"8478463",2026,218,15,18.8701810944476,-3.87018109444762,42755,-0.325871873231468
"8478469",2026,150,6,4.98339163133642,1.01660836866358,38601,0.0948107594929897
"8478474",2026,219,24,20.7784805769916,3.22151942300843,47038,0.246555336596589
"8478483",2026,311,32,23.5886945984676,8.41130540153244,76328,0.396718104044607
"8478493",2026,269,20,22.9777529293206,-2.97775292932056,48146,-0.222654229750218
"8478498",2026,290,22,29.8697930196067,-7.86979301960673,42187,-0.671563630279096
"8478500",2026,216,9,7.77633356291335,1.22366643708665,63970,0.068863516859652
"8478508",2026,161,6,13.6048301850096,-7.60483018500963,41624,-0.657730844369466
"8478519",2026,155,18,16.6810978624271,1.31890213757288,38968,0.121844787909628
"8478542",2026,211,10,12.5930468683946,-2.5930468683946,34718,-0.268879795098236
"8478550",2026,324,25,20.5122746819397,4.48772531806026,60791,0.265759917504514
"8478856",2026,192,10,12.8850822391687,-2.8850822391687,40652,-0.255492867780363
"8478864",2026,429,39,35.4026754821534,3.59732451784657,70178,0.184536012201083
"8478873",2026,243,15,21.4927393752732,-6.49273937527323,49607,-0.471180715443055
"8478882",2026,178,13,6.48469786008354,6.51530213991646,63675,0.368356304730259
"8478970",2026,195,2,4.84445155633148,-2.84445155633148,66142,-0.154818808061343
"8478975",2026,181,17,15.1526734412182,1.84732655878179,45422,0.146413095231703
"8479318",2026,287,22,24.0208052027156,-2.02080520271556,36029,-0.201917864214273
"8479325",2026,186,10,8.43688396713696,1.56311603286304,53594,0.10499715860557
"8479337",2026,402,32,33.5171164560597,-1.51711645605975,52731,-0.103575112207527
"8479343",2026,331,18,24.8222748163971,-6.82227481639711,58876,-0.417151119964495
"8479345",2026,324,23,15.7792941107182,7.22070588928182,64265,0.404489865423085
"8479378",2026,174,8,5.28621255152393,2.71378744847607,41001,0.238277964306086
"8479385",2026,237,15,18.0579919792945,-3.05799197929446,34520,-0.318909939903246
"8479407",2026,230,17,17.4570656311698,-0.457065631169826,48910,-0.0336421237417987
"8479410",2026,199,10,6.95581386989215,3.04418613010785,62372,0.17570496486225
"8479420",2026,438,41,33.5316826577764,7.46831734222359,63455,0.423700928721219
"8479425",2026,184,6,6.00978265260346,-0.00978265260346323,63672,-0.000553108892016391
"8479525",2026,265,9,19.8598253781674,-10.8598253781674,37148,-1.05242197053416
"8479542",2026,305,33,26.8135541627416,6.18644583725836,41188,0.540720719970139
"8479591",2026,158,8,9.22794560203329,-1.22794560203329,19180,-0.230479883593318
"8479619",2026,250,17,16.8912299228832,0.108770077116787,39882,0.00981827083948736
"8479638",2026,155,16,14.5865284922183,1.41347150778165,31419,0.161956059327603
"8479675",2026,223,11,13.667308056145,-2.66730805614498,44126,-0.217611136339616
"8479987",2026,273,37,23.2356108116219,13.7643891883781,47338,1.04676583459718
"8480002",2026,262,23,27.8076761153643,-4.80767611536431,52809,-0.327740233962232
"8480009",2026,195,10,14.498241346213,-4.49824134621303,40992,-0.395044614714259
"8480012",2026,181,14,15.5003711862373,-1.50037118623732,40345,-0.133878702948429
"8480014",2026,221,29,24.2782189236023,4.72178107639774,54532,0.311714440604267
"8480015",2026,311,22,24.942464515334,-2.942464515334,49412,-0.214378536695588
"8480018",2026,307,26,28.6432895024773,-2.64328950247728,72730,-0.130837923950477
"8480027",2026,424,44,37.3803774990374,6.61962250096257,62989,0.378330200566214
"8480028",2026,197,20,17.0584096884122,2.94159031158779,45604,0.232210444735463
"8480036",2026,222,7,7.64277040539309,-0.642770405393094,68222,-0.0339182882268936
"8480039",2026,328,34,28.1710650513414,5.82893494865857,70762,0.296545685751828
"8480069",2026,337,20,14.2725926002604,5.7274073997396,69593,0.296275008105162
"8480113",2026,159,12,15.2847354106489,-3.28473541064886,41984,-0.281656047025912
"8480188",2026,213,17,15.2344997886685,1.76550021133153,37390,0.169986647788005
"8480208",2026,271,35,26.4888715640409,8.5111284359591,44497,0.688587149008984
"8480220",2026,177,15,19.729095560615,-4.72909556061495,47079,-0.361620765483843
"8480336",2026,286,7,9.49122901965166,-2.49122901965166,74070,-0.121080389776508
"8480355",2026,157,10,12.6438782866462,-2.64387828664621,30318,-0.313937655251875
"8480448",2026,160,21,11.9548402461223,9.04515975387767,39257,0.829471816846922
"8480748",2026,251,20,17.1411289430107,2.8588710569893,39675,0.259406069443263
"8480762",2026,168,14,12.9095672562835,1.09043274371652,35629,0.110178727367579
"8480797",2026,176,14,13.8650430765701,0.134956923429856,44094,0.0110183908093501
"8480800",2026,289,11,11.619361017656,-0.619361017656049,89636,-0.0248750464496606
"8480801",2026,290,16,27.2419710160466,-11.2419710160466,42194,-0.959167077256665
"8480803",2026,295,17,15.3428636259632,1.65713637403678,73816,0.0808183990805842
"8480807",2026,170,13,5.76222210662672,7.23777789337328,65379,0.398537763137151
"8480817",2026,220,7,6.72278628562344,0.277213714376557,72509,0.013763386224546
"8480830",2026,385,30,33.9685079175979,-3.9685079175979,60808,-0.234946528472445
"8480835",2026,152,10,12.127488239028,-2.12748823902803,42338,-0.180900317929541
"8480839",2026,321,20,17.5343256995548,2.46567430044524,73727,0.120395885925141
"8480849",2026,166,7,16.4495712410426,-9.44957124104258,30255,-1.12439122352515
"8480855",2026,161,7,15.8346530867857,-8.83465308678569,31437,-1.01169803455891
"8480865",2026,260,11,9.01499455573503,1.98500544426497,72669,0.098336561661147
"8480893",2026,295,23,22.9558833374176,0.0441166625823826,51874,0.00306164909774795
"8480980",2026,174,10,11.4801894484553,-1.48018944845535,35231,-0.151249808817214
"8481024",2026,175,15,16.9781289559323,-1.97812895593234,34797,-0.204651672309579
"8481068",2026,198,13,14.3360306977993,-1.33603069779929,42014,-0.114478757368435
"8481522",2026,155,8,9.79389791929862,-1.79389791929862,45846,-0.140863597903307
"8481524",2026,208,13,10.8997586269979,2.10024137300206,70150,0.107781453211795
"8481528",2026,290,27,26.8228296465822,0.17717035341775,46600,0.0136869800923584
"8481533",2026,257,25,22.1684146840707,2.83158531592926,60430,0.168686201180628
"8481540",2026,405,50,38.7858358214726,11.2141641785274,64919,0.621867111981065
"8481542",2026,257,9,7.42586999072228,1.57413000927772,69734,0.0812640610519948
"8481553",2026,162,14,15.6430722527439,-1.64307225274388,39258,-0.150671458298384
"8481557",2026,416,36,29.8675331567647,6.1324668432353,61724,0.357670932467874
"8481559",2026,274,22,22.0325960483169,-0.0325960483169148,41999,-0.00279401352272419
"8481580",2026,176,12,16.5228495417978,-4.52284954179777,39898,-0.408097106383076
"8481581",2026,175,4,6.20127221971052,-2.20127221971052,61021,-0.129866439274313
"8481582",2026,183,16,14.3791718197754,1.62082818022463,35459,0.164555724888143
"8481596",2026,231,17,19.2653146636439,-2.26531466364395,35891,-0.227219436324377
"8481604",2026,408,46,37.0058799902326,8.99412000976736,71813,0.450877028325825
"8481605",2026,242,8,11.5783279322204,-3.57832793222042,80851,-0.159329885295092
"8481606",2026,185,7,6.28285027772654,0.717149722273461,50120,0.051511153235923
"8481617",2026,192,21,16.7823402022477,4.21765979775227,48535,0.312837648540397
"8481656",2026,227,17,17.3212268897914,-0.321226889791433,43740,-0.0264384271433278
"8481716",2026,159,16,16.0719112458755,-0.0719112458755227,25704,-0.0100716030637987
"8481721",2026,202,13,10.8928079538746,2.10719204612542,29222,0.259595214771457
"8481806",2026,165,6,4.41164503520122,1.58835496479878,45044,0.126944273893873
"8482055",2026,176,13,15.304424218135,-2.30442421813496,39778,-0.208555663564931
"8482073",2026,150,2,3.57128932198975,-1.57128932198975,55883,-0.101222940056244
"8482077",2026,204,17,15.7949783555814,1.20502164441859,37592,0.115398965734915
"8482078",2026,253,23,18.537362520874,4.46263747912599,53222,0.301858158747389
"8482088",2026,164,13,14.6256768249441,-1.62567682494409,41550,-0.140852865699127
"8482092",2026,185,10,16.0564659313532,-6.05646593135317,42131,-0.517511508221295
"8482093",2026,335,25,30.5495587171754,-5.54955871717539,55806,-0.357997551908959
"8482097",2026,326,20,24.9671986909234,-4.9671986909234,51535,-0.346985840444828
"8482100",2026,207,8,7.35788983554812,0.64211016445188,60682,0.0380936124720143
"8482105",2026,228,13,9.45716890285257,3.54283109714743,44294,0.287944009340559
"8482109",2026,255,23,22.8505633926834,0.149436607316602,52018,0.0103420313418387
"8482110",2026,218,12,20.7955670996453,-8.79556709964527,47667,-0.6642759468547
"8482113",2026,185,15,14.7884118719958,0.211588128004225,35406,0.0215137903410498
"8482116",2026,238,26,21.5098632704467,4.49013672955334,49967,0.323503356743291
"8482122",2026,271,15,7.86732684925664,7.13267315074336,79289,0.323848495285299
"8482124",2026,269,19,22.7302273872774,-3.73022738727741,53821,-0.249508901622019
"8482142",2026,178,6,6.59995344694471,-0.599953446944708,70866,-0.0304776960601833
"8482145",2026,207,18,18.2844713155646,-0.284471315564591,49735,-0.0205910673777527
"8482146",2026,235,10,16.5947784716263,-6.59477847162634,48059,-0.494001175593642
"8482149",2026,206,8,18.0329096804489,-10.0329096804489,39650,-0.910932530885655
"8482155",2026,333,18,23.9477459714981,-5.94774597149808,53974,-0.396707405369124
"8482157",2026,220,14,20.0105293118395,-6.01052931183949,45113,-0.479637920834841
"8482175",2026,242,23,16.7947484084289,6.20525159157114,48850,0.457295920770852
"8482245",2026,150,5,3.4429297678289,1.5570702321711,51857,0.10809442960094
"8482259",2026,245,22,15.4156713409466,6.58432865905343,41500,0.571170678857647
"8482475",2026,232,21,16.2138228660915,4.7861771339085,36806,0.468136653862701
"8482476",2026,229,18,18.5524161816575,-0.55241618165746,47088,-0.0422336530319159
"8482655",2026,176,8,6.62443159415852,1.37556840584148,55041,0.0899701360990774
"8482659",2026,293,27,29.6475136904628,-2.64751369046281,53301,-0.178815581052252
"8482660",2026,163,6,12.2501018420444,-6.25010184204439,34411,-0.653871338564988
"8482665",2026,230,19,20.953858710127,-1.95385871012695,50519,-0.139232592815713
"8482667",2026,230,14,21.2471316725714,-7.24713167257141,48398,-0.53906512709734
"8482671",2026,178,7,7.01772992662154,-0.0177299266215432,65107,-0.000980351357573769
"8482679",2026,280,16,22.3719784345594,-6.37197843455942,47563,-0.482289224069422
"8482684",2026,201,5,8.19638358429074,-3.19638358429074,52660,-0.218514639260286
"8482699",2026,423,40,31.9171825238154,8.08281747618457,53522,0.543666957779314
"8482702",2026,322,30,30.3342029771884,-0.334202977188404,59611,-0.0201830319551468
"8482705",2026,175,5,13.1201014570543,-8.12010145705426,40937,-0.714081765771682
"8482713",2026,246,12,20.7480910621816,-8.74809106218163,39295,-0.801453819159024
"8482720",2026,166,15,18.4997935307911,-3.49979353079107,48715,-0.258631976000161
"8482730",2026,218,6,7.49569452792639,-1.49569452792639,60577,-0.0888868762159731
"8482737",2026,207,14,17.4398675996927,-3.43986759969266,48321,-0.256276222737394
"8482740",2026,304,44,36.9438054347993,7.05619456520071,60794,0.417842228422584
"8482745",2026,275,14,21.4380847063148,-7.43808470631484,46008,-0.582009757927609
"8482775",2026,192,20,18.0795920050587,1.92040799494134,40634,0.170140000536221
"8482803",2026,183,7,7.26018017414026,-0.26018017414026,41500,-0.0225698464314442
"8482809",2026,324,24,32.1447891798452,-8.14478917984525,62361,-0.470185549420998
"8483431",2026,160,22,15.6118719594087,6.38812804059125,37093,0.619989241801108
"8483445",2026,449,40,29.9610531544895,10.0389468455105,50464,0.716158224552906
"8483457",2026,200,12,11.522307235864,0.477692764136009,84303,0.0203989650533152
"8483464",2026,197,8,15.8310311972164,-7.83103119721636,35922,-0.784803527364259
"8483489",2026,170,14,14.5290496603702,-0.529049660370221,40456,-0.0470777827104211
"8483493",2026,197,14,17.6288716298877,-3.62887162988773,41878,-0.311952286823531
"8483495",2026,150,6,5.34794283291558,0.652057167084422,42076,0.0557896616005304
"8483512",2026,199,14,18.3168930573156,-4.31689305731561,46166,-0.336629012830572
"8483515",2026,333,31,31.6800102577545,-0.680010257754471,67802,-0.0361056742856567
"8483516",2026,245,20,20.7844487702241,-0.784448770224117,37124,-0.0760698085552963
"8484144",2026,304,24,22.8439240160515,1.15607598394854,48337,0.0861011966446978
"8484145",2026,191,14,18.5319714929792,-4.53197149297921,42674,-0.382319383576069
"8484153",2026,306,25,26.2333434877801,-1.23334348778008,55165,-0.0804864779481244
"8484166",2026,286,18,25.6769708628999,-7.67697086289991,53576,-0.515848422921451
"8484186",2026,232,20,16.9450882899109,3.05491171008907,35564,0.309236367009354
"8484227",2026,228,23,19.2880499200546,3.71195007994538,44834,0.298055500017919
"8484258",2026,284,9,6.99506048945477,2.00493951054523,60513,0.119276556078245
"8484387",2026,230,16,18.2346543266322,-2.23465432663215,46583,-0.172697240965068
"8484471",2026,170,12,19.0937849899055,-7.09378498990554,44931,-0.568374306462352
"8484762",2026,330,26,30.8430968059693,-4.84309680596925,58970,-0.295661327819049
"8484801",2026,351,34,27.0359567596461,6.96404324035393,61034,0.410763765528626
"8484984",2026,240,22,20.8989560058108,1.10104399418924,57224,0.0692674119090111
"8485366",2026,259,18,11.8796139667393,6.12038603326073,68161,0.323255083108209
"8485414",2026,211,15,17.4995781746693,-2.4995781746693,42691,-0.210781697051122
