season,game_type,game_id,game_date,home_full,away_abbrev,home_score,away_score,period_type
2017,2,2016020004,2016-10-12,San Jose Sharks,LAK,2,1,REG
2017,2,2016020003,2016-10-12,Edmonton Oilers,CGY,7,4,REG
2017,2,2016020001,2016-10-12,Ottawa Senators,TOR,5,4,REG
2017,2,2016020002,2016-10-12,Chicago Blackhawks,STL,2,5,REG
2017,2,2016020012,2016-10-13,Winnipeg Jets,CAR,5,4,REG
2017,2,2016020006,2016-10-13,New York Rangers,NYI,5,3,REG
2017,2,2016020008,2016-10-13,Columbus Blue Jackets,BOS,3,6,REG
2017,2,2016020011,2016-10-13,St. Louis Blues,MIN,3,2,REG
2017,2,2016020009,2016-10-13,Tampa Bay Lightning,DET,6,4,REG
2017,2,2016020013,2016-10-13,Dallas Stars,ANA,4,2,REG
2017,2,2016020005,2016-10-13,Buffalo Sabres,MTL,1,4,REG
2017,2,2016020007,2016-10-13,Pittsburgh Penguins,WSH,2,2,REG
2017,2,2016020010,2016-10-13,Florida Panthers,NJD,2,1,REG
2017,2,2016020015,2016-10-14,Calgary Flames,EDM,3,5,REG
2017,2,2016020014,2016-10-14,Nashville Predators,CHI,3,2,REG
2017,2,2016020016,2016-10-14,Los Angeles Kings,PHI,2,4,REG
2017,2,2016020026,2016-10-15,Chicago Blackhawks,NSH,5,3,REG
2017,2,2016020022,2016-10-15,Washington Capitals,NYI,2,1,REG
2017,2,2016020017,2016-10-15,Toronto Maple Leafs,BOS,4,1,REG
2017,2,2016020019,2016-10-15,Tampa Bay Lightning,NJD,3,2,REG
2017,2,2016020025,2016-10-15,St. Louis Blues,NYR,3,2,REG
2017,2,2016020029,2016-10-15,Vancouver Canucks,CGY,1,1,REG
2017,2,2016020027,2016-10-15,Colorado Avalanche,DAL,6,5,REG
2017,2,2016020020,2016-10-15,Florida Panthers,DET,4,1,REG
2017,2,2016020024,2016-10-15,Minnesota Wild,WPG,4,3,REG
2017,2,2016020023,2016-10-15,Columbus Blue Jackets,SJS,2,3,REG
2017,2,2016020018,2016-10-15,Ottawa Senators,MTL,3,3,REG
2017,2,2016020021,2016-10-15,Pittsburgh Penguins,ANA,3,2,REG
2017,2,2016020028,2016-10-15,Arizona Coyotes,PHI,4,3,REG
2017,2,2016020032,2016-10-16,Vancouver Canucks,CAR,4,3,REG
2017,2,2016020031,2016-10-16,Edmonton Oilers,BUF,2,6,REG
2017,2,2016020030,2016-10-16,New York Islanders,ANA,3,2,REG
2017,2,2016020035,2016-10-17,Detroit Red Wings,OTT,5,1,REG
2017,2,2016020034,2016-10-17,Pittsburgh Penguins,COL,3,4,REG
2017,2,2016020033,2016-10-17,New York Rangers,SJS,7,4,REG
2017,2,2016020036,2016-10-17,Winnipeg Jets,BOS,1,4,REG
2017,2,2016020045,2016-10-18,Chicago Blackhawks,PHI,7,4,REG
2017,2,2016020042,2016-10-18,Tampa Bay Lightning,FLA,3,3,REG
2017,2,2016020041,2016-10-18,Ottawa Senators,ARI,7,4,REG
2017,2,2016020043,2016-10-18,Nashville Predators,DAL,1,2,REG
2017,2,2016020040,2016-10-18,Montréal Canadiens,PIT,4,0,REG
2017,2,2016020039,2016-10-18,Washington Capitals,COL,3,0,REG
2017,2,2016020038,2016-10-18,New York Islanders,SJS,2,3,REG
2017,2,2016020044,2016-10-18,Minnesota Wild,LAK,6,3,REG
2017,2,2016020046,2016-10-18,Calgary Flames,BUF,4,3,REG
2017,2,2016020047,2016-10-18,Edmonton Oilers,CAR,3,2,REG
2017,2,2016020037,2016-10-18,New Jersey Devils,ANA,2,1,REG
2017,2,2016020048,2016-10-18,Vancouver Canucks,STL,2,1,REG
2017,2,2016020050,2016-10-19,Winnipeg Jets,TOR,5,4,REG
2017,2,2016020049,2016-10-19,New York Rangers,DET,1,2,REG
2017,2,2016020061,2016-10-20,Vancouver Canucks,BUF,2,1,REG
2017,2,2016020056,2016-10-20,Florida Panthers,WSH,2,4,REG
2017,2,2016020060,2016-10-20,Edmonton Oilers,STL,3,1,REG
2017,2,2016020054,2016-10-20,Montréal Canadiens,ARI,5,2,REG
2017,2,2016020051,2016-10-20,Boston Bruins,NJD,2,1,REG
2017,2,2016020055,2016-10-20,Tampa Bay Lightning,COL,0,4,REG
2017,2,2016020052,2016-10-20,Philadelphia Flyers,ANA,2,3,REG
2017,2,2016020053,2016-10-20,Pittsburgh Penguins,SJS,3,2,REG
2017,2,2016020058,2016-10-20,Dallas Stars,LAK,3,4,REG
2017,2,2016020057,2016-10-20,Minnesota Wild,TOR,3,2,REG
2017,2,2016020059,2016-10-20,Calgary Flames,CAR,2,4,REG
2017,2,2016020064,2016-10-21,Detroit Red Wings,NSH,5,3,REG
2017,2,2016020062,2016-10-21,New York Islanders,ARI,3,2,REG
2017,2,2016020063,2016-10-21,Columbus Blue Jackets,CHI,3,2,REG
2017,2,2016020075,2016-10-22,Calgary Flames,STL,4,6,REG
2017,2,2016020069,2016-10-22,New Jersey Devils,MIN,2,1,REG
2017,2,2016020070,2016-10-22,Philadelphia Flyers,CAR,6,3,REG
2017,2,2016020073,2016-10-22,Nashville Predators,PIT,5,1,REG
2017,2,2016020074,2016-10-22,Dallas Stars,CBJ,0,3,REG
2017,2,2016020071,2016-10-22,Washington Capitals,NYR,2,4,REG
2017,2,2016020065,2016-10-22,Boston Bruins,MTL,2,4,REG
2017,2,2016020067,2016-10-22,Detroit Red Wings,SJS,3,0,REG
2017,2,2016020072,2016-10-22,Chicago Blackhawks,TOR,4,4,REG
2017,2,2016020066,2016-10-22,Ottawa Senators,TBL,1,4,REG
2017,2,2016020068,2016-10-22,Florida Panthers,COL,5,2,REG
2017,2,2016020076,2016-10-22,Los Angeles Kings,VAN,3,3,REG
2017,2,2016020080,2016-10-23,Anaheim Ducks,VAN,4,2,REG
2017,2,2016020079,2016-10-23,New York Rangers,ARI,3,2,REG
2017,2,2016020077,2016-10-23,Winnipeg Jets,EDM,0,3,REG
2017,2,2016020078,2016-10-23,New York Islanders,MIN,6,3,REG
2017,2,2016020082,2016-10-24,Chicago Blackhawks,CGY,2,2,REG
2017,2,2016020081,2016-10-24,Montréal Canadiens,PHI,3,1,REG
2017,2,2016020090,2016-10-25,Dallas Stars,WPG,3,2,REG
2017,2,2016020092,2016-10-25,Los Angeles Kings,CBJ,3,2,REG
2017,2,2016020086,2016-10-25,Pittsburgh Penguins,FLA,3,2,REG
2017,2,2016020087,2016-10-25,Toronto Maple Leafs,TBL,3,7,REG
2017,2,2016020084,2016-10-25,New Jersey Devils,ARI,5,3,REG
2017,2,2016020088,2016-10-25,Detroit Red Wings,CAR,4,2,REG
2017,2,2016020093,2016-10-25,San Jose Sharks,ANA,2,1,REG
2017,2,2016020083,2016-10-25,Boston Bruins,MIN,0,5,REG
2017,2,2016020091,2016-10-25,Vancouver Canucks,OTT,0,3,REG
2017,2,2016020085,2016-10-25,Philadelphia Flyers,BUF,3,3,REG
2017,2,2016020089,2016-10-25,St. Louis Blues,CGY,1,4,REG
2017,2,2016020097,2016-10-26,Anaheim Ducks,NSH,6,1,REG
2017,2,2016020096,2016-10-26,Edmonton Oilers,WSH,4,1,REG
2017,2,2016020095,2016-10-26,New York Rangers,BOS,5,2,REG
2017,2,2016020094,2016-10-26,New York Islanders,MTL,2,3,REG
2017,2,2016020099,2016-10-27,Philadelphia Flyers,ARI,4,5,REG
2017,2,2016020102,2016-10-27,Montréal Canadiens,TBL,3,1,REG
2017,2,2016020103,2016-10-27,St. Louis Blues,DET,1,1,REG
2017,2,2016020101,2016-10-27,Toronto Maple Leafs,FLA,3,2,REG
2017,2,2016020104,2016-10-27,Winnipeg Jets,DAL,4,1,REG
2017,2,2016020100,2016-10-27,Pittsburgh Penguins,NYI,4,2,REG
2017,2,2016020105,2016-10-27,Los Angeles Kings,NSH,3,2,REG
2017,2,2016020098,2016-10-27,Buffalo Sabres,MIN,0,4,REG
2017,2,2016020106,2016-10-27,San Jose Sharks,CBJ,3,1,REG
2017,2,2016020112,2016-10-28,Anaheim Ducks,CBJ,0,4,REG
2017,2,2016020108,2016-10-28,Carolina Hurricanes,NYR,3,2,REG
2017,2,2016020111,2016-10-28,Vancouver Canucks,EDM,0,2,REG
2017,2,2016020110,2016-10-28,Calgary Flames,OTT,5,2,REG
2017,2,2016020109,2016-10-28,Colorado Avalanche,WPG,0,1,REG
2017,2,2016020107,2016-10-28,New Jersey Devils,CHI,2,3,REG
2017,2,2016020113,2016-10-29,Buffalo Sabres,FLA,3,0,REG
2017,2,2016020117,2016-10-29,Philadelphia Flyers,PIT,4,5,REG
2017,2,2016020120,2016-10-29,Arizona Coyotes,COL,2,3,REG
2017,2,2016020122,2016-10-29,San Jose Sharks,NSH,4,1,REG
2017,2,2016020114,2016-10-29,Montréal Canadiens,TOR,2,1,REG
2017,2,2016020115,2016-10-29,Detroit Red Wings,BOS,0,1,REG
2017,2,2016020116,2016-10-29,New Jersey Devils,TBL,3,1,REG
2017,2,2016020119,2016-10-29,Minnesota Wild,DAL,4,0,REG
2017,2,2016020118,2016-10-29,St. Louis Blues,LAK,1,0,REG
2017,2,2016020121,2016-10-29,Vancouver Canucks,WSH,2,5,REG
2017,2,2016020123,2016-10-30,Winnipeg Jets,BUF,1,3,REG
2017,2,2016020125,2016-10-30,Carolina Hurricanes,PHI,3,4,REG
2017,2,2016020124,2016-10-30,Detroit Red Wings,FLA,2,5,REG
2017,2,2016020126,2016-10-30,New York Islanders,TOR,5,1,REG
2017,2,2016020130,2016-10-30,Calgary Flames,WSH,1,3,REG
2017,2,2016020128,2016-10-30,Chicago Blackhawks,LAK,3,0,REG
2017,2,2016020127,2016-10-30,New York Rangers,TBL,6,1,REG
2017,2,2016020129,2016-10-30,Edmonton Oilers,OTT,0,2,REG
2017,2,2016020134,2016-11-01,Toronto Maple Leafs,EDM,3,2,REG
2017,2,2016020135,2016-11-01,Ottawa Senators,CAR,2,1,REG
2017,2,2016020139,2016-11-01,Chicago Blackhawks,CGY,5,1,REG
2017,2,2016020133,2016-11-01,Columbus Blue Jackets,DAL,3,2,REG
2017,2,2016020137,2016-11-01,Minnesota Wild,BUF,1,2,REG
2017,2,2016020131,2016-11-01,New York Islanders,TBL,1,6,REG
2017,2,2016020138,2016-11-01,Winnipeg Jets,WSH,2,3,REG
2017,2,2016020142,2016-11-01,Los Angeles Kings,ANA,0,4,REG
2017,2,2016020136,2016-11-01,Florida Panthers,BOS,1,2,REG
2017,2,2016020140,2016-11-01,Colorado Avalanche,NSH,1,5,REG
2017,2,2016020132,2016-11-01,New York Rangers,STL,5,0,REG
2017,2,2016020141,2016-11-01,Arizona Coyotes,SJS,3,2,REG
2017,2,2016020144,2016-11-02,Philadelphia Flyers,DET,4,3,REG
2017,2,2016020143,2016-11-02,Montréal Canadiens,VAN,3,0,REG
2017,2,2016020145,2016-11-02,Anaheim Ducks,PIT,1,5,REG
2017,2,2016020156,2016-11-03,Los Angeles Kings,PIT,3,2,REG
2017,2,2016020157,2016-11-03,San Jose Sharks,CGY,2,3,REG
2017,2,2016020148,2016-11-03,New York Rangers,EDM,5,3,REG
2017,2,2016020152,2016-11-03,Florida Panthers,NJD,4,3,REG
2017,2,2016020153,2016-11-03,Chicago Blackhawks,COL,4,0,REG
2017,2,2016020147,2016-11-03,New York Islanders,PHI,2,2,REG
2017,2,2016020154,2016-11-03,Dallas Stars,STL,6,2,REG
2017,2,2016020150,2016-11-03,Ottawa Senators,VAN,1,0,REG
2017,2,2016020151,2016-11-03,Tampa Bay Lightning,BOS,3,3,REG
2017,2,2016020149,2016-11-03,Washington Capitals,WPG,4,3,REG
2017,2,2016020146,2016-11-03,Buffalo Sabres,TOR,1,2,REG
2017,2,2016020159,2016-11-04,Detroit Red Wings,WPG,3,5,REG
2017,2,2016020160,2016-11-04,Anaheim Ducks,ARI,5,1,REG
2017,2,2016020158,2016-11-04,Columbus Blue Jackets,MTL,10,0,REG
2017,2,2016020163,2016-11-05,Toronto Maple Leafs,VAN,6,3,REG
2017,2,2016020164,2016-11-05,Montréal Canadiens,PHI,5,4,REG
2017,2,2016020169,2016-11-05,St. Louis Blues,CBJ,2,1,REG
2017,2,2016020162,2016-11-05,Boston Bruins,NYR,2,5,REG
2017,2,2016020161,2016-11-05,Colorado Avalanche,MIN,1,0,REG
2017,2,2016020166,2016-11-05,Tampa Bay Lightning,NJD,4,1,REG
2017,2,2016020171,2016-11-05,Dallas Stars,CHI,2,3,REG
2017,2,2016020172,2016-11-05,Los Angeles Kings,CGY,5,0,REG
2017,2,2016020170,2016-11-05,Nashville Predators,CAR,2,2,REG
2017,2,2016020168,2016-11-05,Washington Capitals,FLA,4,2,REG
2017,2,2016020165,2016-11-05,Ottawa Senators,BUF,1,2,REG
2017,2,2016020167,2016-11-05,New York Islanders,EDM,3,3,REG
2017,2,2016020173,2016-11-05,San Jose Sharks,PIT,0,5,REG
2017,2,2016020175,2016-11-06,St. Louis Blues,COL,5,1,REG
2017,2,2016020174,2016-11-06,Detroit Red Wings,EDM,1,2,REG
2017,2,2016020176,2016-11-06,Carolina Hurricanes,NJD,1,4,REG
2017,2,2016020179,2016-11-06,Anaheim Ducks,CGY,4,1,REG
2017,2,2016020177,2016-11-06,New York Rangers,WPG,5,2,REG
2017,2,2016020178,2016-11-06,Chicago Blackhawks,DAL,4,3,REG
2017,2,2016020182,2016-11-07,Florida Panthers,TBL,3,1,REG
2017,2,2016020180,2016-11-07,Boston Bruins,BUF,4,0,REG
2017,2,2016020181,2016-11-07,New York Islanders,VAN,4,2,REG
2017,2,2016020185,2016-11-08,Philadelphia Flyers,DET,2,2,REG
2017,2,2016020190,2016-11-08,Nashville Predators,OTT,3,1,REG
2017,2,2016020184,2016-11-08,New York Rangers,VAN,3,5,REG
2017,2,2016020188,2016-11-08,Toronto Maple Leafs,LAK,0,7,REG
2017,2,2016020191,2016-11-08,Winnipeg Jets,DAL,8,2,REG
2017,2,2016020189,2016-11-08,Montréal Canadiens,BOS,3,2,REG
2017,2,2016020183,2016-11-08,New Jersey Devils,CAR,2,2,REG
2017,2,2016020186,2016-11-08,Pittsburgh Penguins,EDM,4,3,REG
2017,2,2016020192,2016-11-08,Colorado Avalanche,ARI,2,4,REG
2017,2,2016020187,2016-11-08,Washington Capitals,SJS,0,3,REG
2017,2,2016020194,2016-11-09,Buffalo Sabres,OTT,1,1,REG
2017,2,2016020193,2016-11-09,Columbus Blue Jackets,ANA,3,2,REG
2017,2,2016020195,2016-11-09,St. Louis Blues,CHI,1,2,REG
2017,2,2016020204,2016-11-10,Calgary Flames,DAL,2,4,REG
2017,2,2016020196,2016-11-10,Boston Bruins,CBJ,5,2,REG
2017,2,2016020201,2016-11-10,Tampa Bay Lightning,NYI,4,1,REG
2017,2,2016020197,2016-11-10,Pittsburgh Penguins,MIN,2,4,REG
2017,2,2016020198,2016-11-10,Carolina Hurricanes,ANA,2,4,REG
2017,2,2016020205,2016-11-10,Arizona Coyotes,WPG,2,3,REG
2017,2,2016020199,2016-11-10,Montréal Canadiens,LAK,4,1,REG
2017,2,2016020209,2016-11-11,Chicago Blackhawks,WSH,2,3,REG
2017,2,2016020211,2016-11-11,Edmonton Oilers,DAL,2,3,REG
2017,2,2016020210,2016-11-11,Colorado Avalanche,WPG,3,2,REG
2017,2,2016020208,2016-11-11,Ottawa Senators,LAK,2,1,REG
2017,2,2016020206,2016-11-11,Buffalo Sabres,NJD,1,2,REG
2017,2,2016020207,2016-11-11,Toronto Maple Leafs,PHI,6,3,REG
2017,2,2016020220,2016-11-12,Nashville Predators,ANA,5,0,REG
2017,2,2016020213,2016-11-12,Tampa Bay Lightning,SJS,1,3,REG
2017,2,2016020216,2016-11-12,Philadelphia Flyers,MIN,3,2,REG
2017,2,2016020217,2016-11-12,Pittsburgh Penguins,TOR,4,1,REG
2017,2,2016020221,2016-11-12,Arizona Coyotes,BOS,1,2,REG
2017,2,2016020215,2016-11-12,New Jersey Devils,BUF,4,2,REG
2017,2,2016020214,2016-11-12,Florida Panthers,NYI,3,2,REG
2017,2,2016020212,2016-11-12,Montréal Canadiens,DET,5,0,REG
2017,2,2016020219,2016-11-12,Columbus Blue Jackets,STL,8,4,REG
2017,2,2016020222,2016-11-12,Calgary Flames,NYR,1,4,REG
2017,2,2016020218,2016-11-12,Carolina Hurricanes,WSH,5,1,REG
2017,2,2016020226,2016-11-13,Chicago Blackhawks,MTL,3,2,REG
2017,2,2016020223,2016-11-13,Winnipeg Jets,LAK,2,2,REG
2017,2,2016020224,2016-11-13,Vancouver Canucks,DAL,5,4,REG
2017,2,2016020225,2016-11-13,Ottawa Senators,MIN,1,2,REG
2017,2,2016020228,2016-11-13,Edmonton Oilers,NYR,1,3,REG
2017,2,2016020227,2016-11-13,Colorado Avalanche,BOS,0,2,REG
2017,2,2016020229,2016-11-14,New York Islanders,TBL,0,4,REG
2017,2,2016020239,2016-11-15,Dallas Stars,NJD,1,2,REG
2017,2,2016020236,2016-11-15,St. Louis Blues,BUF,4,1,REG
2017,2,2016020234,2016-11-15,Montréal Canadiens,FLA,3,4,REG
2017,2,2016020242,2016-11-15,Anaheim Ducks,EDM,4,1,REG
2017,2,2016020233,2016-11-15,Toronto Maple Leafs,NSH,6,2,REG
2017,2,2016020237,2016-11-15,Minnesota Wild,CGY,0,1,REG
2017,2,2016020230,2016-11-15,Philadelphia Flyers,OTT,2,2,REG
2017,2,2016020241,2016-11-15,Vancouver Canucks,NYR,2,7,REG
2017,2,2016020232,2016-11-15,Columbus Blue Jackets,WSH,2,1,REG
2017,2,2016020240,2016-11-15,Colorado Avalanche,LAK,4,1,REG
2017,2,2016020231,2016-11-15,Carolina Hurricanes,SJS,1,0,REG
2017,2,2016020238,2016-11-15,Winnipeg Jets,CHI,4,0,REG
2017,2,2016020235,2016-11-15,Detroit Red Wings,TBL,3,4,REG
2017,2,2016020244,2016-11-16,Calgary Flames,ARI,2,1,REG
2017,2,2016020243,2016-11-16,Washington Capitals,PIT,7,1,REG
2017,2,2016020249,2016-11-17,St. Louis Blues,SJS,3,2,REG
2017,2,2016020245,2016-11-17,Buffalo Sabres,TBL,1,4,REG
2017,2,2016020251,2016-11-17,Dallas Stars,COL,3,2,REG
2017,2,2016020250,2016-11-17,Minnesota Wild,BOS,1,0,REG
2017,2,2016020254,2016-11-17,Los Angeles Kings,EDM,4,2,REG
2017,2,2016020247,2016-11-17,Toronto Maple Leafs,FLA,6,1,REG
2017,2,2016020253,2016-11-17,Anaheim Ducks,NJD,3,2,REG
2017,2,2016020255,2016-11-18,New York Islanders,PIT,2,3,REG
2017,2,2016020259,2016-11-18,Calgary Flames,CHI,2,3,REG
2017,2,2016020256,2016-11-18,Washington Capitals,DET,1,0,REG
2017,2,2016020258,2016-11-18,Carolina Hurricanes,MTL,3,2,REG
2017,2,2016020257,2016-11-18,Columbus Blue Jackets,NYR,4,2,REG
2017,2,2016020266,2016-11-19,Dallas Stars,EDM,2,5,REG
2017,2,2016020265,2016-11-19,Ottawa Senators,FLA,1,4,REG
2017,2,2016020267,2016-11-19,St. Louis Blues,NSH,3,1,REG
2017,2,2016020268,2016-11-19,Minnesota Wild,COL,2,3,REG
2017,2,2016020262,2016-11-19,Boston Bruins,WPG,4,1,REG
2017,2,2016020260,2016-11-19,Philadelphia Flyers,TBL,0,3,REG
2017,2,2016020261,2016-11-19,Los Angeles Kings,NJD,4,2,REG
2017,2,2016020263,2016-11-19,Buffalo Sabres,PIT,1,1,REG
2017,2,2016020264,2016-11-19,Montréal Canadiens,TOR,2,1,REG
2017,2,2016020269,2016-11-19,Arizona Coyotes,SJS,3,2,REG
2017,2,2016020270,2016-11-19,Vancouver Canucks,CHI,3,4,REG
2017,2,2016020271,2016-11-20,Washington Capitals,CBJ,2,3,REG
2017,2,2016020273,2016-11-20,Carolina Hurricanes,WPG,3,1,REG
2017,2,2016020272,2016-11-20,New York Rangers,FLA,2,2,REG
2017,2,2016020275,2016-11-20,Anaheim Ducks,LAK,2,3,REG
2017,2,2016020274,2016-11-20,Detroit Red Wings,CGY,2,3,REG
2017,2,2016020281,2016-11-21,Edmonton Oilers,CHI,5,0,REG
2017,2,2016020280,2016-11-21,Dallas Stars,MIN,3,2,REG
2017,2,2016020278,2016-11-21,Columbus Blue Jackets,COL,2,3,REG
2017,2,2016020279,2016-11-21,Nashville Predators,TBL,3,1,REG
2017,2,2016020282,2016-11-21,San Jose Sharks,NJD,4,0,REG
2017,2,2016020277,2016-11-21,Pittsburgh Penguins,NYR,2,5,REG
2017,2,2016020276,2016-11-21,Buffalo Sabres,CGY,4,2,REG
2017,2,2016020285,2016-11-22,Montréal Canadiens,OTT,3,4,REG
2017,2,2016020283,2016-11-22,Boston Bruins,STL,2,4,REG
2017,2,2016020287,2016-11-22,Anaheim Ducks,NYI,2,2,REG
2017,2,2016020286,2016-11-22,Florida Panthers,PHI,1,3,REG
2017,2,2016020284,2016-11-22,Toronto Maple Leafs,CAR,1,2,REG
2017,2,2016020295,2016-11-23,Nashville Predators,DAL,5,2,REG
2017,2,2016020297,2016-11-23,Arizona Coyotes,VAN,1,4,REG
2017,2,2016020299,2016-11-23,San Jose Sharks,CHI,2,1,REG
2017,2,2016020293,2016-11-23,Minnesota Wild,WPG,3,1,REG
2017,2,2016020298,2016-11-23,Los Angeles Kings,NYI,4,2,REG
2017,2,2016020291,2016-11-23,Washington Capitals,STL,4,3,REG
2017,2,2016020288,2016-11-23,Buffalo Sabres,DET,1,1,REG
2017,2,2016020289,2016-11-23,New Jersey Devils,TOR,4,4,REG
2017,2,2016020294,2016-11-23,Tampa Bay Lightning,PHI,4,2,REG
2017,2,2016020290,2016-11-23,New York Rangers,PIT,1,6,REG
2017,2,2016020292,2016-11-23,Columbus Blue Jackets,CGY,0,2,REG
2017,2,2016020296,2016-11-23,Colorado Avalanche,EDM,3,6,REG
2017,2,2016020301,2016-11-24,Ottawa Senators,BOS,3,1,REG
2017,2,2016020303,2016-11-25,Minnesota Wild,PIT,6,2,REG
2017,2,2016020302,2016-11-25,Philadelphia Flyers,NYR,2,3,REG
2017,2,2016020306,2016-11-25,Washington Capitals,BUF,3,1,REG
2017,2,2016020311,2016-11-25,Dallas Stars,VAN,2,1,REG
2017,2,2016020307,2016-11-25,Nashville Predators,WPG,5,1,REG
2017,2,2016020304,2016-11-25,Anaheim Ducks,CHI,2,3,REG
2017,2,2016020305,2016-11-25,San Jose Sharks,NYI,3,2,REG
2017,2,2016020308,2016-11-25,Boston Bruins,CGY,1,2,REG
2017,2,2016020312,2016-11-25,Arizona Coyotes,EDM,2,2,REG
2017,2,2016020309,2016-11-25,Tampa Bay Lightning,CBJ,3,5,REG
2017,2,2016020310,2016-11-25,New Jersey Devils,DET,4,5,REG
2017,2,2016020318,2016-11-26,St. Louis Blues,MIN,3,3,REG
2017,2,2016020319,2016-11-26,Colorado Avalanche,VAN,2,2,REG
2017,2,2016020316,2016-11-26,Florida Panthers,CBJ,1,1,REG
2017,2,2016020320,2016-11-26,Los Angeles Kings,CHI,2,1,REG
2017,2,2016020317,2016-11-26,Pittsburgh Penguins,NJD,3,3,REG
2017,2,2016020313,2016-11-26,Toronto Maple Leafs,WSH,4,2,REG
2017,2,2016020321,2016-11-26,San Jose Sharks,ANA,2,3,REG
2017,2,2016020315,2016-11-26,Detroit Red Wings,MTL,1,2,REG
2017,2,2016020314,2016-11-26,Ottawa Senators,CAR,2,1,REG
2017,2,2016020327,2016-11-27,Philadelphia Flyers,CGY,5,3,REG
2017,2,2016020324,2016-11-27,Carolina Hurricanes,FLA,3,2,REG
2017,2,2016020322,2016-11-27,Boston Bruins,TBL,4,1,REG
2017,2,2016020325,2016-11-27,Winnipeg Jets,NSH,3,0,REG
2017,2,2016020323,2016-11-27,Edmonton Oilers,ARI,1,2,REG
2017,2,2016020326,2016-11-27,New York Rangers,OTT,0,2,REG
2017,2,2016020329,2016-11-28,St. Louis Blues,DAL,4,3,REG
2017,2,2016020328,2016-11-28,New York Islanders,CGY,2,1,REG
2017,2,2016020341,2016-11-29,San Jose Sharks,ARI,2,1,REG
2017,2,2016020334,2016-11-29,Detroit Red Wings,DAL,3,1,REG
2017,2,2016020331,2016-11-29,Philadelphia Flyers,BOS,2,2,REG
2017,2,2016020340,2016-11-29,Anaheim Ducks,MTL,2,1,REG
2017,2,2016020333,2016-11-29,Ottawa Senators,BUF,4,5,REG
2017,2,2016020336,2016-11-29,Chicago Blackhawks,FLA,1,1,REG
2017,2,2016020330,2016-11-29,New York Rangers,CAR,3,2,REG
2017,2,2016020337,2016-11-29,Colorado Avalanche,NSH,3,5,REG
2017,2,2016020339,2016-11-29,Vancouver Canucks,MIN,5,4,REG
2017,2,2016020332,2016-11-29,Columbus Blue Jackets,TBL,5,1,REG
2017,2,2016020338,2016-11-29,Edmonton Oilers,TOR,2,4,REG
2017,2,2016020335,2016-11-29,Winnipeg Jets,NJD,3,2,REG
2017,2,2016020343,2016-11-30,Calgary Flames,TOR,3,0,REG
2017,2,2016020342,2016-11-30,New York Islanders,PIT,5,3,REG
2017,2,2016020344,2016-11-30,Los Angeles Kings,SJS,1,4,REG
2017,2,2016020351,2016-12-01,St. Louis Blues,TBL,5,4,REG
2017,2,2016020356,2016-12-01,Vancouver Canucks,ANA,1,3,REG
2017,2,2016020355,2016-12-01,Arizona Coyotes,LAK,3,4,REG
2017,2,2016020350,2016-12-01,Detroit Red Wings,FLA,1,2,REG
2017,2,2016020345,2016-12-01,Boston Bruins,CAR,1,1,REG
2017,2,2016020347,2016-12-01,Pittsburgh Penguins,DAL,6,2,REG
2017,2,2016020353,2016-12-01,Chicago Blackhawks,NJD,4,3,REG
2017,2,2016020346,2016-12-01,Buffalo Sabres,NYR,4,3,REG
2017,2,2016020354,2016-12-01,Colorado Avalanche,CBJ,2,3,REG
2017,2,2016020349,2016-12-01,Ottawa Senators,PHI,2,3,REG
2017,2,2016020348,2016-12-01,Washington Capitals,NYI,0,3,REG
2017,2,2016020352,2016-12-01,Winnipeg Jets,EDM,3,6,REG
2017,2,2016020357,2016-12-02,Calgary Flames,MIN,2,2,REG
2017,2,2016020358,2016-12-02,San Jose Sharks,MTL,2,1,REG
2017,2,2016020369,2016-12-03,Colorado Avalanche,DAL,0,3,REG
2017,2,2016020364,2016-12-03,Tampa Bay Lightning,WSH,1,1,REG
2017,2,2016020361,2016-12-03,Philadelphia Flyers,CHI,3,1,REG
2017,2,2016020363,2016-12-03,Ottawa Senators,FLA,2,0,REG
2017,2,2016020359,2016-12-03,Buffalo Sabres,BOS,1,2,REG
2017,2,2016020370,2016-12-03,Edmonton Oilers,ANA,3,2,REG
2017,2,2016020366,2016-12-03,St. Louis Blues,WPG,2,3,REG
2017,2,2016020360,2016-12-03,New York Rangers,CAR,4,2,REG
2017,2,2016020368,2016-12-03,Arizona Coyotes,CBJ,2,2,REG
2017,2,2016020365,2016-12-03,Pittsburgh Penguins,DET,5,3,REG
2017,2,2016020367,2016-12-03,Vancouver Canucks,TOR,2,2,REG
2017,2,2016020362,2016-12-03,Nashville Predators,NJD,4,5,REG
2017,2,2016020372,2016-12-04,New York Islanders,DET,3,4,REG
2017,2,2016020377,2016-12-04,Los Angeles Kings,MTL,4,4,REG
2017,2,2016020374,2016-12-04,Chicago Blackhawks,WPG,1,2,REG
2017,2,2016020373,2016-12-04,Nashville Predators,PHI,2,4,REG
2017,2,2016020375,2016-12-04,Calgary Flames,ANA,8,3,REG
2017,2,2016020376,2016-12-04,Edmonton Oilers,MIN,1,2,REG
2017,2,2016020371,2016-12-04,Carolina Hurricanes,TBL,1,0,REG
2017,2,2016020380,2016-12-05,Washington Capitals,BUF,3,2,REG
2017,2,2016020379,2016-12-05,Pittsburgh Penguins,OTT,8,5,REG
2017,2,2016020378,2016-12-05,Boston Bruins,FLA,4,3,REG
2017,2,2016020381,2016-12-05,Columbus Blue Jackets,ARI,4,1,REG
2017,2,2016020386,2016-12-06,St. Louis Blues,MTL,3,2,REG
2017,2,2016020387,2016-12-06,Nashville Predators,COL,4,3,REG
2017,2,2016020390,2016-12-06,Dallas Stars,CGY,1,2,REG
2017,2,2016020382,2016-12-06,Buffalo Sabres,EDM,4,3,REG
2017,2,2016020385,2016-12-06,Philadelphia Flyers,FLA,3,2,REG
2017,2,2016020383,2016-12-06,New Jersey Devils,VAN,3,2,REG
2017,2,2016020384,2016-12-06,New York Islanders,NYR,4,2,REG
2017,2,2016020389,2016-12-06,Chicago Blackhawks,ARI,4,0,REG
2017,2,2016020388,2016-12-06,Winnipeg Jets,DET,3,3,REG
2017,2,2016020391,2016-12-07,Toronto Maple Leafs,MIN,2,3,REG
2017,2,2016020393,2016-12-07,Anaheim Ducks,CAR,5,5,REG
2017,2,2016020392,2016-12-07,Washington Capitals,BOS,4,3,REG
2017,2,2016020394,2016-12-07,San Jose Sharks,OTT,2,4,REG
2017,2,2016020395,2016-12-08,Boston Bruins,COL,2,4,REG
2017,2,2016020396,2016-12-08,New York Islanders,STL,3,2,REG
2017,2,2016020402,2016-12-08,Dallas Stars,NSH,5,2,REG
2017,2,2016020400,2016-12-08,Florida Panthers,PIT,1,5,REG
2017,2,2016020404,2016-12-08,Los Angeles Kings,CAR,1,3,REG
2017,2,2016020398,2016-12-08,Montréal Canadiens,NJD,5,2,REG
2017,2,2016020399,2016-12-08,Tampa Bay Lightning,VAN,1,5,REG
2017,2,2016020406,2016-12-09,Detroit Red Wings,CBJ,1,4,REG
2017,2,2016020409,2016-12-09,Chicago Blackhawks,NYR,0,1,REG
2017,2,2016020410,2016-12-09,Anaheim Ducks,SJS,3,2,REG
2017,2,2016020405,2016-12-09,Buffalo Sabres,WSH,1,4,REG
2017,2,2016020407,2016-12-09,New Jersey Devils,STL,1,4,REG
2017,2,2016020408,2016-12-09,Minnesota Wild,EDM,2,2,REG
2017,2,2016020418,2016-12-10,Arizona Coyotes,NSH,4,1,REG
2017,2,2016020413,2016-12-10,Boston Bruins,TOR,1,4,REG
2017,2,2016020412,2016-12-10,Los Angeles Kings,OTT,4,1,REG
2017,2,2016020416,2016-12-10,Florida Panthers,VAN,4,2,REG
2017,2,2016020415,2016-12-10,Tampa Bay Lightning,PIT,3,4,REG
2017,2,2016020411,2016-12-10,Philadelphia Flyers,DAL,4,2,REG
2017,2,2016020414,2016-12-10,Montréal Canadiens,COL,10,1,REG
2017,2,2016020419,2016-12-10,Calgary Flames,WPG,6,2,REG
2017,2,2016020420,2016-12-10,San Jose Sharks,CAR,4,3,REG
2017,2,2016020417,2016-12-10,Columbus Blue Jackets,NYI,6,2,REG
2017,2,2016020421,2016-12-11,Anaheim Ducks,OTT,5,1,REG
2017,2,2016020422,2016-12-11,Detroit Red Wings,PHI,0,1,REG
2017,2,2016020423,2016-12-11,Washington Capitals,VAN,3,0,REG
2017,2,2016020424,2016-12-11,Minnesota Wild,STL,3,1,REG
2017,2,2016020426,2016-12-11,New York Rangers,NJD,5,0,REG
2017,2,2016020428,2016-12-11,Edmonton Oilers,WPG,3,2,REG
2017,2,2016020425,2016-12-11,Toronto Maple Leafs,COL,1,3,REG
2017,2,2016020427,2016-12-11,Chicago Blackhawks,DAL,3,1,REG
2017,2,2016020429,2016-12-12,Pittsburgh Penguins,ARI,7,0,REG
2017,2,2016020430,2016-12-12,Montréal Canadiens,BOS,1,2,REG
2017,2,2016020436,2016-12-13,Detroit Red Wings,ARI,1,4,REG
2017,2,2016020432,2016-12-13,New York Islanders,WSH,2,4,REG
2017,2,2016020437,2016-12-13,Nashville Predators,STL,6,3,REG
2017,2,2016020440,2016-12-13,Edmonton Oilers,CBJ,1,3,REG
2017,2,2016020431,2016-12-13,Buffalo Sabres,LAK,6,3,REG
2017,2,2016020435,2016-12-13,Toronto Maple Leafs,SJS,2,2,REG
2017,2,2016020433,2016-12-13,New York Rangers,CHI,1,2,REG
2017,2,2016020439,2016-12-13,Dallas Stars,ANA,6,2,REG
2017,2,2016020434,2016-12-13,Carolina Hurricanes,VAN,8,6,REG
2017,2,2016020438,2016-12-13,Minnesota Wild,FLA,5,1,REG
2017,2,2016020441,2016-12-14,Ottawa Senators,SJS,3,3,REG
2017,2,2016020443,2016-12-14,Calgary Flames,TBL,3,6,REG
2017,2,2016020442,2016-12-14,Pittsburgh Penguins,BOS,4,3,REG
2017,2,2016020444,2016-12-14,Colorado Avalanche,PHI,3,4,REG
2017,2,2016020449,2016-12-15,St. Louis Blues,NJD,5,2,REG
2017,2,2016020450,2016-12-15,Nashville Predators,MIN,2,5,REG
2017,2,2016020452,2016-12-15,Dallas Stars,NYR,0,2,REG
2017,2,2016020446,2016-12-15,New York Islanders,CHI,4,5,REG
2017,2,2016020451,2016-12-15,Winnipeg Jets,FLA,3,3,REG
2017,2,2016020447,2016-12-15,Toronto Maple Leafs,ARI,2,2,REG
2017,2,2016020455,2016-12-16,Montréal Canadiens,SJS,2,4,REG
2017,2,2016020456,2016-12-16,Carolina Hurricanes,WSH,3,3,REG
2017,2,2016020458,2016-12-16,Calgary Flames,CBJ,1,4,REG
2017,2,2016020454,2016-12-16,Pittsburgh Penguins,LAK,0,1,REG
2017,2,2016020459,2016-12-16,Vancouver Canucks,TBL,4,2,REG
2017,2,2016020457,2016-12-16,Colorado Avalanche,FLA,1,3,REG
2017,2,2016020453,2016-12-16,Buffalo Sabres,NYI,3,2,REG
2017,2,2016020464,2016-12-17,Detroit Red Wings,ANA,6,4,REG
2017,2,2016020461,2016-12-17,Minnesota Wild,ARI,4,1,REG
2017,2,2016020463,2016-12-17,Ottawa Senators,NJD,3,1,REG
2017,2,2016020466,2016-12-17,Carolina Hurricanes,BUF,1,1,REG
2017,2,2016020462,2016-12-17,Toronto Maple Leafs,PIT,2,1,REG
2017,2,2016020469,2016-12-17,Edmonton Oilers,TBL,2,2,REG
2017,2,2016020465,2016-12-17,Washington Capitals,MTL,1,2,REG
2017,2,2016020467,2016-12-17,St. Louis Blues,CHI,4,6,REG
2017,2,2016020460,2016-12-17,Dallas Stars,PHI,3,1,REG
2017,2,2016020468,2016-12-17,Nashville Predators,NYR,1,1,REG
2017,2,2016020470,2016-12-18,Boston Bruins,LAK,1,0,REG
2017,2,2016020471,2016-12-18,Winnipeg Jets,COL,4,1,REG
2017,2,2016020472,2016-12-18,Vancouver Canucks,CBJ,3,4,REG
2017,2,2016020473,2016-12-18,New York Islanders,OTT,2,6,REG
2017,2,2016020475,2016-12-18,New York Rangers,NJD,2,2,REG
2017,2,2016020474,2016-12-18,Chicago Blackhawks,SJS,4,1,REG
2017,2,2016020479,2016-12-19,St. Louis Blues,EDM,2,3,REG
2017,2,2016020480,2016-12-19,Arizona Coyotes,CGY,2,4,REG
2017,2,2016020476,2016-12-19,Philadelphia Flyers,NSH,1,1,REG
2017,2,2016020478,2016-12-19,Toronto Maple Leafs,ANA,2,3,REG
2017,2,2016020481,2016-12-20,Boston Bruins,NYI,2,4,REG
2017,2,2016020489,2016-12-20,Chicago Blackhawks,OTT,3,4,REG
2017,2,2016020485,2016-12-20,Montréal Canadiens,ANA,5,1,REG
2017,2,2016020482,2016-12-20,New Jersey Devils,NSH,1,5,REG
2017,2,2016020491,2016-12-20,Vancouver Canucks,WPG,4,1,REG
2017,2,2016020492,2016-12-20,San Jose Sharks,CGY,4,1,REG
2017,2,2016020483,2016-12-20,Pittsburgh Penguins,NYR,7,2,REG
2017,2,2016020490,2016-12-20,Dallas Stars,STL,2,3,REG
2017,2,2016020487,2016-12-20,Florida Panthers,BUF,3,3,REG
2017,2,2016020486,2016-12-20,Tampa Bay Lightning,DET,4,1,REG
2017,2,2016020488,2016-12-20,Minnesota Wild,COL,2,0,REG
2017,2,2016020484,2016-12-20,Columbus Blue Jackets,LAK,2,2,REG
2017,2,2016020493,2016-12-21,Philadelphia Flyers,WSH,2,2,REG
2017,2,2016020494,2016-12-21,Arizona Coyotes,EDM,2,3,REG
2017,2,2016020498,2016-12-22,Montréal Canadiens,MIN,2,4,REG
2017,2,2016020502,2016-12-22,Nashville Predators,LAK,0,4,REG
2017,2,2016020503,2016-12-22,Colorado Avalanche,TOR,0,6,REG
2017,2,2016020501,2016-12-22,Florida Panthers,BOS,1,3,REG
2017,2,2016020495,2016-12-22,Buffalo Sabres,CAR,1,3,REG
2017,2,2016020499,2016-12-22,Ottawa Senators,ANA,2,1,REG
2017,2,2016020496,2016-12-22,New Jersey Devils,PHI,4,0,REG
2017,2,2016020500,2016-12-22,Tampa Bay Lightning,STL,5,2,REG
2017,2,2016020504,2016-12-22,Vancouver Canucks,WPG,1,4,REG
2017,2,2016020497,2016-12-22,Columbus Blue Jackets,PIT,7,1,REG
2017,2,2016020511,2016-12-23,Carolina Hurricanes,BOS,3,2,REG
2017,2,2016020506,2016-12-23,New York Rangers,MIN,4,7,REG
2017,2,2016020514,2016-12-23,Calgary Flames,VAN,4,1,REG
2017,2,2016020505,2016-12-23,New York Islanders,BUF,5,1,REG
2017,2,2016020507,2016-12-23,Pittsburgh Penguins,NJD,4,1,REG
2017,2,2016020515,2016-12-23,Arizona Coyotes,TOR,1,4,REG
2017,2,2016020509,2016-12-23,Columbus Blue Jackets,MTL,2,1,REG
2017,2,2016020510,2016-12-23,Florida Panthers,DET,3,3,REG
2017,2,2016020516,2016-12-23,San Jose Sharks,EDM,3,2,REG
2017,2,2016020512,2016-12-23,Chicago Blackhawks,COL,1,2,REG
2017,2,2016020508,2016-12-23,Washington Capitals,TBL,4,0,REG
2017,2,2016020513,2016-12-23,Dallas Stars,LAK,3,2,REG
2017,2,2016020526,2016-12-27,Anaheim Ducks,SJS,2,3,REG
2017,2,2016020523,2016-12-27,Chicago Blackhawks,WPG,1,3,REG
2017,2,2016020525,2016-12-27,Arizona Coyotes,DAL,2,3,REG
2017,2,2016020517,2016-12-27,New Jersey Devils,PIT,2,5,REG
2017,2,2016020524,2016-12-27,Colorado Avalanche,CGY,3,6,REG
2017,2,2016020520,2016-12-27,Columbus Blue Jackets,BOS,4,3,REG
2017,2,2016020518,2016-12-27,New York Islanders,WSH,4,3,REG
2017,2,2016020521,2016-12-27,Detroit Red Wings,BUF,3,4,REG
2017,2,2016020519,2016-12-27,New York Rangers,OTT,4,3,REG
2017,2,2016020522,2016-12-27,Nashville Predators,MIN,2,3,REG
2017,2,2016020528,2016-12-28,Pittsburgh Penguins,CAR,3,2,REG
2017,2,2016020529,2016-12-28,Tampa Bay Lightning,MTL,4,3,REG
2017,2,2016020527,2016-12-28,Florida Panthers,TOR,2,2,REG
2017,2,2016020530,2016-12-28,St. Louis Blues,PHI,6,3,REG
2017,2,2016020531,2016-12-28,Vancouver Canucks,LAK,2,1,REG
2017,2,2016020537,2016-12-29,Nashville Predators,CHI,2,3,REG
2017,2,2016020534,2016-12-29,Ottawa Senators,DET,2,3,REG
2017,2,2016020539,2016-12-29,Winnipeg Jets,CBJ,3,5,REG
2017,2,2016020543,2016-12-29,Arizona Coyotes,NYR,3,6,REG
2017,2,2016020540,2016-12-29,Dallas Stars,COL,4,2,REG
2017,2,2016020542,2016-12-29,Edmonton Oilers,LAK,3,1,REG
2017,2,2016020536,2016-12-29,Florida Panthers,MTL,2,3,REG
2017,2,2016020533,2016-12-29,Washington Capitals,NJD,1,1,REG
2017,2,2016020535,2016-12-29,Tampa Bay Lightning,TOR,2,3,REG
2017,2,2016020538,2016-12-29,Minnesota Wild,NYI,6,4,REG
2017,2,2016020532,2016-12-29,Buffalo Sabres,BOS,2,4,REG
2017,2,2016020541,2016-12-29,Calgary Flames,ANA,1,3,REG
2017,2,2016020546,2016-12-30,Vancouver Canucks,ANA,3,2,REG
2017,2,2016020545,2016-12-30,St. Louis Blues,NSH,0,4,REG
2017,2,2016020544,2016-12-30,Carolina Hurricanes,CHI,3,2,REG
2017,2,2016020547,2016-12-30,San Jose Sharks,PHI,2,0,REG
2017,2,2016020550,2016-12-31,Minnesota Wild,CBJ,2,4,REG
2017,2,2016020552,2016-12-31,Pittsburgh Penguins,MTL,4,3,REG
2017,2,2016020558,2016-12-31,Los Angeles Kings,SJS,3,2,REG
2017,2,2016020553,2016-12-31,Winnipeg Jets,NYI,2,6,REG
2017,2,2016020557,2016-12-31,Edmonton Oilers,VAN,2,2,REG
2017,2,2016020551,2016-12-31,Tampa Bay Lightning,CAR,3,1,REG
2017,2,2016020556,2016-12-31,Calgary Flames,ARI,4,2,REG
2017,2,2016020560,2017-01-01,Washington Capitals,OTT,2,1,REG
2017,2,2016020561,2017-01-01,Anaheim Ducks,PHI,3,3,REG
2017,2,2016020559,2017-01-01,Toronto Maple Leafs,DET,5,4,REG
2017,2,2016020563,2017-01-02,New Jersey Devils,BOS,3,0,REG
2017,2,2016020562,2017-01-02,St. Louis Blues,CHI,4,1,REG
2017,2,2016020564,2017-01-02,Vancouver Canucks,COL,3,2,REG
2017,2,2016020565,2017-01-03,New York Rangers,BUF,1,4,REG
2017,2,2016020570,2017-01-03,Nashville Predators,MTL,1,2,REG
2017,2,2016020571,2017-01-03,San Jose Sharks,LAK,1,2,REG
2017,2,2016020566,2017-01-03,Washington Capitals,TOR,6,5,REG
2017,2,2016020569,2017-01-03,Tampa Bay Lightning,WPG,4,6,REG
2017,2,2016020567,2017-01-03,Carolina Hurricanes,NJD,1,3,REG
2017,2,2016020568,2017-01-03,Columbus Blue Jackets,EDM,3,1,REG
2017,2,2016020572,2017-01-04,Florida Panthers,WPG,1,4,REG
2017,2,2016020575,2017-01-04,Calgary Flames,COL,4,1,REG
2017,2,2016020573,2017-01-04,Philadelphia Flyers,NYR,2,5,REG
2017,2,2016020576,2017-01-04,Vancouver Canucks,ARI,3,0,REG
2017,2,2016020577,2017-01-04,Anaheim Ducks,DET,2,0,REG
2017,2,2016020574,2017-01-04,Dallas Stars,MTL,3,4,REG
2017,2,2016020584,2017-01-05,San Jose Sharks,MIN,4,5,REG
2017,2,2016020581,2017-01-05,St. Louis Blues,CAR,2,4,REG
2017,2,2016020582,2017-01-05,Chicago Blackhawks,BUF,4,3,REG
2017,2,2016020579,2017-01-05,Washington Capitals,CBJ,5,0,REG
2017,2,2016020580,2017-01-05,Tampa Bay Lightning,NSH,1,6,REG
2017,2,2016020578,2017-01-05,Boston Bruins,EDM,3,4,REG
2017,2,2016020583,2017-01-05,Los Angeles Kings,DET,0,4,REG
2017,2,2016020587,2017-01-06,Chicago Blackhawks,CAR,2,1,REG
2017,2,2016020585,2017-01-06,Florida Panthers,NSH,2,1,REG
2017,2,2016020586,2017-01-06,New Jersey Devils,TOR,2,4,REG
2017,2,2016020589,2017-01-06,Vancouver Canucks,CGY,4,2,REG
2017,2,2016020588,2017-01-06,Colorado Avalanche,NYI,2,1,REG
2017,2,2016020590,2017-01-06,Anaheim Ducks,ARI,3,2,REG
2017,2,2016020597,2017-01-07,New Jersey Devils,EDM,1,2,REG
2017,2,2016020593,2017-01-07,Los Angeles Kings,MIN,4,3,REG
2017,2,2016020599,2017-01-07,St. Louis Blues,DAL,4,3,REG
2017,2,2016020598,2017-01-07,Columbus Blue Jackets,NYR,4,5,REG
2017,2,2016020594,2017-01-07,Toronto Maple Leafs,MTL,3,5,REG
2017,2,2016020592,2017-01-07,Philadelphia Flyers,TBL,4,2,REG
2017,2,2016020595,2017-01-07,Ottawa Senators,WSH,0,1,REG
2017,2,2016020591,2017-01-07,Buffalo Sabres,WPG,4,3,REG
2017,2,2016020596,2017-01-07,Florida Panthers,BOS,0,4,REG
2017,2,2016020600,2017-01-07,Arizona Coyotes,NYI,1,1,REG
2017,2,2016020602,2017-01-07,San Jose Sharks,DET,6,3,REG
2017,2,2016020601,2017-01-07,Calgary Flames,VAN,3,1,REG
2017,2,2016020605,2017-01-08,Columbus Blue Jackets,PHI,2,1,REG
2017,2,2016020608,2017-01-08,Anaheim Ducks,MIN,1,2,REG
2017,2,2016020606,2017-01-08,Ottawa Senators,EDM,5,3,REG
2017,2,2016020607,2017-01-08,Chicago Blackhawks,NSH,5,2,REG
2017,2,2016020603,2017-01-08,Pittsburgh Penguins,TBL,6,2,REG
2017,2,2016020604,2017-01-08,Carolina Hurricanes,BOS,4,3,REG
2017,2,2016020610,2017-01-09,Montréal Canadiens,WSH,1,4,REG
2017,2,2016020611,2017-01-09,Winnipeg Jets,CGY,2,0,REG
2017,2,2016020612,2017-01-09,Los Angeles Kings,DAL,4,6,REG
2017,2,2016020609,2017-01-09,New Jersey Devils,FLA,0,3,REG
2017,2,2016020617,2017-01-10,Chicago Blackhawks,DET,4,3,REG
2017,2,2016020616,2017-01-10,Nashville Predators,VAN,2,1,REG
2017,2,2016020613,2017-01-10,Buffalo Sabres,PHI,4,1,REG
2017,2,2016020618,2017-01-10,Edmonton Oilers,SJS,3,5,REG
2017,2,2016020614,2017-01-10,Carolina Hurricanes,CBJ,5,3,REG
2017,2,2016020615,2017-01-10,St. Louis Blues,BOS,3,5,REG
2017,2,2016020619,2017-01-10,Anaheim Ducks,DAL,2,0,REG
2017,2,2016020623,2017-01-11,Calgary Flames,SJS,3,2,REG
2017,2,2016020621,2017-01-11,Winnipeg Jets,MTL,4,7,REG
2017,2,2016020620,2017-01-11,New York Islanders,FLA,1,2,REG
2017,2,2016020622,2017-01-11,Washington Capitals,PIT,5,2,REG
2017,2,2016020628,2017-01-12,Minnesota Wild,MTL,7,1,REG
2017,2,2016020629,2017-01-12,Dallas Stars,DET,5,2,REG
2017,2,2016020625,2017-01-12,Ottawa Senators,PIT,4,1,REG
2017,2,2016020627,2017-01-12,Nashville Predators,BOS,2,1,REG
2017,2,2016020624,2017-01-12,Philadelphia Flyers,VAN,4,4,REG
2017,2,2016020632,2017-01-12,Los Angeles Kings,STL,5,1,REG
2017,2,2016020626,2017-01-12,Tampa Bay Lightning,BUF,4,2,REG
2017,2,2016020630,2017-01-12,Colorado Avalanche,ANA,1,4,REG
2017,2,2016020631,2017-01-12,Edmonton Oilers,NJD,3,2,REG
2017,2,2016020639,2017-01-13,Arizona Coyotes,WPG,4,3,REG
2017,2,2016020634,2017-01-13,Washington Capitals,CHI,6,0,REG
2017,2,2016020637,2017-01-13,Carolina Hurricanes,BUF,5,2,REG
2017,2,2016020636,2017-01-13,Florida Panthers,NYI,2,5,REG
2017,2,2016020633,2017-01-13,New York Rangers,TOR,2,4,REG
2017,2,2016020635,2017-01-13,Tampa Bay Lightning,CBJ,1,3,REG
2017,2,2016020638,2017-01-13,Calgary Flames,NJD,1,2,REG
2017,2,2016020645,2017-01-14,Florida Panthers,CBJ,4,3,REG
2017,2,2016020641,2017-01-14,Colorado Avalanche,NSH,2,3,REG
2017,2,2016020642,2017-01-14,Montréal Canadiens,NYR,5,4,REG
2017,2,2016020644,2017-01-14,Detroit Red Wings,PIT,6,3,REG
2017,2,2016020643,2017-01-14,Ottawa Senators,TOR,2,4,REG
2017,2,2016020650,2017-01-14,Los Angeles Kings,WPG,3,2,REG
2017,2,2016020640,2017-01-14,Boston Bruins,PHI,6,3,REG
2017,2,2016020651,2017-01-14,San Jose Sharks,STL,0,4,REG
2017,2,2016020649,2017-01-14,Edmonton Oilers,CGY,1,1,REG
2017,2,2016020646,2017-01-14,Carolina Hurricanes,NYI,7,4,REG
2017,2,2016020647,2017-01-14,Arizona Coyotes,ANA,0,3,REG
2017,2,2016020648,2017-01-14,Dallas Stars,MIN,4,5,REG
2017,2,2016020655,2017-01-15,Anaheim Ducks,STL,1,2,REG
2017,2,2016020654,2017-01-15,Vancouver Canucks,NJD,1,2,REG
2017,2,2016020653,2017-01-15,Chicago Blackhawks,MIN,2,3,REG
2017,2,2016020652,2017-01-15,Washington Capitals,PHI,5,0,REG
2017,2,2016020657,2017-01-16,Buffalo Sabres,DAL,4,1,REG
2017,2,2016020660,2017-01-16,San Jose Sharks,WPG,5,2,REG
2017,2,2016020658,2017-01-16,Detroit Red Wings,MTL,1,0,REG
2017,2,2016020659,2017-01-16,Los Angeles Kings,TBL,1,2,REG
2017,2,2016020661,2017-01-16,Pittsburgh Penguins,WSH,8,7,REG
2017,2,2016020662,2017-01-16,Edmonton Oilers,ARI,3,1,REG
2017,2,2016020656,2017-01-16,Boston Bruins,NYI,0,4,REG
2017,2,2016020668,2017-01-17,Colorado Avalanche,CHI,4,6,REG
2017,2,2016020664,2017-01-17,Columbus Blue Jackets,CAR,4,1,REG
2017,2,2016020670,2017-01-17,Vancouver Canucks,NSH,1,0,REG
2017,2,2016020671,2017-01-17,Anaheim Ducks,TBL,2,1,REG
2017,2,2016020663,2017-01-17,New York Rangers,DAL,6,7,REG
2017,2,2016020666,2017-01-17,St. Louis Blues,OTT,4,6,REG
2017,2,2016020667,2017-01-17,Minnesota Wild,NJD,3,4,REG
2017,2,2016020669,2017-01-17,Calgary Flames,FLA,5,2,REG
2017,2,2016020665,2017-01-17,Toronto Maple Leafs,BUF,4,3,REG
2017,2,2016020676,2017-01-18,Los Angeles Kings,SJS,2,3,REG
2017,2,2016020675,2017-01-18,Edmonton Oilers,FLA,4,3,REG
2017,2,2016020672,2017-01-18,Montréal Canadiens,PIT,1,4,REG
2017,2,2016020674,2017-01-18,Detroit Red Wings,BOS,5,5,REG
2017,2,2016020673,2017-01-18,Winnipeg Jets,ARI,6,3,REG
2017,2,2016020683,2017-01-19,Anaheim Ducks,COL,2,1,REG
2017,2,2016020678,2017-01-19,Columbus Blue Jackets,OTT,0,2,REG
2017,2,2016020677,2017-01-19,New York Islanders,DAL,3,0,REG
2017,2,2016020682,2017-01-19,Calgary Flames,NSH,3,4,REG
2017,2,2016020684,2017-01-19,San Jose Sharks,TBL,2,1,REG
2017,2,2016020679,2017-01-19,Toronto Maple Leafs,NYR,2,5,REG
2017,2,2016020681,2017-01-19,Minnesota Wild,ARI,4,3,REG
2017,2,2016020680,2017-01-19,St. Louis Blues,WSH,3,7,REG
2017,2,2016020687,2017-01-20,Carolina Hurricanes,PIT,1,7,REG
2017,2,2016020686,2017-01-20,Buffalo Sabres,DET,3,2,REG
2017,2,2016020690,2017-01-20,Vancouver Canucks,FLA,2,1,REG
2017,2,2016020689,2017-01-20,Edmonton Oilers,NSH,2,2,REG
2017,2,2016020688,2017-01-20,New Jersey Devils,MTL,1,3,REG
2017,2,2016020685,2017-01-20,Boston Bruins,CHI,0,1,REG
2017,2,2016020700,2017-01-21,Calgary Flames,EDM,3,7,REG
2017,2,2016020699,2017-01-21,Minnesota Wild,ANA,5,3,REG
2017,2,2016020695,2017-01-21,New York Islanders,LAK,4,2,REG
2017,2,2016020691,2017-01-21,Winnipeg Jets,STL,5,3,REG
2017,2,2016020701,2017-01-21,San Jose Sharks,COL,3,2,REG
2017,2,2016020693,2017-01-21,Toronto Maple Leafs,OTT,2,2,REG
2017,2,2016020692,2017-01-21,Columbus Blue Jackets,CAR,3,2,REG
2017,2,2016020696,2017-01-21,Philadelphia Flyers,NJD,1,4,REG
2017,2,2016020697,2017-01-21,Dallas Stars,WSH,3,4,REG
2017,2,2016020698,2017-01-21,Arizona Coyotes,TBL,5,3,REG
2017,2,2016020694,2017-01-21,Montréal Canadiens,BUF,2,3,REG
2017,2,2016020702,2017-01-22,Pittsburgh Penguins,BOS,5,1,REG
2017,2,2016020706,2017-01-22,Chicago Blackhawks,VAN,4,2,REG
2017,2,2016020704,2017-01-22,Ottawa Senators,CBJ,6,7,REG
2017,2,2016020707,2017-01-22,Minnesota Wild,NSH,2,4,REG
2017,2,2016020703,2017-01-22,Detroit Red Wings,NYR,0,1,REG
2017,2,2016020705,2017-01-22,New York Islanders,PHI,2,3,REG
2017,2,2016020711,2017-01-23,Winnipeg Jets,ANA,2,3,REG
2017,2,2016020708,2017-01-23,New York Rangers,LAK,3,2,REG
2017,2,2016020712,2017-01-23,Colorado Avalanche,SJS,2,5,REG
2017,2,2016020713,2017-01-23,Arizona Coyotes,FLA,3,2,REG
2017,2,2016020710,2017-01-23,Toronto Maple Leafs,CGY,4,0,REG
2017,2,2016020709,2017-01-23,Washington Capitals,CAR,6,1,REG
2017,2,2016020721,2017-01-24,Winnipeg Jets,SJS,3,4,REG
2017,2,2016020717,2017-01-24,Pittsburgh Penguins,STL,0,3,REG
2017,2,2016020720,2017-01-24,Nashville Predators,BUF,4,5,REG
2017,2,2016020718,2017-01-24,Montréal Canadiens,CGY,5,1,REG
2017,2,2016020716,2017-01-24,New York Islanders,CBJ,4,2,REG
2017,2,2016020722,2017-01-24,Chicago Blackhawks,TBL,2,5,REG
2017,2,2016020714,2017-01-24,Boston Bruins,DET,4,3,REG
2017,2,2016020723,2017-01-24,Dallas Stars,MIN,2,2,REG
2017,2,2016020719,2017-01-24,Ottawa Senators,WSH,3,0,REG
2017,2,2016020715,2017-01-24,New Jersey Devils,LAK,1,3,REG
2017,2,2016020725,2017-01-25,New York Rangers,PHI,0,2,REG
2017,2,2016020727,2017-01-25,Anaheim Ducks,EDM,0,4,REG
2017,2,2016020726,2017-01-25,Colorado Avalanche,VAN,2,3,REG
2017,2,2016020724,2017-01-25,Detroit Red Wings,TOR,0,4,REG
2017,2,2016020738,2017-01-26,Dallas Stars,BUF,4,3,REG
2017,2,2016020734,2017-01-26,Florida Panthers,TBL,2,1,REG
2017,2,2016020728,2017-01-26,Boston Bruins,PIT,4,3,REG
2017,2,2016020737,2017-01-26,Chicago Blackhawks,WPG,3,5,REG
2017,2,2016020730,2017-01-26,New York Islanders,MTL,3,1,REG
2017,2,2016020729,2017-01-26,New Jersey Devils,WSH,2,5,REG
2017,2,2016020731,2017-01-26,Philadelphia Flyers,TOR,2,1,REG
2017,2,2016020739,2017-01-26,Arizona Coyotes,VAN,3,0,REG
2017,2,2016020736,2017-01-26,Minnesota Wild,STL,5,1,REG
2017,2,2016020735,2017-01-26,Nashville Predators,CBJ,4,3,REG
2017,2,2016020733,2017-01-26,Ottawa Senators,CGY,2,3,REG
2017,2,2016020732,2017-01-26,Carolina Hurricanes,LAK,0,3,REG
2017,2,2016020740,2017-01-26,San Jose Sharks,EDM,1,4,REG
2017,2,2016020742,2017-01-31,New York Rangers,CBJ,4,6,REG
2017,2,2016020753,2017-01-31,Anaheim Ducks,COL,5,1,REG
2017,2,2016020749,2017-01-31,St. Louis Blues,WPG,3,5,REG
2017,2,2016020754,2017-01-31,San Jose Sharks,CHI,3,1,REG
2017,2,2016020741,2017-01-31,New York Islanders,WSH,3,2,REG
2017,2,2016020748,2017-01-31,Florida Panthers,OTT,6,5,REG
2017,2,2016020743,2017-01-31,Pittsburgh Penguins,NSH,4,2,REG
2017,2,2016020746,2017-01-31,Detroit Red Wings,NJD,3,4,REG
2017,2,2016020752,2017-01-31,Arizona Coyotes,LAK,2,3,REG
2017,2,2016020747,2017-01-31,Tampa Bay Lightning,BOS,3,4,REG
2017,2,2016020751,2017-01-31,Edmonton Oilers,MIN,2,5,REG
2017,2,2016020750,2017-01-31,Dallas Stars,TOR,6,3,REG
2017,2,2016020757,2017-02-01,Los Angeles Kings,COL,5,0,REG
2017,2,2016020756,2017-02-01,Calgary Flames,MIN,5,1,REG
2017,2,2016020755,2017-02-01,Washington Capitals,BOS,5,3,REG
2017,2,2016020762,2017-02-02,Nashville Predators,EDM,2,0,REG
2017,2,2016020763,2017-02-02,Dallas Stars,WPG,3,4,REG
2017,2,2016020764,2017-02-02,Arizona Coyotes,CHI,3,4,REG
2017,2,2016020759,2017-02-02,Philadelphia Flyers,MTL,3,1,REG
2017,2,2016020765,2017-02-02,Vancouver Canucks,SJS,1,4,REG
2017,2,2016020761,2017-02-02,St. Louis Blues,TOR,5,1,REG
2017,2,2016020760,2017-02-02,Tampa Bay Lightning,OTT,2,5,REG
2017,2,2016020758,2017-02-02,Buffalo Sabres,NYR,1,2,REG
2017,2,2016020768,2017-02-03,Florida Panthers,ANA,2,1,REG
2017,2,2016020770,2017-02-03,Carolina Hurricanes,EDM,2,1,REG
2017,2,2016020767,2017-02-03,Detroit Red Wings,NYI,5,4,REG
2017,2,2016020766,2017-02-03,Pittsburgh Penguins,CBJ,4,3,REG
2017,2,2016020769,2017-02-03,New Jersey Devils,CGY,3,4,REG
2017,2,2016020771,2017-02-04,Montréal Canadiens,WSH,2,3,REG
2017,2,2016020782,2017-02-04,Vancouver Canucks,MIN,3,6,REG
2017,2,2016020772,2017-02-04,Philadelphia Flyers,LAK,0,1,REG
2017,2,2016020781,2017-02-04,Dallas Stars,CHI,3,5,REG
2017,2,2016020774,2017-02-04,Boston Bruins,TOR,5,6,REG
2017,2,2016020773,2017-02-04,Colorado Avalanche,WPG,5,2,REG
2017,2,2016020783,2017-02-04,San Jose Sharks,ARI,2,2,REG
2017,2,2016020776,2017-02-04,Tampa Bay Lightning,ANA,2,2,REG
2017,2,2016020778,2017-02-04,Columbus Blue Jackets,NJD,1,5,REG
2017,2,2016020780,2017-02-04,Nashville Predators,DET,0,1,REG
2017,2,2016020779,2017-02-04,St. Louis Blues,PIT,1,4,REG
2017,2,2016020777,2017-02-04,New York Islanders,CAR,4,5,REG
2017,2,2016020775,2017-02-04,Buffalo Sabres,OTT,4,0,REG
2017,2,2016020786,2017-02-05,New York Rangers,CGY,4,3,REG
2017,2,2016020785,2017-02-05,Montréal Canadiens,EDM,0,0,REG
2017,2,2016020784,2017-02-05,Washington Capitals,LAK,5,0,REG
2017,2,2016020789,2017-02-06,Philadelphia Flyers,STL,0,2,REG
2017,2,2016020788,2017-02-06,New York Islanders,TOR,6,5,REG
2017,2,2016020787,2017-02-06,New Jersey Devils,BUF,2,1,REG
2017,2,2016020792,2017-02-07,Pittsburgh Penguins,CGY,2,2,REG
2017,2,2016020793,2017-02-07,Washington Capitals,CAR,5,0,REG
2017,2,2016020798,2017-02-07,Nashville Predators,VAN,4,2,REG
2017,2,2016020790,2017-02-07,Buffalo Sabres,SJS,5,4,REG
2017,2,2016020800,2017-02-07,Colorado Avalanche,MTL,4,0,REG
2017,2,2016020794,2017-02-07,Toronto Maple Leafs,DAL,3,1,REG
2017,2,2016020791,2017-02-07,New York Rangers,ANA,4,1,REG
2017,2,2016020795,2017-02-07,Ottawa Senators,STL,0,6,REG
2017,2,2016020796,2017-02-07,Detroit Red Wings,CBJ,2,3,REG
2017,2,2016020799,2017-02-07,Winnipeg Jets,MIN,2,4,REG
2017,2,2016020797,2017-02-07,Tampa Bay Lightning,LAK,5,0,REG
2017,2,2016020801,2017-02-08,Minnesota Wild,CHI,3,4,REG
2017,2,2016020802,2017-02-09,Boston Bruins,SJS,6,3,REG
2017,2,2016020805,2017-02-09,Philadelphia Flyers,NYI,1,3,REG
2017,2,2016020811,2017-02-09,Colorado Avalanche,PIT,1,4,REG
2017,2,2016020807,2017-02-09,Columbus Blue Jackets,VAN,0,3,REG
2017,2,2016020809,2017-02-09,Ottawa Senators,DAL,3,2,REG
2017,2,2016020806,2017-02-09,Washington Capitals,DET,6,3,REG
2017,2,2016020808,2017-02-09,Toronto Maple Leafs,STL,1,2,REG
2017,2,2016020803,2017-02-09,Buffalo Sabres,ANA,2,5,REG
2017,2,2016020812,2017-02-09,Arizona Coyotes,MTL,4,5,REG
2017,2,2016020810,2017-02-09,Florida Panthers,LAK,3,6,REG
2017,2,2016020804,2017-02-09,New York Rangers,NSH,4,3,REG
2017,2,2016020814,2017-02-10,Winnipeg Jets,CHI,2,5,REG
2017,2,2016020813,2017-02-10,Minnesota Wild,TBL,1,1,REG
2017,2,2016020821,2017-02-11,Toronto Maple Leafs,BUF,1,3,REG
2017,2,2016020820,2017-02-11,Columbus Blue Jackets,DET,2,1,REG
2017,2,2016020817,2017-02-11,Philadelphia Flyers,SJS,2,1,REG
2017,2,2016020822,2017-02-11,Montréal Canadiens,STL,2,4,REG
2017,2,2016020815,2017-02-11,Boston Bruins,VAN,4,3,REG
2017,2,2016020827,2017-02-11,Edmonton Oilers,CHI,1,5,REG
2017,2,2016020825,2017-02-11,Winnipeg Jets,TBL,1,4,REG
2017,2,2016020824,2017-02-11,Washington Capitals,ANA,6,4,REG
2017,2,2016020818,2017-02-11,Nashville Predators,FLA,4,7,REG
2017,2,2016020823,2017-02-11,New York Rangers,COL,4,2,REG
2017,2,2016020826,2017-02-11,Arizona Coyotes,PIT,4,3,REG
2017,2,2016020819,2017-02-11,Dallas Stars,CAR,5,2,REG
2017,2,2016020816,2017-02-11,Ottawa Senators,NYI,3,0,REG
2017,2,2016020831,2017-02-12,Nashville Predators,DAL,5,3,REG
2017,2,2016020832,2017-02-12,Boston Bruins,MTL,4,0,REG
2017,2,2016020830,2017-02-12,New York Islanders,COL,5,1,REG
2017,2,2016020833,2017-02-12,Buffalo Sabres,VAN,2,4,REG
2017,2,2016020828,2017-02-12,New Jersey Devils,SJS,1,4,REG
2017,2,2016020829,2017-02-12,Minnesota Wild,DET,6,3,REG
2017,2,2016020834,2017-02-13,Columbus Blue Jackets,NYR,2,3,REG
2017,2,2016020835,2017-02-13,Calgary Flames,ARI,0,5,REG
2017,2,2016020838,2017-02-14,Toronto Maple Leafs,NYI,7,1,REG
2017,2,2016020839,2017-02-14,Ottawa Senators,BUF,2,3,REG
2017,2,2016020840,2017-02-14,Minnesota Wild,ANA,0,1,REG
2017,2,2016020841,2017-02-14,Winnipeg Jets,DAL,5,2,REG
2017,2,2016020842,2017-02-14,Edmonton Oilers,ARI,5,2,REG
2017,2,2016020837,2017-02-14,Pittsburgh Penguins,VAN,4,0,REG
2017,2,2016020836,2017-02-14,New Jersey Devils,COL,3,2,REG
2017,2,2016020846,2017-02-15,San Jose Sharks,FLA,5,6,REG
2017,2,2016020843,2017-02-15,Columbus Blue Jackets,TOR,5,2,REG
2017,2,2016020844,2017-02-15,Detroit Red Wings,STL,0,2,REG
2017,2,2016020845,2017-02-15,Calgary Flames,PHI,3,1,REG
2017,2,2016020850,2017-02-16,Pittsburgh Penguins,WPG,4,3,REG
2017,2,2016020852,2017-02-16,Minnesota Wild,DAL,3,1,REG
2017,2,2016020853,2017-02-16,Edmonton Oilers,PHI,6,3,REG
2017,2,2016020847,2017-02-16,Buffalo Sabres,COL,2,0,REG
2017,2,2016020849,2017-02-16,New York Islanders,NYR,4,2,REG
2017,2,2016020856,2017-02-17,Carolina Hurricanes,COL,1,2,REG
2017,2,2016020855,2017-02-17,Columbus Blue Jackets,PIT,2,1,REG
2017,2,2016020857,2017-02-17,Anaheim Ducks,FLA,1,4,REG
2017,2,2016020858,2017-02-18,Buffalo Sabres,STL,3,2,REG
2017,2,2016020866,2017-02-18,Arizona Coyotes,SJS,1,4,REG
2017,2,2016020863,2017-02-18,Chicago Blackhawks,EDM,1,3,REG
2017,2,2016020868,2017-02-18,Los Angeles Kings,FLA,2,3,REG
2017,2,2016020867,2017-02-18,Vancouver Canucks,CGY,2,1,REG
2017,2,2016020865,2017-02-18,Minnesota Wild,NSH,5,2,REG
2017,2,2016020861,2017-02-18,Toronto Maple Leafs,OTT,3,6,REG
2017,2,2016020859,2017-02-18,Montréal Canadiens,WPG,1,3,REG
2017,2,2016020862,2017-02-18,New Jersey Devils,NYI,3,2,REG
2017,2,2016020860,2017-02-18,Detroit Red Wings,WSH,2,2,REG
2017,2,2016020864,2017-02-18,Dallas Stars,TBL,4,3,REG
2017,2,2016020878,2017-02-19,Anaheim Ducks,LAK,1,0,REG
2017,2,2016020870,2017-02-19,Pittsburgh Penguins,DET,2,5,REG
2017,2,2016020871,2017-02-19,Ottawa Senators,WPG,2,3,REG
2017,2,2016020869,2017-02-19,New York Rangers,WSH,2,1,REG
2017,2,2016020877,2017-02-19,San Jose Sharks,BOS,1,2,REG
2017,2,2016020876,2017-02-19,Colorado Avalanche,TBL,2,3,REG
2017,2,2016020874,2017-02-19,Columbus Blue Jackets,NSH,3,4,REG
2017,2,2016020879,2017-02-19,Vancouver Canucks,PHI,2,3,REG
2017,2,2016020873,2017-02-19,New York Islanders,NJD,6,4,REG
2017,2,2016020875,2017-02-19,Carolina Hurricanes,TOR,0,4,REG
2017,2,2016020872,2017-02-19,Buffalo Sabres,CHI,1,5,REG
2017,2,2016020880,2017-02-20,St. Louis Blues,FLA,1,2,REG
2017,2,2016020881,2017-02-20,Arizona Coyotes,ANA,3,2,REG
2017,2,2016020885,2017-02-21,Toronto Maple Leafs,WPG,5,4,REG
2017,2,2016020882,2017-02-21,New Jersey Devils,OTT,1,2,REG
2017,2,2016020883,2017-02-21,New York Rangers,MTL,2,2,REG
2017,2,2016020887,2017-02-21,Tampa Bay Lightning,EDM,4,1,REG
2017,2,2016020890,2017-02-21,Colorado Avalanche,LAK,1,2,REG
2017,2,2016020886,2017-02-21,Detroit Red Wings,NYI,1,3,REG
2017,2,2016020888,2017-02-21,Nashville Predators,CGY,5,6,REG
2017,2,2016020889,2017-02-21,Minnesota Wild,CHI,3,5,REG
2017,2,2016020884,2017-02-21,Carolina Hurricanes,PIT,1,3,REG
2017,2,2016020891,2017-02-22,Florida Panthers,EDM,3,4,REG
2017,2,2016020893,2017-02-22,Anaheim Ducks,BOS,5,3,REG
2017,2,2016020892,2017-02-22,Philadelphia Flyers,WSH,1,4,REG
2017,2,2016020895,2017-02-23,Montréal Canadiens,NYI,0,3,REG
2017,2,2016020897,2017-02-23,Nashville Predators,COL,4,2,REG
2017,2,2016020894,2017-02-23,Toronto Maple Leafs,NYR,1,1,REG
2017,2,2016020898,2017-02-23,Chicago Blackhawks,ARI,6,3,REG
2017,2,2016020896,2017-02-23,Tampa Bay Lightning,CGY,2,3,REG
2017,2,2016020899,2017-02-23,Los Angeles Kings,BOS,1,4,REG
2017,2,2016020901,2017-02-24,Florida Panthers,CGY,2,4,REG
2017,2,2016020902,2017-02-24,Carolina Hurricanes,OTT,3,0,REG
2017,2,2016020900,2017-02-24,Washington Capitals,EDM,2,1,REG
2017,2,2016020903,2017-02-24,Dallas Stars,ARI,5,2,REG
2017,2,2016020905,2017-02-25,New Jersey Devils,NYR,3,4,REG
2017,2,2016020908,2017-02-25,Pittsburgh Penguins,PHI,4,2,REG
2017,2,2016020910,2017-02-25,Colorado Avalanche,BUF,5,3,REG
2017,2,2016020907,2017-02-25,Toronto Maple Leafs,MTL,2,3,REG
2017,2,2016020904,2017-02-25,Los Angeles Kings,ANA,4,1,REG
2017,2,2016020909,2017-02-25,Columbus Blue Jackets,NYI,7,0,REG
2017,2,2016020911,2017-02-25,Vancouver Canucks,SJS,1,4,REG
2017,2,2016020906,2017-02-25,Nashville Predators,WSH,5,2,REG
2017,2,2016020912,2017-02-26,Dallas Stars,BOS,3,6,REG
2017,2,2016020913,2017-02-26,Carolina Hurricanes,CGY,1,3,REG
2017,2,2016020915,2017-02-26,Nashville Predators,EDM,5,4,REG
2017,2,2016020917,2017-02-26,Chicago Blackhawks,STL,4,2,REG
2017,2,2016020916,2017-02-26,Florida Panthers,OTT,1,2,REG
2017,2,2016020914,2017-02-26,New York Rangers,CBJ,2,5,REG
2017,2,2016020918,2017-02-26,Arizona Coyotes,BUF,3,2,REG
2017,2,2016020921,2017-02-27,Minnesota Wild,LAK,5,4,REG
2017,2,2016020920,2017-02-27,Tampa Bay Lightning,OTT,5,1,REG
2017,2,2016020919,2017-02-27,New Jersey Devils,MTL,3,4,REG
2017,2,2016020922,2017-02-28,Boston Bruins,ARI,4,1,REG
2017,2,2016020924,2017-02-28,New York Rangers,WSH,1,4,REG
2017,2,2016020929,2017-02-28,Winnipeg Jets,MIN,5,6,REG
2017,2,2016020933,2017-02-28,San Jose Sharks,TOR,3,1,REG
2017,2,2016020931,2017-02-28,Calgary Flames,LAK,2,1,REG
2017,2,2016020930,2017-02-28,Dallas Stars,PIT,3,2,REG
2017,2,2016020927,2017-02-28,Florida Panthers,CAR,2,2,REG
2017,2,2016020925,2017-02-28,Philadelphia Flyers,COL,4,0,REG
2017,2,2016020923,2017-02-28,Buffalo Sabres,NSH,4,5,REG
2017,2,2016020932,2017-02-28,Vancouver Canucks,DET,2,3,REG
2017,2,2016020928,2017-02-28,St. Louis Blues,EDM,1,2,REG
2017,2,2016020926,2017-02-28,Montréal Canadiens,CBJ,1,0,REG
2017,2,2016020934,2017-03-01,Tampa Bay Lightning,CAR,4,3,REG
2017,2,2016020935,2017-03-01,Chicago Blackhawks,PIT,4,1,REG
2017,2,2016020942,2017-03-02,Ottawa Senators,COL,2,1,REG
2017,2,2016020945,2017-03-02,San Jose Sharks,VAN,3,1,REG
2017,2,2016020943,2017-03-02,Dallas Stars,NYI,4,5,REG
2017,2,2016020939,2017-03-02,Washington Capitals,NJD,1,0,REG
2017,2,2016020936,2017-03-02,Boston Bruins,NYR,1,2,REG
2017,2,2016020937,2017-03-02,Buffalo Sabres,ARI,6,3,REG
2017,2,2016020940,2017-03-02,Columbus Blue Jackets,MIN,1,0,REG
2017,2,2016020938,2017-03-02,Philadelphia Flyers,FLA,1,1,REG
2017,2,2016020941,2017-03-02,Montréal Canadiens,NSH,2,1,REG
2017,2,2016020944,2017-03-02,Los Angeles Kings,TOR,2,2,REG
2017,2,2016020947,2017-03-03,Carolina Hurricanes,ARI,2,4,REG
2017,2,2016020950,2017-03-03,Calgary Flames,DET,3,2,REG
2017,2,2016020949,2017-03-03,Chicago Blackhawks,NYI,1,1,REG
2017,2,2016020948,2017-03-03,Winnipeg Jets,STL,3,0,REG
2017,2,2016020951,2017-03-03,Anaheim Ducks,TOR,5,2,REG
2017,2,2016020946,2017-03-03,Pittsburgh Penguins,TBL,5,2,REG
2017,2,2016020956,2017-03-04,New York Rangers,MTL,1,4,REG
2017,2,2016020958,2017-03-04,Winnipeg Jets,COL,6,1,REG
2017,2,2016020952,2017-03-04,Boston Bruins,NJD,3,2,REG
2017,2,2016020960,2017-03-04,Edmonton Oilers,DET,4,3,REG
2017,2,2016020954,2017-03-04,Ottawa Senators,CBJ,3,2,REG
2017,2,2016020955,2017-03-04,Florida Panthers,DAL,1,2,REG
2017,2,2016020953,2017-03-04,Buffalo Sabres,TBL,1,1,REG
2017,2,2016020957,2017-03-04,Washington Capitals,PHI,2,1,REG
2017,2,2016020959,2017-03-04,Nashville Predators,CHI,3,5,REG
2017,2,2016020961,2017-03-04,Los Angeles Kings,VAN,3,4,REG
2017,2,2016020963,2017-03-05,New Jersey Devils,CBJ,0,3,REG
2017,2,2016020964,2017-03-05,Pittsburgh Penguins,BUF,4,3,REG
2017,2,2016020968,2017-03-05,Arizona Coyotes,CAR,1,2,REG
2017,2,2016020965,2017-03-05,Minnesota Wild,SJS,3,1,REG
2017,2,2016020967,2017-03-05,Anaheim Ducks,VAN,1,2,REG
2017,2,2016020962,2017-03-05,Calgary Flames,NYI,5,2,REG
2017,2,2016020966,2017-03-05,Colorado Avalanche,STL,0,3,REG
2017,2,2016020971,2017-03-06,Tampa Bay Lightning,NYR,0,1,REG
2017,2,2016020972,2017-03-06,Winnipeg Jets,SJS,2,3,REG
2017,2,2016020970,2017-03-06,Ottawa Senators,BOS,4,2,REG
2017,2,2016020969,2017-03-06,Washington Capitals,DAL,2,4,REG
2017,2,2016020976,2017-03-07,Florida Panthers,NYR,2,5,REG
2017,2,2016020975,2017-03-07,Toronto Maple Leafs,DET,3,2,REG
2017,2,2016020978,2017-03-07,Colorado Avalanche,CAR,3,1,REG
2017,2,2016020974,2017-03-07,Columbus Blue Jackets,NJD,2,0,REG
2017,2,2016020979,2017-03-07,Edmonton Oilers,NYI,1,4,REG
2017,2,2016020981,2017-03-07,Anaheim Ducks,NSH,3,3,REG
2017,2,2016020977,2017-03-07,Minnesota Wild,STL,1,2,REG
2017,2,2016020980,2017-03-07,Vancouver Canucks,MTL,1,2,REG
2017,2,2016020973,2017-03-07,Buffalo Sabres,PHI,3,6,REG
2017,2,2016020983,2017-03-08,Dallas Stars,OTT,2,5,REG
2017,2,2016020984,2017-03-08,Winnipeg Jets,PIT,4,7,REG
2017,2,2016020982,2017-03-08,Boston Bruins,DET,6,1,REG
2017,2,2016020988,2017-03-09,Chicago Blackhawks,ANA,0,1,REG
2017,2,2016020993,2017-03-09,Los Angeles Kings,NSH,3,2,REG
2017,2,2016020987,2017-03-09,Tampa Bay Lightning,MIN,4,1,REG
2017,2,2016020990,2017-03-09,Calgary Flames,MTL,5,0,REG
2017,2,2016020989,2017-03-09,Colorado Avalanche,NJD,3,2,REG
2017,2,2016020986,2017-03-09,Toronto Maple Leafs,PHI,4,2,REG
2017,2,2016020985,2017-03-09,Carolina Hurricanes,NYR,4,3,REG
2017,2,2016020991,2017-03-09,Arizona Coyotes,OTT,2,3,REG
2017,2,2016020994,2017-03-09,San Jose Sharks,WSH,4,2,REG
2017,2,2016020992,2017-03-09,Vancouver Canucks,NYI,3,4,REG
2017,2,2016020995,2017-03-10,Columbus Blue Jackets,BUF,4,3,REG
2017,2,2016020996,2017-03-10,Detroit Red Wings,CHI,4,2,REG
2017,2,2016020999,2017-03-10,Edmonton Oilers,PIT,2,2,REG
2017,2,2016020997,2017-03-10,Florida Panthers,MIN,4,7,REG
2017,2,2016020998,2017-03-10,St. Louis Blues,ANA,4,3,REG
2017,2,2016021003,2017-03-11,Tampa Bay Lightning,FLA,3,2,REG
2017,2,2016021006,2017-03-11,Colorado Avalanche,OTT,2,4,REG
2017,2,2016021000,2017-03-11,Boston Bruins,PHI,2,1,REG
2017,2,2016021001,2017-03-11,San Jose Sharks,NSH,1,3,REG
2017,2,2016021004,2017-03-11,Carolina Hurricanes,TOR,2,3,REG
2017,2,2016021005,2017-03-11,Winnipeg Jets,CGY,0,3,REG
2017,2,2016021008,2017-03-11,Arizona Coyotes,NJD,5,4,REG
2017,2,2016021007,2017-03-11,St. Louis Blues,NYI,4,3,REG
2017,2,2016021010,2017-03-11,Los Angeles Kings,WSH,4,2,REG
2017,2,2016021009,2017-03-11,Vancouver Canucks,PIT,0,3,REG
2017,2,2016021002,2017-03-11,Buffalo Sabres,CBJ,5,3,REG
2017,2,2016021013,2017-03-12,Edmonton Oilers,MTL,1,4,REG
2017,2,2016021011,2017-03-12,Detroit Red Wings,NYR,1,4,REG
2017,2,2016021014,2017-03-12,Anaheim Ducks,WSH,5,2,REG
2017,2,2016021012,2017-03-12,Chicago Blackhawks,MIN,4,2,REG
2017,2,2016021015,2017-03-12,San Jose Sharks,DAL,5,1,REG
2017,2,2016021019,2017-03-13,Nashville Predators,WPG,5,4,REG
2017,2,2016021016,2017-03-13,New York Islanders,CAR,4,8,REG
2017,2,2016021022,2017-03-13,Arizona Coyotes,COL,1,0,REG
2017,2,2016021017,2017-03-13,New York Rangers,TBL,2,3,REG
2017,2,2016021018,2017-03-13,Philadelphia Flyers,CBJ,3,5,REG
2017,2,2016021021,2017-03-13,Vancouver Canucks,BOS,3,6,REG
2017,2,2016021020,2017-03-13,Calgary Flames,PIT,3,3,REG
2017,2,2016021023,2017-03-13,Los Angeles Kings,STL,1,3,REG
2017,2,2016021028,2017-03-14,Ottawa Senators,TBL,1,2,REG
2017,2,2016021032,2017-03-14,San Jose Sharks,BUF,4,1,REG
2017,2,2016021025,2017-03-14,Washington Capitals,MIN,4,2,REG
2017,2,2016021031,2017-03-14,Los Angeles Kings,ARI,2,2,REG
2017,2,2016021029,2017-03-14,Florida Panthers,TOR,7,2,REG
2017,2,2016021026,2017-03-14,Carolina Hurricanes,NYI,2,3,REG
2017,2,2016021030,2017-03-14,Edmonton Oilers,DAL,7,1,REG
2017,2,2016021027,2017-03-14,Montréal Canadiens,CHI,2,4,REG
2017,2,2016021036,2017-03-15,Anaheim Ducks,STL,2,1,REG
2017,2,2016021034,2017-03-15,Calgary Flames,BOS,2,5,REG
2017,2,2016021035,2017-03-15,Colorado Avalanche,DET,3,1,REG
2017,2,2016021033,2017-03-15,Philadelphia Flyers,PIT,4,0,REG
2017,2,2016021048,2017-03-16,San Jose Sharks,STL,1,4,REG
2017,2,2016021047,2017-03-16,Los Angeles Kings,BUF,2,0,REG
2017,2,2016021042,2017-03-16,Ottawa Senators,CHI,1,2,REG
2017,2,2016021038,2017-03-16,New York Islanders,WPG,2,4,REG
2017,2,2016021046,2017-03-16,Arizona Coyotes,DET,4,4,REG
2017,2,2016021040,2017-03-16,Carolina Hurricanes,MIN,3,1,REG
2017,2,2016021043,2017-03-16,Tampa Bay Lightning,TOR,0,5,REG
2017,2,2016021045,2017-03-16,Vancouver Canucks,DAL,2,4,REG
2017,2,2016021037,2017-03-16,New Jersey Devils,PHI,6,2,REG
2017,2,2016021041,2017-03-16,Columbus Blue Jackets,FLA,2,1,REG
2017,2,2016021039,2017-03-16,Washington Capitals,NSH,1,2,REG
2017,2,2016021044,2017-03-16,Edmonton Oilers,BOS,7,4,REG
2017,2,2016021049,2017-03-17,New York Rangers,FLA,3,3,REG
2017,2,2016021050,2017-03-17,Pittsburgh Penguins,NJD,6,4,REG
2017,2,2016021052,2017-03-17,Anaheim Ducks,BUF,1,1,REG
2017,2,2016021051,2017-03-17,Calgary Flames,DAL,3,1,REG
2017,2,2016021061,2017-03-18,Edmonton Oilers,VAN,2,0,REG
2017,2,2016021053,2017-03-18,Detroit Red Wings,COL,5,1,REG
2017,2,2016021057,2017-03-18,Tampa Bay Lightning,WSH,3,5,REG
2017,2,2016021055,2017-03-18,Toronto Maple Leafs,CHI,1,2,REG
2017,2,2016021056,2017-03-18,Ottawa Senators,MTL,3,3,REG
2017,2,2016021059,2017-03-18,Minnesota Wild,NYR,2,3,REG
2017,2,2016021054,2017-03-18,New York Islanders,CBJ,2,3,REG
2017,2,2016021060,2017-03-18,Arizona Coyotes,STL,0,3,REG
2017,2,2016021062,2017-03-18,San Jose Sharks,ANA,1,2,REG
2017,2,2016021058,2017-03-18,Carolina Hurricanes,NSH,4,2,REG
2017,2,2016021067,2017-03-19,Chicago Blackhawks,COL,6,3,REG
2017,2,2016021064,2017-03-19,Pittsburgh Penguins,FLA,4,0,REG
2017,2,2016021065,2017-03-19,Winnipeg Jets,MIN,5,4,REG
2017,2,2016021068,2017-03-19,Montréal Canadiens,OTT,4,1,REG
2017,2,2016021063,2017-03-19,New Jersey Devils,CBJ,1,4,REG
2017,2,2016021069,2017-03-19,Calgary Flames,LAK,5,2,REG
2017,2,2016021066,2017-03-19,Philadelphia Flyers,CAR,4,3,REG
2017,2,2016021072,2017-03-20,Nashville Predators,ARI,3,1,REG
2017,2,2016021070,2017-03-20,Toronto Maple Leafs,BOS,4,2,REG
2017,2,2016021071,2017-03-20,Detroit Red Wings,BUF,1,2,REG
2017,2,2016021073,2017-03-20,Dallas Stars,SJS,1,0,REG
2017,2,2016021074,2017-03-20,Edmonton Oilers,LAK,2,0,REG
2017,2,2016021084,2017-03-21,Chicago Blackhawks,VAN,4,5,REG
2017,2,2016021078,2017-03-21,Washington Capitals,CGY,4,2,REG
2017,2,2016021079,2017-03-21,Montréal Canadiens,DET,1,2,REG
2017,2,2016021082,2017-03-21,Minnesota Wild,SJS,3,2,REG
2017,2,2016021075,2017-03-21,Boston Bruins,OTT,2,3,REG
2017,2,2016021081,2017-03-21,Florida Panthers,CAR,3,4,REG
2017,2,2016021077,2017-03-21,New Jersey Devils,NYR,3,2,REG
2017,2,2016021076,2017-03-21,Buffalo Sabres,PIT,1,3,REG
2017,2,2016021085,2017-03-21,Colorado Avalanche,STL,2,4,REG
2017,2,2016021080,2017-03-21,Tampa Bay Lightning,ARI,3,5,REG
2017,2,2016021083,2017-03-21,Winnipeg Jets,PHI,3,2,REG
2017,2,2016021086,2017-03-22,Columbus Blue Jackets,TOR,2,5,REG
2017,2,2016021088,2017-03-22,Anaheim Ducks,EDM,4,3,REG
2017,2,2016021087,2017-03-22,New York Rangers,NYI,2,3,REG
2017,2,2016021093,2017-03-23,Ottawa Senators,PIT,1,1,REG
2017,2,2016021099,2017-03-23,Colorado Avalanche,EDM,4,7,REG
2017,2,2016021100,2017-03-23,Los Angeles Kings,WPG,5,2,REG
2017,2,2016021098,2017-03-23,Chicago Blackhawks,DAL,2,2,REG
2017,2,2016021089,2017-03-23,Boston Bruins,TBL,3,6,REG
2017,2,2016021097,2017-03-23,Minnesota Wild,PHI,1,3,REG
2017,2,2016021090,2017-03-23,Washington Capitals,CBJ,1,1,REG
2017,2,2016021091,2017-03-23,Toronto Maple Leafs,NJD,4,2,REG
2017,2,2016021092,2017-03-23,Montréal Canadiens,CAR,1,4,REG
2017,2,2016021095,2017-03-23,St. Louis Blues,VAN,4,1,REG
2017,2,2016021096,2017-03-23,Nashville Predators,CGY,3,1,REG
2017,2,2016021094,2017-03-23,Florida Panthers,ARI,3,1,REG
2017,2,2016021104,2017-03-24,Anaheim Ducks,WPG,3,1,REG
2017,2,2016021101,2017-03-24,Pittsburgh Penguins,NYI,3,3,REG
2017,2,2016021102,2017-03-24,Detroit Red Wings,TBL,1,2,REG
2017,2,2016021103,2017-03-24,Dallas Stars,SJS,6,1,REG
2017,2,2016021107,2017-03-25,Buffalo Sabres,TOR,5,2,REG
2017,2,2016021109,2017-03-25,Florida Panthers,CHI,7,0,REG
2017,2,2016021106,2017-03-25,Minnesota Wild,VAN,2,4,REG
2017,2,2016021111,2017-03-25,New York Islanders,BOS,1,2,REG
2017,2,2016021105,2017-03-25,Columbus Blue Jackets,PHI,1,0,REG
2017,2,2016021112,2017-03-25,Washington Capitals,ARI,4,1,REG
2017,2,2016021116,2017-03-25,Los Angeles Kings,NYR,0,3,REG
2017,2,2016021113,2017-03-25,St. Louis Blues,CGY,2,3,REG
2017,2,2016021114,2017-03-25,Nashville Predators,SJS,7,2,REG
2017,2,2016021110,2017-03-25,New Jersey Devils,CAR,1,3,REG
2017,2,2016021108,2017-03-25,Montréal Canadiens,OTT,3,1,REG
2017,2,2016021115,2017-03-25,Edmonton Oilers,COL,4,1,REG
2017,2,2016021118,2017-03-26,New Jersey Devils,DAL,1,2,REG
2017,2,2016021117,2017-03-26,Pittsburgh Penguins,PHI,2,6,REG
2017,2,2016021120,2017-03-26,Winnipeg Jets,VAN,2,1,REG
2017,2,2016021119,2017-03-26,Detroit Red Wings,MIN,3,2,REG
2017,2,2016021121,2017-03-26,Anaheim Ducks,NYR,6,3,REG
2017,2,2016021124,2017-03-27,Tampa Bay Lightning,CHI,5,4,REG
2017,2,2016021123,2017-03-27,New York Islanders,NSH,1,3,REG
2017,2,2016021125,2017-03-27,St. Louis Blues,ARI,4,1,REG
2017,2,2016020477,2017-03-27,Carolina Hurricanes,DET,3,4,REG
2017,2,2016021122,2017-03-27,Buffalo Sabres,FLA,4,2,REG
2017,2,2016021126,2017-03-27,Calgary Flames,COL,4,2,REG
2017,2,2016021134,2017-03-28,Edmonton Oilers,LAK,2,1,REG
2017,2,2016021128,2017-03-28,Philadelphia Flyers,OTT,2,2,REG
2017,2,2016021135,2017-03-28,Vancouver Canucks,ANA,1,4,REG
2017,2,2016021136,2017-03-28,San Jose Sharks,NYR,5,4,REG
2017,2,2016021130,2017-03-28,Columbus Blue Jackets,BUF,3,1,REG
2017,2,2016021132,2017-03-28,Montréal Canadiens,DAL,4,1,REG
2017,2,2016021024,2017-03-28,New Jersey Devils,WPG,3,3,REG
2017,2,2016021127,2017-03-28,Boston Bruins,NSH,4,1,REG
2017,2,2016021129,2017-03-28,Carolina Hurricanes,DET,4,1,REG
2017,2,2016021133,2017-03-28,Minnesota Wild,WSH,4,5,REG
2017,2,2016021131,2017-03-28,Toronto Maple Leafs,FLA,3,2,REG
2017,2,2016021138,2017-03-29,Calgary Flames,LAK,1,4,REG
2017,2,2016021139,2017-03-29,Colorado Avalanche,WSH,3,5,REG
2017,2,2016021137,2017-03-29,Pittsburgh Penguins,CHI,1,5,REG
2017,2,2016021140,2017-03-29,Arizona Coyotes,STL,1,3,REG
2017,2,2016021145,2017-03-30,Tampa Bay Lightning,DET,5,3,REG
2017,2,2016021143,2017-03-30,Carolina Hurricanes,CBJ,2,1,REG
2017,2,2016021142,2017-03-30,Philadelphia Flyers,NYI,6,3,REG
2017,2,2016021144,2017-03-30,Montréal Canadiens,FLA,6,2,REG
2017,2,2016021148,2017-03-30,Winnipeg Jets,ANA,4,3,REG
2017,2,2016021141,2017-03-30,Boston Bruins,DAL,2,0,REG
2017,2,2016021147,2017-03-30,Minnesota Wild,OTT,5,1,REG
2017,2,2016021146,2017-03-30,Nashville Predators,TOR,1,3,REG
2017,2,2016021149,2017-03-30,Edmonton Oilers,SJS,3,2,REG
2017,2,2016021152,2017-03-31,Chicago Blackhawks,CBJ,3,1,REG
2017,2,2016021153,2017-03-31,Colorado Avalanche,STL,1,1,REG
2017,2,2016021150,2017-03-31,New York Rangers,PIT,3,3,REG
2017,2,2016021156,2017-03-31,Arizona Coyotes,WSH,6,3,REG
2017,2,2016021154,2017-03-31,Calgary Flames,SJS,5,2,REG
2017,2,2016021157,2017-04-01,Boston Bruins,FLA,5,2,REG
2017,2,2016021160,2017-04-01,Tampa Bay Lightning,MTL,1,2,REG
2017,2,2016021162,2017-04-01,Carolina Hurricanes,DAL,0,3,REG
2017,2,2016021158,2017-04-01,Nashville Predators,MIN,3,0,REG
2017,2,2016021163,2017-04-01,Winnipeg Jets,OTT,4,2,REG
2017,2,2016021164,2017-04-01,Edmonton Oilers,ANA,3,2,REG
2017,2,2016021159,2017-04-01,Detroit Red Wings,TOR,4,5,REG
2017,2,2016021161,2017-04-01,Philadelphia Flyers,NJD,3,0,REG
2017,2,2016021175,2017-04-02,Los Angeles Kings,ARI,1,2,REG
2017,2,2016021173,2017-04-02,New York Rangers,PHI,4,3,REG
2017,2,2016021171,2017-04-02,Minnesota Wild,COL,5,2,REG
2017,2,2016021169,2017-04-02,Columbus Blue Jackets,WSH,2,3,REG
2017,2,2016021170,2017-04-02,St. Louis Blues,NSH,4,1,REG
2017,2,2016021165,2017-04-02,Chicago Blackhawks,BOS,2,3,REG
2017,2,2016021174,2017-04-02,Calgary Flames,ANA,3,4,REG
2017,2,2016021168,2017-04-02,Tampa Bay Lightning,DAL,6,3,REG
2017,2,2016021167,2017-04-02,Pittsburgh Penguins,CAR,3,2,REG
2017,2,2016021166,2017-04-02,Buffalo Sabres,NYI,2,4,REG
2017,2,2016021172,2017-04-02,Vancouver Canucks,SJS,1,3,REG
2017,2,2016021176,2017-04-03,Buffalo Sabres,TOR,2,4,REG
2017,2,2016021177,2017-04-03,Detroit Red Wings,OTT,4,4,REG
2017,2,2016021178,2017-04-03,Florida Panthers,MTL,1,4,REG
2017,2,2016021181,2017-04-04,Pittsburgh Penguins,CBJ,4,1,REG
2017,2,2016021191,2017-04-04,San Jose Sharks,VAN,3,1,REG
2017,2,2016021185,2017-04-04,Nashville Predators,NYI,1,2,REG
2017,2,2016021189,2017-04-04,Anaheim Ducks,CGY,3,1,REG
2017,2,2016021184,2017-04-04,St. Louis Blues,WPG,2,5,REG
2017,2,2016021186,2017-04-04,Minnesota Wild,CAR,5,3,REG
2017,2,2016021183,2017-04-04,Ottawa Senators,DET,2,0,REG
2017,2,2016021182,2017-04-04,Toronto Maple Leafs,WSH,1,4,REG
2017,2,2016021188,2017-04-04,Colorado Avalanche,CHI,4,3,REG
2017,2,2016021187,2017-04-04,Dallas Stars,ARI,3,2,REG
2017,2,2016021190,2017-04-04,Los Angeles Kings,EDM,6,4,REG
2017,2,2016021180,2017-04-04,New Jersey Devils,PHI,1,0,REG
2017,2,2016021179,2017-04-04,Boston Bruins,TBL,4,0,REG
2017,2,2016021192,2017-04-05,Buffalo Sabres,MTL,2,1,REG
2017,2,2016021193,2017-04-05,Washington Capitals,NYR,2,0,REG
2017,2,2016021196,2017-04-06,Carolina Hurricanes,NYI,0,3,REG
2017,2,2016021194,2017-04-06,Boston Bruins,OTT,1,1,REG
2017,2,2016021200,2017-04-06,Dallas Stars,NSH,3,7,REG
2017,2,2016021205,2017-04-06,San Jose Sharks,EDM,2,4,REG
2017,2,2016021203,2017-04-06,Anaheim Ducks,CHI,4,0,REG
2017,2,2016021197,2017-04-06,Columbus Blue Jackets,WPG,4,5,REG
2017,2,2016021201,2017-04-06,Colorado Avalanche,MIN,3,4,REG
2017,2,2016021206,2017-04-07,Montréal Canadiens,TBL,2,4,REG
2017,2,2016021215,2017-04-08,Winnipeg Jets,NSH,2,1,REG
2017,2,2016021217,2017-04-08,Arizona Coyotes,MIN,1,3,REG
2017,2,2016021208,2017-04-08,Philadelphia Flyers,CBJ,4,2,REG
2017,2,2016021218,2017-04-08,Vancouver Canucks,EDM,2,3,REG
2017,2,2016021213,2017-04-08,Florida Panthers,BUF,3,0,REG
2017,2,2016021211,2017-04-08,Toronto Maple Leafs,PIT,5,3,REG
2017,2,2016021216,2017-04-08,Dallas Stars,COL,3,3,REG
2017,2,2016021214,2017-04-08,Carolina Hurricanes,STL,4,4,REG
2017,2,2016021212,2017-04-08,Detroit Red Wings,MTL,2,3,REG
2017,2,2016021210,2017-04-08,New Jersey Devils,NYI,2,4,REG
2017,2,2016021207,2017-04-08,Ottawa Senators,NYR,3,1,REG
2017,2,2016021219,2017-04-08,San Jose Sharks,CGY,3,1,REG
2017,2,2016021209,2017-04-08,Boston Bruins,WSH,1,3,REG
2017,2,2016021220,2017-04-08,Los Angeles Kings,CHI,3,2,REG
2017,2,2016021222,2017-04-09,Tampa Bay Lightning,BUF,4,2,REG
2017,2,2016021229,2017-04-09,Anaheim Ducks,LAK,4,3,REG
2017,2,2016021227,2017-04-09,Philadelphia Flyers,CAR,3,3,REG
2017,2,2016021223,2017-04-09,New York Islanders,OTT,4,2,REG
2017,2,2016021230,2017-04-09,Edmonton Oilers,VAN,5,2,REG
2017,2,2016021226,2017-04-09,New York Rangers,PIT,3,2,REG
2017,2,2016021228,2017-04-09,Washington Capitals,FLA,0,2,REG
2017,2,2016021225,2017-04-09,St. Louis Blues,COL,3,2,REG
2017,2,2016021224,2017-04-09,Toronto Maple Leafs,CBJ,2,3,REG
2017,2,2016021221,2017-04-09,Detroit Red Wings,NJD,4,1,REG
