"game_id","stint_start","stint_end","duration_sec","home_players","away_players","shots_home","shots_away","home_abbrev","away_abbrev"
"2025020007",579,589,10,"8475188;8477447;8478403;8478483;8478499","8471685;8474563;8475208;8476341;8477960",0,0,"VGK","LAK"
"2025020007",2060,2094,34,"8475188;8477447;8478403;8478483;8478499","8474563;8476341;8477960;8479998;8482124",0,0,"VGK","LAK"
"2025020009",2068,2092,24,"8477949;8479312;8480839;8481524;8483468","8476459;8478048;8478882;8479323;8482109",0,0,"BUF","NYR"
"2025020013",1620,1631,11,"8474578;8477465;8478452;8480980;8481481","8475314;8477950;8478009;8478445;8481014",0,0,"PIT","NYI"
"2025020013",1631,1644,13,"8471675;8474578;8476483;8477465;8478452","8475314;8477950;8478009;8478445;8481014",0,0,"PIT","NYI"
"2025020016",608,619,11,"8474564;8477424;8481056;8482111;8482768","8475745;8478460;8478500;8482660;8482982",0,0,"NSH","CBJ"
"2025020017",2094,2103,9,"8473604;8474679;8476331;8476945;8477504","8475168;8475794;8476902;8479979;8480036",0,0,"WPG","DAL"
"2025020017",2867,2887,20,"8473604;8476945;8477938;8478398;8480145","8475168;8475794;8476902;8479979;8480036",0,0,"WPG","DAL"
"2025020019",2964,2992,28,"8477967;8478498;8479425;8480012;8480800","8478397;8479402;8480028;8481068;8481692",0,0,"VAN","CGY"
"2025020025",3114,3148,34,"8475279;8475660;8477946;8481542;8482078","8475171;8476853;8476932;8477939;8479318",0,0,"DET","TOR"
"2025020025",3148,3149,1,"8475279;8475660;8477429;8481542;8482078","8475171;8476853;8476932;8477939;8479318",0,0,"DET","TOR"
"2025020025",3149,3151,2,"8475279;8475660;8477429;8477456;8481542","8475171;8476853;8476932;8477939;8479318",0,0,"DET","TOR"
"2025020025",3151,3152,1,"8475279;8475660;8477429;8477456;8481542","8475690;8476853;8476932;8477939;8479318",0,0,"DET","TOR"
"2025020025",3152,3191,39,"8475279;8475660;8477429;8477456;8481542","8475690;8476931;8476932;8477939;8479318",0,0,"DET","TOR"
"2025020025",3191,3194,3,"8475279;8475660;8477429;8477456;8481542","8475690;8476931;8476932;8477503;8477939",0,0,"DET","TOR"
"2025020025",3194,3197,3,"8475279;8475660;8477429;8477456;8481542","8475690;8476931;8476932;8477503;8482720",0,0,"DET","TOR"
"2025020035",2253,2302,49,"8475218;8475717;8477934;8478402;8480803","8477967;8478498;8479425;8480012;8480800",0,0,"EDM","VAN"
"2025020035",2302,2303,1,"8475218;8475717;8477934;8478402;8480803","8477967;8478444;8479425;8480012;8480800",0,0,"EDM","VAN"
"2025020035",2303,2310,7,"8475218;8475717;8477934;8478402;8480803","8477967;8478444;8479425;8480078;8480800",0,0,"EDM","VAN"
"2025020035",2310,2312,2,"8475717;8476967;8477934;8478402;8480803","8477967;8478444;8479425;8480078;8480800",0,0,"EDM","VAN"
"2025020039",1898,1919,21,"8479312;8479982;8480802;8482671;8483468","8475809;8477492;8478038;8480039;8480069",0,0,"BUF","COL"
"2025020040",1834,1843,9,"8476914;8477496;8477507;8477956;8480035","8474151;8477992;8478010;8478416;8478519",0,0,"BOS","TBL"
"2025020043",3299,3321,22,"8475166;8475690;8476931;8476932;8477939","8475660;8479337;8482762;8483464;8484223",0,0,"TOR","DET"
"2025020043",3321,3323,2,"8475166;8475690;8476853;8476932;8477939","8475660;8479337;8482762;8483464;8484223",0,0,"TOR","DET"
"2025020043",3323,3333,10,"8475166;8476853;8476932;8477939;8478443","8475660;8479337;8482762;8483464;8484223",0,0,"TOR","DET"
"2025020049",2264,2278,14,"8475690;8476931;8477939;8479318;8480051","8474600;8475158;8476887;8481020;8482482",0,0,"TOR","NSH"
"2025020053",3122,3148,26,"8475172;8478397;8480860;8481692;8482679","8475188;8477447;8478403;8478483;8481033",0,0,"CGY","VGK"
"2025020053",3148,3171,23,"8475172;8476399;8478397;8480860;8481692","8475188;8477447;8478403;8478483;8481033",0,0,"CGY","VGK"
"2025020053",3171,3172,1,"8475172;8476399;8478397;8480860;8481692","8475188;8478403;8478483;8480727;8481033",0,0,"CGY","VGK"
"2025020053",3172,3173,1,"8474150;8476399;8478397;8480860;8481692","8477018;8478403;8478483;8480727;8481033",0,0,"CGY","VGK"
"2025020053",3173,3175,2,"8474150;8476399;8480860;8481692;8484768","8477018;8478403;8478483;8480727;8481033",0,0,"CGY","VGK"
"2025020053",3175,3176,1,"8474150;8476399;8480860;8481692;8484768","8476448;8477018;8478483;8480727;8481033",0,0,"CGY","VGK"
"2025020112",2259,2298,39,"8475324;8476999;8478469;8481528;8482116","8477948;8477989;8478435;8481533;8481546",0,0,"OTT","PHI"
"2025020112",2298,2303,5,"8475324;8476999;8478469;8481528;8482116","8477989;8478435;8481533;8481546;8482142",0,0,"OTT","PHI"
"2025020121",2714,2736,22,"8477492;8477501;8478038;8480069;8481529","8475883;8476422;8478427;8478970;8482093",0,0,"COL","CAR"
"2025020126",1425,1444,19,"8473604;8477480;8477938;8480113;8480145","8475172;8476456;8478397;8480860;8481692",0,0,"WPG","CGY"
"2025020126",1444,1455,11,"8473604;8477480;8477938;8480113;8480145","8475172;8476456;8477346;8480860;8481692",0,0,"WPG","CGY"
"2025020126",1455,1456,1,"8473604;8477480;8477938;8480113;8480145","8475172;8476456;8477346;8479402;8481692",0,0,"WPG","CGY"
"2025020126",1456,1461,5,"8473604;8477480;8477938;8478398;8480145","8475172;8476456;8477346;8479402;8481692",0,0,"WPG","CGY"
"2025020126",1461,1467,6,"8473604;8476331;8477480;8478398;8480145","8475172;8476456;8477346;8479402;8481692",0,0,"WPG","CGY"
"2025020126",1467,1470,3,"8476331;8476460;8477480;8478398;8480145","8475172;8476456;8477346;8479402;8481692",0,0,"WPG","CGY"
"2025020126",1470,1471,1,"8476331;8476460;8477480;8478398;8480145","8475172;8477346;8479402;8481068;8481692",0,0,"WPG","CGY"
"2025020126",1471,1478,7,"8476331;8476460;8477480;8477504;8478398","8475172;8477346;8479402;8481068;8481692",0,0,"WPG","CGY"
"2025020126",1478,1519,41,"8476331;8476460;8477480;8477504;8478398","8477346;8479402;8481068;8481692;8482074",0,0,"WPG","CGY"
"2025020183",1839,1866,27,"8475158;8476869;8476887;8477424;8480246","8475172;8476456;8478397;8480860;8482445",0,0,"NSH","CGY"
"2025020186",2357,2367,10,"8477949;8480045;8480802;8480839;8480891","8474590;8476880;8478440;8479292;8479345",0,1,"BUF","WSH"
"2025020190",2892,2922,30,"8476463;8478493;8479406;8481557;8482122","8477967;8477969;8479425;8480012;8480748",0,0,"MIN","VAN"
"2025020194",2398,2400,2,"8478831;8479343;8479410;8480849;8483431","8475167;8476826;8476878;8477992;8478416",0,0,"UTA","TBL"
"2025020215",3131,3134,3,"8475172;8477346;8477810;8480797;8481692","8476432;8476923;8478460;8482660;8482982",0,0,"CGY","CBJ"
"2025020272",433,447,14,"8476434;8477946;8481542;8482078;8482762","8478873;8480843;8481563;8481605;8484153",0,0,"DET","ANA"
"2025020272",2293,2319,26,"8476434;8477946;8481542;8482078;8482762","8476885;8478873;8480843;8482803;8484153",0,0,"DET","ANA"
"2025020272",2319,2330,11,"8476434;8477946;8481542;8482078;8482762","8476885;8480843;8482803;8484153;8484762",0,0,"DET","ANA"
"2025020274",3251,3284,33,"8475745;8477497;8478460;8478500;8482982","8475218;8475717;8477934;8478402;8480803",0,0,"CBJ","EDM"
"2025020283",1713,1716,3,"8475683;8477495;8477933;8478542;8478859","8476883;8477404;8481719;8482201;8482929",0,0,"FLA","TBL"
"2025020283",1716,1731,15,"8475683;8477495;8477933;8478542;8478859","8476453;8476883;8478010;8481719;8482929",0,0,"FLA","TBL"
"2025020283",1731,1742,11,"8475683;8477495;8477933;8478542;8478859","8476453;8476883;8478010;8478178;8482929",0,0,"FLA","TBL"
"2025020285",489,518,29,"8476875;8478470;8480018;8480865;8481540","8477507;8477956;8479325;8480280;8482177",0,0,"MTL","BOS"
"2025020285",2241,2253,12,"8478470;8481593;8482775;8483457;8484984","8476854;8478401;8480280;8480355;8482511",0,0,"MTL","BOS"
"2025020297",3570,3586,16,"8477992;8479383;8481719;8482090;8482929","8480947;8482055;8482691;8483678;8484240",0,0,"TBL","VAN"
"2025020416",926,955,29,"8474600;8475158;8476887;8477424;8479980","8475172;8478397;8480860;8481068;8482445",0,0,"NSH","CGY"
"2025020416",955,956,1,"8474600;8475158;8476887;8477424;8479980","8475172;8478397;8481068;8482165;8482445",0,0,"NSH","CGY"
"2025020416",956,958,2,"8474600;8475158;8476887;8477424;8479980","8475172;8477346;8481068;8482165;8482445",0,0,"NSH","CGY"
"2025020416",958,961,3,"8474600;8475287;8476887;8477424;8479980","8475172;8477346;8481068;8482165;8482445",0,0,"NSH","CGY"
"2025020416",961,964,3,"8474600;8475287;8476887;8477424;8479980","8475172;8476456;8477346;8482165;8482445",0,0,"NSH","CGY"
"2025020416",964,966,2,"8474600;8475287;8476887;8477424;8479980","8476456;8477346;8480028;8482165;8482445",0,0,"NSH","CGY"
"2025020416",966,970,4,"8474564;8474600;8475287;8477424;8479980","8476456;8477346;8480028;8482165;8482445",0,0,"NSH","CGY"
"2025020429",179,192,13,"8473419;8475683;8477495;8478859;8482113","8474600;8475287;8476887;8477424;8479980",0,0,"FLA","NSH"
"2025020437",1573,1613,40,"8476392;8477480;8480014;8480049;8480145","8477949;8480045;8480802;8480807;8480839",0,0,"WPG","BUF"
"2025020438",1986,1991,5,"8476902;8478449;8479979;8480027;8480036","8475200;8477505;8480043;8482137;8482667",0,0,"DAL","SJS"
"2025020439",2333,2362,29,"8478498;8479425;8480012;8480800;8480947","8478474;8478507;8478872;8479410;8480855",0,0,"VAN","UTA"
"2025020447",2064,2084,20,"8476906;8478427;8478970;8482093;8483548","8474600;8476887;8477424;8482482;8482768",0,0,"CAR","NSH"
"2025020449",2756,2778,22,"8474563;8475311;8476479;8479675;8479998","8477444;8481519;8481568;8484144;8484783",0,0,"LAK","CHI"
"2025020450",3036,3052,16,"8475218;8477934;8478402;8479973;8480803","8476460;8478398;8480049;8480145;8483114",0,0,"EDM","WPG"
"2025020451",530,574,44,"8478444;8478856;8479425;8480800;8484268","8476463;8478493;8481557;8482122;8482661",0,0,"VAN","MIN"
"2025020451",574,582,8,"8474574;8478444;8478856;8480800;8484268","8476463;8478493;8481557;8482122;8482661",0,0,"VAN","MIN"
"2025020451",582,605,23,"8474574;8477969;8478444;8478856;8484268","8476463;8478493;8481557;8482122;8482661",0,0,"VAN","MIN"
"2025020451",605,615,10,"8474574;8477969;8478444;8480748;8484268","8476463;8478493;8481557;8482122;8482661",0,0,"VAN","MIN"
"2025020451",615,616,1,"8474574;8477969;8478444;8480748;8484268","8474716;8478493;8481557;8482122;8482661",0,0,"VAN","MIN"
"2025020451",616,619,3,"8474574;8477969;8480144;8480748;8484268","8474716;8478493;8481557;8482122;8482661",0,0,"VAN","MIN"
"2025020451",619,621,2,"8474574;8477969;8480144;8480748;8484268","8474716;8478864;8481557;8482122;8482661",0,0,"VAN","MIN"
"2025020451",621,624,3,"8474574;8477969;8480144;8480748;8484268","8474716;8478864;8481557;8482661;8484798",0,0,"VAN","MIN"
"2025020451",624,629,5,"8474574;8477969;8480144;8480748;8484268","8474716;8475149;8478864;8482661;8484798",0,0,"VAN","MIN"
"2025020451",2966,3003,37,"8474574;8477969;8478444;8478856;8484268","8476463;8478493;8481557;8482122;8482661",0,0,"VAN","MIN"
"2025020451",3003,3009,6,"8477969;8478444;8478856;8480800;8484268","8476463;8478493;8481557;8482122;8482661",0,0,"VAN","MIN"
"2025020452",2400,2412,12,"8474586;8477986;8478916;8479324;8482665","8476434;8477946;8481542;8482078;8482762",0,0,"SEA","DET"
"2025020454",2558,2592,34,"8473419;8477495;8477935;8478859;8480193","8477506;8478445;8479496;8481601;8485366",0,0,"FLA","NYI"
"2025020454",2592,2600,8,"8473419;8477495;8477935;8478859;8480193","8477950;8478445;8479496;8481601;8485366",0,0,"FLA","NYI"
"2025020454",2600,2601,1,"8473419;8477935;8478055;8478859;8480193","8477950;8478445;8479496;8481601;8485366",0,0,"FLA","NYI"
"2025020454",2601,2611,10,"8473419;8477932;8478055;8480193;8482113","8477950;8478445;8479496;8481601;8485366",0,0,"FLA","NYI"
"2025020454",3208,3237,29,"8477495;8477933;8478859;8480193;8482113","8477500;8477950;8478445;8479496;8485366",0,0,"FLA","NYI"
"2025020455",3585,3600,15,"8480336;8480762;8480829;8481611;8482100","8475906;8477968;8478874;8482859;8484806",0,0,"CAR","SJS"
"2025020457",3221,3228,7,"8478851;8480018;8481540;8482487;8483457","8475170;8476412;8476892;8480023;8481598",0,0,"MTL","STL"
"2025020457",3228,3230,2,"8478851;8480018;8481540;8482487;8483457","8476412;8476892;8477402;8480023;8481598",0,0,"MTL","STL"
"2025020458",1993,2018,25,"8471734;8476389;8476468;8478882;8482073","8475188;8475913;8477447;8479353;8479394",0,0,"NYR","VGK"
"2025020458",3482,3505,23,"8471734;8476389;8476468;8478882;8482073","8475913;8476881;8478403;8478483;8479394",0,0,"NYR","VGK"
"2025020458",3505,3529,24,"8471734;8476389;8476468;8478882;8482073","8475913;8476881;8478403;8478483;8481604",0,0,"NYR","VGK"
"2025020463",2492,2520,28,"8474150;8476399;8478397;8480860;8481692","8477949;8479312;8479420;8481524;8482671",0,0,"CGY","BUF"
"2025020466",3543,3576,33,"8476875;8478470;8480865;8482775;8484984","8477416;8477426;8477992;8478178;8480426",0,0,"MTL","TBL"
"2025020467",1372,1383,11,"8476999;8480801;8482116;8482245;8484321","8474593;8476462;8478399;8478414;8480002",0,0,"OTT","NJD"
"2025020468",1135,1145,10,"8477500;8477506;8478009;8478445;8485366","8475913;8478396;8478403;8479394;8480727",0,0,"NYI","VGK"
"2025020472",419,435,16,"8475170;8475753;8475764;8480981;8482077","8477496;8477507;8479987;8480280;8482511",0,0,"STL","BOS"
"2025020492",2144,2171,27,"8477967;8478498;8479425;8480800;8484136","8479312;8480802;8480807;8480839;8482097",0,0,"VAN","BUF"
"2025020493",3294,3321,27,"8475753;8475764;8477402;8480023;8480981","8481519;8481568;8481806;8483493;8484197",0,0,"STL","CHI"
"2025020494",1472,1480,8,"8478872;8479410;8479619;8480434;8480855","8475831;8476457;8476905;8477919;8478407",0,0,"UTA","SEA"
"2025020496",2793,2807,14,"8474567;8474716;8477451;8478508;8482661","8478020;8481606;8482092;8482105;8482447",0,0,"MIN","OTT"
"2025020496",2807,2827,20,"8474567;8474716;8477451;8478508;8482661","8478020;8481606;8482092;8482095;8482447",0,0,"MIN","OTT"
"2025020496",2827,2838,11,"8474567;8474716;8477451;8478508;8482661","8478020;8482092;8482095;8482245;8482447",0,0,"MIN","OTT"
"2025020496",2838,2839,1,"8474567;8474716;8477451;8478864;8482661","8480208;8482092;8482105;8482245;8482447",0,0,"MIN","OTT"
"2025020496",2839,2847,8,"8474716;8478864;8481557;8482122;8482661","8480208;8481528;8482105;8482245;8482447",0,0,"MIN","OTT"
"2025020496",2847,2857,10,"8478864;8481557;8482094;8482122;8482661","8480208;8481528;8482105;8482245;8482447",0,0,"MIN","OTT"
"2025020497",772,778,6,"8471675;8474578;8475810;8478450;8481668","8475181;8479983;8482137;8484227;8484801",0,0,"PIT","SJS"
"2025020500",1944,1954,10,"8476459;8478048;8478882;8482073;8482157","8480018;8480865;8481540;8483457;8484170",0,0,"NYR","MTL"
"2025020500",1954,1955,1,"8476459;8478048;8478550;8478882;8482073","8480018;8480865;8481540;8483457;8484170",0,0,"NYR","MTL"
"2025020505",3166,3197,31,"8478449;8479979;8480027;8480036;8481581","8475683;8477495;8477933;8478859;8482113",0,0,"DAL","FLA"
"2025020505",3197,3200,3,"8479979;8480027;8480036;8481581;8482740","8475683;8477495;8477933;8478859;8482113",0,0,"DAL","FLA"
"2025020505",3200,3202,2,"8479979;8480027;8480036;8481581;8482740","8473419;8475683;8477495;8478859;8482113",0,0,"DAL","FLA"
"2025020505",3202,3203,1,"8476902;8479979;8480027;8481581;8482740","8473419;8475683;8477495;8478859;8482113",0,0,"DAL","FLA"
"2025020505",3203,3204,1,"8476902;8478420;8479979;8481581;8482740","8473419;8475683;8477495;8478859;8482113",0,0,"DAL","FLA"
"2025020505",3204,3215,11,"8476902;8478420;8479979;8481581;8482740","8473419;8475683;8477932;8478859;8482113",0,0,"DAL","FLA"
"2025020505",3215,3221,6,"8476902;8478420;8479979;8481581;8482740","8473419;8475683;8477932;8477935;8478859",0,0,"DAL","FLA"
"2025020505",3221,3230,9,"8476902;8478420;8479979;8481581;8482740","8473419;8475683;8477932;8477935;8478055",0,0,"DAL","FLA"
"2025020510",1752,1768,16,"8476958;8478427;8480336;8482093;8483548","8476461;8477948;8478435;8480015;8481546",0,0,"CAR","PHI"
"2025020544",3317,3323,6,"8473419;8475683;8477495;8477933;8477935","8473533;8476906;8480336;8482093;8483548",0,0,"FLA","CAR"
"2025020544",3323,3338,15,"8473419;8477409;8477495;8477933;8477935","8473533;8476906;8480336;8482093;8483548",0,0,"FLA","CAR"
"2025020555",1716,1756,40,"8476854;8477496;8477956;8479325;8480280","8477969;8478498;8479425;8480947;8482079",0,0,"BOS","VAN"
"2025020558",2323,2333,10,"8475158;8476869;8476887;8477424;8482482","8476931;8479318;8479361;8479442;8482720",0,0,"NSH","TOR"
"2025020564",3537,3539,2,"8477956;8478401;8480280;8481599;8482511","8475324;8476999;8478020;8482092;8484321",0,0,"BOS","OTT"
"2025020566",2061,2077,16,"8471675;8471724;8475810;8476967;8481668","8476875;8480018;8480865;8481540;8482487",0,0,"PIT","MTL"
"2025020573",3060,3081,21,"8475798;8476885;8478873;8480843;8481605","8474586;8475831;8476457;8482665;8482858",0,0,"ANA","SEA"
"2025020575",1200,1213,13,"8475171;8476853;8477503;8479318;8479361","8471675;8474578;8475810;8478450;8479973",0,0,"TOR","PIT"
"2025020577",2395,2400,5,"8477956;8479325;8479999;8480280;8482511","8476875;8476981;8478851;8480018;8484170",0,0,"BOS","MTL"
"2025020578",1092,1124,32,"8476999;8478469;8480208;8481528;8481606","8477949;8479312;8480802;8481524;8482671",0,0,"OTT","BUF"
"2025020581",2376,2394,18,"8475883;8476906;8477940;8478427;8480336","8475683;8477495;8477933;8478859;8482113",0,0,"CAR","FLA"
"2025020582",2200,2236,36,"8478493;8478864;8479406;8480800;8482122","8475158;8476869;8476887;8477424;8482482",0,0,"MIN","NSH"
"2025020582",2236,2237,1,"8478493;8478864;8479406;8480800;8482122","8475287;8476869;8476887;8477424;8482482",0,0,"MIN","NSH"
"2025020582",2237,2238,1,"8478493;8478864;8479406;8480800;8482122","8474600;8475287;8476869;8476887;8477424",0,0,"MIN","NSH"
"2025020582",2238,2241,3,"8478493;8478864;8479406;8480800;8482122","8474564;8474600;8475287;8476869;8477424",0,0,"MIN","NSH"
"2025020583",2620,2643,23,"8476891;8477444;8477987;8481519;8484783","8476372;8480220;8481035;8481553;8482142",0,0,"CHI","PHI"
"2025020585",1485,1499,14,"8475218;8477934;8478402;8478971;8480803","8475172;8478397;8480797;8480860;8481692",0,0,"EDM","CGY"
"2025020588",2509,2535,26,"8476419;8476429;8476917;8478445;8479496","8476389;8478048;8478882;8482073;8484210",0,0,"NYI","NYR"
"2025020590",2507,2531,24,"8475690;8476931;8477503;8479318;8479361","8480188;8482105;8482116;8482245;8482447",0,0,"TOR","OTT"
"2025020592",1051,1080,29,"8474596;8476462;8478399;8478414;8480002","8478440;8478911;8479345;8480313;8481656",0,0,"NJD","WSH"
"2025020593",1683,1685,2,"8476906;8478427;8478970;8482809;8483548","8476434;8477946;8481542;8482078;8482762",0,0,"CAR","DET"
"2025020597",1862,1885,23,"8476341;8476441;8479675;8482124;8482730","8478873;8480843;8482178;8482803;8484153",0,0,"LAK","ANA"
"2025020598",723,756,33,"8474150;8476399;8478397;8480860;8481692","8475218;8477934;8478402;8478971;8480803",0,0,"CGY","EDM"
"2025020598",756,768,12,"8474150;8478397;8480860;8481068;8481692","8475218;8477934;8478402;8478971;8480803",0,0,"CGY","EDM"
"2025020598",768,769,1,"8474150;8477346;8480860;8481068;8481692","8475218;8477934;8478402;8478971;8480803",0,0,"CGY","EDM"
"2025020598",769,771,2,"8475172;8477346;8480860;8481068;8481692","8475218;8477934;8478402;8478971;8480803",0,0,"CGY","EDM"
"2025020598",771,779,8,"8475172;8477346;8481068;8481692;8482165","8475218;8477934;8478402;8478971;8480803",0,0,"CGY","EDM"
"2025020598",779,780,1,"8475172;8477346;8481068;8481692;8482165","8477498;8477934;8478402;8478971;8481056",0,0,"CGY","EDM"
"2025020620",2841,2877,36,"8477444;8481519;8482176;8483450;8484783","8477494;8477506;8479496;8481601;8485366",0,0,"CHI","NYI"
"2025020621",925,952,27,"8477967;8477969;8478444;8480012;8484240","8477948;8478435;8480220;8481546;8484387",0,0,"VAN","PHI"
"2025020621",952,965,13,"8477967;8477969;8478444;8480012;8484240","8476461;8477948;8478435;8481546;8484387",0,0,"VAN","PHI"
"2025020621",965,967,2,"8474574;8477967;8477969;8478444;8480012","8476461;8477948;8478435;8481546;8484387",0,0,"VAN","PHI"
"2025020621",967,968,1,"8474574;8477967;8477969;8478444;8480012","8476461;8477948;8478435;8482142;8484387",0,0,"VAN","PHI"
"2025020621",968,969,1,"8474574;8477967;8477969;8478856;8480012","8476461;8477948;8478435;8482142;8484387",0,0,"VAN","PHI"
"2025020621",969,970,1,"8474574;8477967;8477969;8478856;8482079","8476461;8477948;8478435;8482142;8484387",0,0,"VAN","PHI"
"2025020621",970,971,1,"8474574;8477967;8477969;8478856;8482079","8476372;8476461;8477948;8478435;8482142",0,0,"VAN","PHI"
"2025020621",971,976,5,"8474574;8477967;8477969;8478856;8482079","8476372;8476461;8478435;8480015;8482142",0,0,"VAN","PHI"
"2025020621",976,989,13,"8474574;8477967;8478856;8480058;8482079","8476372;8476461;8478435;8480015;8482142",0,0,"VAN","PHI"
"2025020630",2036,2071,35,"8475172;8477346;8480797;8481692;8482165","8477948;8480015;8481035;8482142;8484142",0,0,"CGY","PHI"
"2025020631",3363,3392,29,"8478458;8478971;8480834;8481056;8483512","8476854;8477496;8479325;8479987;8480280",0,0,"EDM","BOS"
"2025020631",3392,3393,1,"8478458;8478971;8480803;8481056;8483512","8476854;8477496;8479325;8479987;8480280",0,0,"EDM","BOS"
"2025020631",3393,3397,4,"8475218;8478458;8478971;8480803;8483512","8476854;8477496;8479325;8479987;8480280",0,0,"EDM","BOS"
"2025020631",3397,3398,1,"8475218;8478458;8478971;8480803;8483512","8476854;8479325;8479987;8480280;8483489",0,0,"EDM","BOS"
"2025020631",3398,3399,1,"8475218;8478402;8478458;8478971;8480803","8476854;8479325;8479987;8480280;8483489",0,0,"EDM","BOS"
"2025020632",2141,2159,18,"8480801;8481596;8481606;8482105;8482447","8478440;8478911;8479345;8480313;8481656",0,0,"OTT","WSH"
"2025020740",1820,1828,8,"8477949;8480802;8480839;8481551;8482671","8478851;8480018;8481540;8483457;8484170",0,0,"BUF","MTL"
"2025020740",2828,2838,10,"8477949;8480802;8480839;8481551;8482671","8478851;8480018;8481540;8483457;8484170",0,0,"BUF","MTL"
"2025020745",3097,3108,11,"8481519;8482176;8484144;8484197;8484783","8474150;8478397;8480860;8482445;8482679",0,0,"CHI","CGY"
"2025020746",2145,2151,6,"8477951;8478474;8478872;8479410;8480434","8476902;8478420;8479979;8480878;8482740",0,0,"UTA","DAL"
"2025020750",2400,2420,20,"8476958;8478427;8482093;8482100;8483548","8475683;8477932;8477933;8478055;8482113",0,0,"CAR","FLA"
"2025020753",2359,2381,22,"8475311;8476441;8477960;8482155;8482730","8475798;8476885;8480068;8480843;8481605",0,0,"LAK","ANA"
"2025020754",605,637,32,"8477949;8480045;8480802;8480839;8481524","8477451;8478864;8479406;8480800;8482122",1,0,"BUF","MIN"
"2025020754",637,638,1,"8477949;8479420;8480045;8480802;8481524","8477451;8478864;8479406;8480800;8482122",0,0,"BUF","MIN"
"2025020754",638,639,1,"8477949;8479420;8480045;8480802;8481524","8475692;8477451;8479406;8480800;8482122",0,0,"BUF","MIN"
"2025020754",639,644,5,"8477949;8479420;8480045;8481524;8482671","8475692;8477451;8478136;8479406;8480800",0,0,"BUF","MIN"
"2025020754",644,645,1,"8479420;8480045;8481524;8482659;8482671","8475692;8477451;8478136;8479406;8480800",0,0,"BUF","MIN"
"2025020754",645,648,3,"8479420;8480045;8480807;8482659;8482671","8475692;8477451;8478136;8479406;8480800",0,0,"BUF","MIN"
"2025020754",648,652,4,"8479420;8480045;8480807;8482659;8482671","8475692;8475765;8478136;8479406;8480800",0,0,"BUF","MIN"
"2025020755",1752,1771,19,"8477948;8477989;8478439;8481035;8482142","8476389;8477484;8478550;8478840;8481525",0,0,"PHI","NYR"
"2025020760",1723,1734,11,"8471675;8471724;8475810;8476967;8481668","8475745;8476923;8478007;8478500;8479671",0,0,"PIT","CBJ"
"2025020761",1274,1290,16,"8474590;8479345;8480313;8481580;8481656","8477409;8478542;8478859;8480193;8484304",0,0,"WSH","FLA"
"2025020765",2302,2311,9,"8477447;8478403;8478468;8478483;8481033","8474600;8475158;8476869;8476887;8481020",1,0,"VGK","NSH"
"2025020767",1084,1108,24,"8476902;8478420;8479979;8480036;8482740","8476883;8478178;8478519;8479542;8482655",0,0,"DAL","TBL"
"2025020770",1895,1909,14,"8478427;8480336;8480817;8482093;8483548","8477949;8480045;8480802;8480807;8482671",0,0,"CAR","BUF"
"2025020770",3451,3458,7,"8476958;8478427;8478970;8482093;8483548","8479420;8480045;8480839;8482659;8482671",0,0,"CAR","BUF"
"2025020770",3458,3461,3,"8476958;8478427;8478970;8482093;8483548","8479420;8480839;8482659;8482671;8483500",0,0,"CAR","BUF"
"2025020770",3461,3489,28,"8476958;8478427;8478970;8482093;8483548","8475722;8479420;8480839;8482659;8483500",0,0,"CAR","BUF"
"2025020771",1730,1736,6,"8475809;8477492;8480039;8480069;8484258","8474590;8478440;8479292;8479345;8481656",0,0,"COL","WSH"
"2025020773",3128,3147,19,"8473507;8475683;8477935;8479314;8484304","8477968;8480043;8484227;8484801;8484806",0,0,"FLA","SJS"
"2025020860",2392,2400,8,"8476434;8476979;8479337;8483464;8484223","8470613;8476312;8478406;8480448;8480835",0,0,"DET","COL"
"2025020861",2229,2258,29,"8471675;8474578;8476483;8478450;8479973","8471734;8476459;8476468;8478882;8482073",0,0,"PIT","NYR"
"2025020866",2921,2929,8,"8476999;8480208;8482105;8482116;8482245","8474596;8476462;8477488;8479407;8480002",0,0,"OTT","NJD"
"2025020867",2890,2925,35,"8477500;8477506;8478009;8482476;8485366","8474600;8475158;8476869;8476887;8477424",0,0,"NYI","NSH"
"2025020867",3469,3490,21,"8477500;8477506;8478009;8482476;8485366","8474600;8475158;8476869;8476887;8477424",0,0,"NYI","NSH"
"2025020869",2400,2434,34,"8477969;8478498;8479425;8480144;8484268","8475171;8476931;8477503;8479318;8479361",0,0,"VAN","TOR"
"2025020869",2434,2435,1,"8477969;8478498;8479425;8480144;8484268","8475171;8476931;8479318;8479361;8479442",0,0,"VAN","TOR"
"2025020869",2435,2438,3,"8477969;8478498;8479425;8480144;8484268","8475171;8477939;8479318;8479361;8479442",0,0,"VAN","TOR"
"2025020869",2438,2450,12,"8477969;8478498;8479425;8480144;8484268","8477939;8478443;8479318;8479361;8479442",0,0,"VAN","TOR"
"2025020869",2450,2451,1,"8474574;8477969;8478498;8479425;8484268","8477939;8478443;8479318;8479361;8479442",0,0,"VAN","TOR"
"2025020869",2451,2455,4,"8474574;8477969;8478498;8480012;8484268","8475166;8477939;8478443;8479361;8479442",0,0,"VAN","TOR"
"2025020869",2455,2456,1,"8474574;8478498;8480012;8484240;8484268","8475166;8477939;8478443;8479361;8479442",0,0,"VAN","TOR"
"2025020869",2456,2467,11,"8474574;8478856;8480012;8484240;8484268","8475166;8477939;8478443;8479361;8479442",0,0,"VAN","TOR"
"2025020870",1957,1998,41,"8478507;8478872;8479410;8479977;8480849","8476902;8478420;8479193;8480036;8484829",0,0,"UTA","DAL"
"2025020870",1998,2003,5,"8477220;8478872;8479410;8479977;8480849","8476902;8478420;8479193;8480036;8484829",0,0,"UTA","DAL"
"2025020870",2003,2004,1,"8477220;8478872;8479410;8479977;8480849","8476902;8479193;8480036;8482740;8484829",0,0,"UTA","DAL"
"2025020870",2004,2006,2,"8477220;8477951;8478872;8479410;8479977","8476902;8479193;8480036;8482740;8484829",0,0,"UTA","DAL"
"2025020870",2006,2013,7,"8477220;8477951;8478872;8479977;8480434","8476902;8479193;8480036;8482740;8484829",0,0,"UTA","DAL"
"2025020870",2013,2028,15,"8477220;8477951;8478872;8479343;8480434","8476902;8479193;8480036;8482740;8484829",0,0,"UTA","DAL"
"2025020874",1759,1811,52,"8476958;8478427;8478970;8482093;8483548","8474563;8475208;8476341;8477942;8482124",0,0,"CAR","LAK"
"2025020874",2360,2400,40,"8473533;8476906;8476958;8477940;8483548","8471685;8474563;8475208;8476341;8479675",0,0,"CAR","LAK"
"2025020885",1691,1710,19,"8475172;8480727;8480797;8480860;8481692","8476931;8477939;8479318;8479361;8479442",0,0,"CGY","TOR"
"2025020887",3379,3387,8,"8474593;8478399;8480192;8481032;8481721","8475745;8475790;8478007;8478500;8482705",0,0,"NJD","CBJ"
"2025020891",984,998,14,"8475218;8477934;8478402;8478971;8480803","8476931;8476932;8477939;8478443;8479318",0,0,"EDM","TOR"
"2025020892",2400,2424,24,"8473986;8480068;8480843;8481605;8482178","8474586;8475831;8476457;8478407;8482665",0,0,"ANA","SEA"
"2025020894",2761,2766,5,"8475745;8476923;8478460;8482705;8482982","8481519;8481568;8483506;8484144;8484197",0,0,"CBJ","CHI"
"2025020900",1903,1926,23,"8474150;8480727;8480860;8481068;8482445","8475218;8477465;8477934;8478402;8480803",1,0,"CGY","EDM"
"2025020902",196,212,16,"8471685;8475311;8476441;8477960;8482730","8474586;8477986;8478916;8482665;8482858",0,0,"LAK","SEA"
"2025020902",2950,2963,13,"8474563;8475311;8477942;8477960;8482124","8474586;8477986;8478916;8482665;8482858",0,0,"LAK","SEA"
"2025020961",915,952,37,"8474593;8476462;8478399;8478414;8480002","8475683;8477932;8477933;8478055;8482113",0,0,"NJD","FLA"
"2025020965",1525,1536,11,"8474150;8476399;8477346;8480860;8481692","8475168;8476902;8479193;8479351;8480036",0,0,"CGY","DAL"
"2025020969",3101,3135,34,"8479983;8482137;8482166;8484227;8484801","8476875;8480018;8481540;8482087;8482487",0,0,"SJS","MTL"
"2025020979",1158,1184,26,"8474564;8474600;8475287;8476869;8477424","8476854;8476914;8477496;8477956;8479325",0,0,"NSH","BOS"
"2025020985",1331,1348,17,"8476891;8477444;8482821;8483493;8484783","8477969;8478444;8482079;8484240;8484268",0,0,"CHI","VAN"
"2025020988",2997,3023,26,"8477964;8478396;8478397;8478403;8481033","8477451;8478864;8479406;8480800;8482122",0,0,"VGK","MIN"
"2025020992",432,459,27,"8477949;8479312;8480802;8480807;8480839","8474600;8475158;8476869;8476887;8477424",0,0,"BUF","NSH"
"2025020998",2341,2344,3,"8474150;8476874;8480860;8481692;8482679","8473533;8476958;8477940;8482100;8483548",0,0,"CGY","CAR"
"2025021002",1570,1581,11,"8474578;8475810;8478438;8478450;8481668","8476854;8476914;8479987;8482511;8483489",0,0,"PIT","BOS"
"2025021003",553,567,14,"8480045;8480064;8482659;8482671;8484305","8474151;8477404;8477992;8478519;8482655",0,0,"BUF","TBL"
"2025021003",899,903,4,"8477949;8479420;8480045;8480839;8482671","8474151;8475167;8476826;8477992;8480995",0,0,"BUF","TBL"
"2025021003",963,1001,38,"8480045;8480064;8480839;8483500;8484305","8474151;8475167;8477992;8478519;8479542",0,0,"BUF","TBL"
"2025021005",2395,2400,5,"8474593;8476462;8480002;8481559;8482684","8476434;8477429;8477456;8481542;8482762",0,0,"NJD","DET"
"2025021006",2215,2242,27,"8476885;8478024;8481605;8484153;8484762","8477402;8479385;8480981;8481598;8482516",0,0,"ANA","STL"
"2025021007",3065,3077,12,"8477964;8478396;8478397;8478403;8478499","8475218;8477934;8478402;8478971;8480803",0,0,"VGK","EDM"
"2025021014",1175,1190,15,"8480018;8481540;8482087;8482487;8483457","8475171;8476853;8477939;8479318;8479361",0,0,"MTL","TOR"
"2025021018",1917,1951,34,"8475883;8478427;8480336;8480817;8482093","8471724;8478438;8478854;8479973;8482475",0,0,"CAR","PIT"
"2025021025",2699,2730,31,"8476999;8478469;8481596;8482092;8482245","8480018;8480865;8483457;8483515;8484170",0,0,"OTT","MTL"
"2025021025",2730,2731,1,"8476999;8478469;8480801;8481596;8482245","8480018;8480865;8483457;8483515;8484170",0,0,"OTT","MTL"
"2025021025",2731,2738,7,"8476999;8478469;8480801;8481596;8481606","8480018;8480865;8483457;8483515;8484170",0,0,"OTT","MTL"
"2025021025",2738,2741,3,"8476999;8478469;8480801;8481606;8482116","8480018;8480865;8483457;8483515;8484170",0,0,"OTT","MTL"
"2025021026",843,878,35,"8480015;8480220;8481035;8481546;8482142","8479345;8479400;8480313;8480796;8482088",0,0,"PHI","WSH"
"2025021026",878,879,1,"8477948;8480015;8480220;8481035;8482142","8479345;8479400;8480313;8480796;8482088",0,0,"PHI","WSH"
"2025021026",879,887,8,"8477499;8477948;8478439;8480220;8481035","8479345;8479400;8480313;8480796;8482088",0,0,"PHI","WSH"
"2025021026",887,890,3,"8477499;8477948;8478439;8481035;8481533","8479345;8479400;8480313;8480796;8482088",0,0,"PHI","WSH"
"2025021026",890,892,2,"8477499;8477948;8478439;8481035;8481533","8478911;8479345;8479400;8480313;8482088",0,0,"PHI","WSH"
"2025021026",2769,2791,22,"8477499;8477948;8477989;8480015;8481035","8479345;8479400;8480313;8480873;8484186",0,0,"PHI","WSH"
"2025021029",3079,3119,40,"8475171;8479361;8480870;8481122;8482720","8475798;8476885;8480843;8481605;8484762",0,0,"TOR","ANA"
"2025021034",3502,3513,11,"8475168;8476278;8476902;8479979;8480878","8477465;8477953;8478013;8481056;8483512",0,0,"DAL","EDM"
"2025021037",2419,2427,8,"8477346;8477951;8478872;8479343;8479410","8477987;8481519;8482176;8483506;8484144",0,0,"UTA","CHI"
"2025021037",2427,2451,24,"8477346;8477951;8478872;8479343;8479410","8481519;8482176;8483493;8483506;8484144",0,0,"UTA","CHI"
"2025021039",2349,2384,35,"8475188;8475913;8477447;8478403;8478499","8474578;8477511;8478438;8478450;8481668",0,0,"VGK","PIT"
"2025021041",2182,2208,26,"8476917;8477500;8477950;8478009;8478445","8475311;8476441;8479675;8482155;8482730",0,0,"NYI","LAK"
"2025021041",2208,2209,1,"8476917;8477500;8477950;8478009;8478445","8471685;8475311;8476441;8479675;8482730",0,0,"NYI","LAK"
"2025021041",2209,2215,6,"8476917;8477500;8477950;8478009;8478445","8471685;8475311;8476441;8477960;8482730",0,0,"NYI","LAK"
"2025021041",2215,2238,23,"8477369;8477500;8477950;8478009;8478445","8471685;8475311;8476441;8477960;8482730",0,0,"NYI","LAK"
"2025021043",2308,2338,30,"8476999;8478469;8481596;8482092;8482245","8478024;8481605;8482178;8483445;8484153",0,0,"OTT","ANA"
"2025021043",2338,2340,2,"8476999;8478469;8480801;8481596;8482245","8478024;8481605;8482178;8483445;8484153",0,0,"OTT","ANA"
"2025021043",2340,2344,4,"8476999;8478469;8480801;8481596;8481606","8478024;8481605;8482178;8483445;8484153",0,0,"OTT","ANA"
"2025021043",2344,2353,9,"8476999;8478469;8480801;8481528;8481606","8478024;8481605;8482178;8483445;8484153",0,0,"OTT","ANA"
"2025021043",2353,2355,2,"8476999;8478469;8480801;8481528;8481606","8476885;8478024;8481605;8483445;8484153",0,0,"OTT","ANA"
"2025021044",265,280,15,"8477845;8478440;8480313;8480796;8481656","8477507;8478042;8478401;8479325;8480280",0,0,"WSH","BOS"
"2025021044",2200,2226,26,"8476880;8479345;8479400;8480313;8480796","8476854;8478042;8478401;8480280;8482511",0,0,"WSH","BOS"
"2025021047",3551,3562,11,"8477949;8479312;8480802;8480839;8484305","8475171;8476931;8479361;8480870;8482720",0,0,"BUF","TOR"
"2025021049",1472,1476,4,"8475167;8476883;8478416;8478519;8479542","8475883;8476958;8478970;8480830;8482093",0,0,"TBL","CAR"
"2025021053",214,223,9,"8475168;8479979;8480878;8481581;8484938","8476434;8481542;8482078;8482762;8483464",0,0,"DAL","DET"
"2025021053",223,246,23,"8475168;8479351;8479979;8480878;8481581","8476434;8481542;8482078;8482762;8483464",0,0,"DAL","DET"
"2025021053",2615,2651,36,"8475168;8476902;8479351;8479979;8480878","8476434;8477456;8479337;8481542;8482762",0,0,"DAL","DET"
"2025021053",2651,2653,2,"8476902;8479351;8479979;8481581;8482740","8474141;8476434;8477456;8481542;8482762",0,0,"DAL","DET"
"2025021053",2653,2656,3,"8476902;8479351;8479979;8481581;8482740","8474141;8476434;8481542;8482078;8482762",0,0,"DAL","DET"
"2025021053",2656,2658,2,"8476902;8479351;8479979;8481581;8482740","8474141;8476434;8481542;8481607;8482078",0,0,"DAL","DET"
"2025021053",2658,2671,13,"8476902;8478047;8479979;8481581;8482740","8474141;8475279;8476434;8481607;8482078",0,0,"DAL","DET"
"2025021056",1162,1198,36,"8475188;8477447;8478403;8478483;8478499","8477479;8481519;8481568;8483450;8484783",0,0,"VGK","CHI"
"2025021059",2674,2688,14,"8480018;8480865;8481540;8483457;8484170","8474590;8480068;8480843;8481605;8483445",0,0,"MTL","ANA"
"2025021060",2053,2068,15,"8478493;8478864;8480800;8482122;8482661","8475166;8476931;8476932;8477939;8479442",0,0,"MIN","TOR"
"2025021063",2828,2840,12,"8475279;8475753;8476434;8482078;8484471","8476874;8480028;8481692;8482679;8484150",0,0,"DET","CGY"
"2025021070",2028,2045,17,"8476923;8478460;8480893;8482982;8484166","8476958;8477940;8480830;8482100;8483548",0,0,"CBJ","CAR"
"2025021075",2941,2953,12,"8475188;8475913;8477447;8478403;8478499","8480045;8480802;8480807;8480839;8482659",0,0,"VGK","BUF"
"2025021080",2381,2400,19,"8475754;8475809;8476967;8477492;8484258","8475168;8479979;8480027;8480036;8481581",0,0,"COL","DAL"
"2025021082",1079,1093,14,"8474590;8478873;8480843;8482803;8484153","8477499;8477948;8477989;8478435;8478439",0,0,"ANA","PHI"
"2025021085",575,606,31,"8475279;8475753;8476434;8477456;8479337","8480018;8480865;8481540;8482487;8483457",0,0,"DET","MTL"
"2025021085",2624,2647,23,"8476434;8477456;8479337;8481607;8482762","8480018;8480865;8481540;8482487;8483457",0,0,"DET","MTL"
"2025021087",2829,2863,34,"8474600;8475158;8476869;8476887;8481020","8476905;8477986;8478916;8479324;8482259",0,0,"NSH","SEA"
"2025021087",2863,2864,1,"8474600;8475287;8476869;8476887;8481020","8476905;8477986;8478916;8479324;8482259",0,0,"NSH","SEA"
"2025021087",2864,2865,1,"8474600;8475287;8476869;8476887;8481020","8477986;8478916;8479324;8482259;8482665",0,0,"NSH","SEA"
"2025021087",2865,2866,1,"8474600;8475287;8476869;8476887;8481020","8476457;8478916;8479324;8482259;8482665",0,0,"NSH","SEA"
"2025021087",2866,2868,2,"8474600;8475287;8476869;8476887;8481020","8476457;8478407;8478916;8482259;8482665",0,0,"NSH","SEA"
"2025021087",2868,2871,3,"8474600;8475287;8476887;8480246;8481020","8476457;8478407;8478916;8482259;8482665",0,0,"NSH","SEA"
"2025021106",90,109,19,"8476999;8478469;8480208;8481528;8482245","8475166;8475171;8477939;8478443;8479361",0,0,"OTT","TOR"
"2025021109",1563,1574,11,"8475218;8475786;8476454;8478971;8480803","8476883;8477426;8478178;8478519;8482655",0,0,"EDM","TBL"
"2025021109",1574,1576,2,"8475218;8475786;8476454;8478971;8480803","8476453;8476883;8478178;8478519;8482655",0,0,"EDM","TBL"
"2025021109",1576,1586,10,"8475218;8475786;8476454;8478971;8480803","8476453;8476883;8478010;8478178;8482655",0,0,"EDM","TBL"
"2025021121",2276,2317,41,"8478851;8480018;8481540;8482487;8483457","8475883;8476958;8478427;8482093;8482100",0,0,"MTL","CAR"
"2025021128",2905,2921,16,"8476892;8477402;8479385;8480981;8484188","8478440;8479345;8480313;8480873;8484186",0,0,"STL","WSH"
"2025021135",1638,1655,17,"8477949;8480045;8480802;8480807;8480839","8476854;8476914;8477956;8482511;8483489",0,0,"BUF","BOS"
"2025021137",1661,1680,19,"8480018;8480865;8481540;8482487;8483457","8475745;8476923;8478460;8480893;8482982",0,0,"MTL","CBJ"
"2025021139",2072,2073,1,"8476826;8476878;8476883;8480426;8482929","8475831;8476905;8477986;8479324;8482259",0,0,"TBL","SEA"
"2025021143",1746,1783,37,"8477402;8479385;8480981;8481598;8482733","8477968;8479983;8482166;8484801;8484994",0,0,"STL","SJS"
"2025021145",3360,3398,38,"8476392;8476945;8480049;8482149;8483510","8475754;8476967;8477492;8478406;8480069",0,0,"WPG","COL"
"2025021145",3398,3404,6,"8476392;8476945;8480049;8482149;8483510","8476967;8477492;8478406;8480039;8480069",0,0,"WPG","COL"
"2025021146",659,694,35,"8477220;8477951;8477970;8478507;8479343","8476880;8479345;8479400;8480313;8480873",0,0,"UTA","WSH"
"2025021146",694,698,4,"8477220;8477951;8477970;8478507;8479343","8479345;8479400;8480313;8480873;8481656",0,0,"UTA","WSH"
"2025021146",698,699,1,"8477220;8477970;8478507;8479343;8483431","8478440;8479345;8480313;8481656;8484873",0,0,"UTA","WSH"
"2025021146",699,705,6,"8477220;8477970;8478507;8482699;8483431","8478440;8478911;8480313;8481656;8484873",0,0,"UTA","WSH"
"2025021146",705,706,1,"8477970;8478507;8480434;8482699;8483431","8478440;8478911;8480313;8481656;8484873",0,0,"UTA","WSH"
"2025021146",706,735,29,"8477970;8479410;8480434;8482699;8483431","8478440;8478911;8480313;8481656;8484873",0,0,"UTA","WSH"
"2025021150",1869,1888,19,"8479312;8479420;8480802;8480807;8481524","8476434;8477429;8479337;8481542;8482762",0,0,"BUF","DET"
"2025021155",382,410,28,"8477507;8477956;8479325;8480280;8483489","8477451;8478864;8479406;8480800;8482122",0,0,"BOS","MIN"
"2025021161",2375,2399,24,"8474600;8475158;8476869;8476887;8477424","8476875;8480018;8480865;8481540;8484170",0,0,"NSH","MTL"
"2025021162",2467,2495,28,"8476967;8477492;8478406;8480039;8480069","8473604;8476945;8480014;8480049;8480145",0,0,"COL","WPG"
"2025021162",2923,2937,14,"8476967;8477492;8478406;8480039;8480069","8476392;8476945;8480014;8480049;8480145",0,0,"COL","WPG"
"2025021163",2901,2930,29,"8475660;8477429;8479337;8481542;8482762","8478435;8480015;8481533;8481546;8482142",0,0,"DET","PHI"
"2025021170",639,696,57,"8475745;8478500;8481178;8482705;8482982","8476854;8478042;8478401;8479325;8480280",0,0,"CBJ","BOS"
"2025021173",1005,1022,17,"8475170;8476917;8477369;8478009;8481601","8471724;8476483;8478438;8478854;8481668",0,0,"NYI","PIT"
"2025021183",2398,2400,2,"8477365;8478569;8478854;8479973;8480980","8474141;8475753;8477429;8477456;8479337",0,0,"PIT","DET"
"2025021184",1187,1192,5,"8478463;8478911;8480313;8480796;8482088","8476461;8477499;8477948;8478435;8480015",0,0,"WSH","PHI"
"2025021184",2978,3001,23,"8476880;8477845;8479345;8479400;8480313","8477499;8477948;8477989;8478435;8478439",0,0,"WSH","PHI"
"2025021190",2173,2205,32,"8475200;8477505;8482137;8482166;8482667","8473986;8474590;8480068;8480843;8482178",0,0,"SJS","ANA"
"2025021197",3082,3120,38,"8475883;8476906;8478427;8480830;8482100","8475745;8478007;8478460;8480806;8483485",0,0,"CAR","CBJ"
"2025021206",1426,1474,48,"8475798;8476885;8480843;8481605;8484762","8475764;8480023;8480981;8481598;8482077",0,0,"ANA","STL"
"2025021206",1474,1475,1,"8475798;8476885;8480843;8481605;8484762","8475764;8477494;8479385;8480981;8481598",0,0,"ANA","STL"
"2025021206",1475,1476,1,"8476885;8480843;8481605;8484153;8484762","8475764;8477494;8479385;8480981;8481598",0,0,"ANA","STL"
"2025021206",1476,1479,3,"8480843;8481563;8481605;8484153;8484762","8475764;8477494;8479385;8480981;8481598",0,0,"ANA","STL"
"2025021206",1479,1484,5,"8480843;8481563;8482803;8484153;8484762","8475764;8477494;8479385;8480981;8481598",0,0,"ANA","STL"
"2025021206",1484,1485,1,"8480843;8481563;8482803;8484153;8484762","8476892;8477494;8479385;8480981;8481598",0,0,"ANA","STL"
"2025021208",2310,2340,30,"8476999;8481596;8482105;8482116;8482245","8478493;8478864;8480800;8482122;8482661",0,0,"OTT","MIN"
"2025021216",1185,1198,13,"8479425;8480012;8483499;8484268;8484798","8474013;8477021;8478872;8480434;8483431",0,0,"VAN","UTA"
"2025021217",201,223,22,"8471685;8475311;8476441;8478550;8482730","8476931;8477939;8478443;8479361;8480870",0,0,"LAK","TOR"
"2025021217",1787,1822,35,"8474563;8475311;8479998;8482124;8482155","8475166;8476931;8477939;8478443;8479361",0,0,"LAK","TOR"
"2025021217",1822,1835,13,"8474563;8475311;8479998;8482124;8482155","8475166;8476853;8476931;8477939;8479361",0,0,"LAK","TOR"
"2025021217",1835,1839,4,"8474563;8475311;8479998;8482124;8482155","8475166;8476853;8477939;8479361;8479442",0,0,"LAK","TOR"
"2025021217",1839,1840,1,"8474563;8475311;8479998;8482124;8482155","8476853;8477503;8477939;8479361;8479442",0,0,"LAK","TOR"
"2025021217",1840,1841,1,"8474563;8475311;8478550;8479998;8482730","8476853;8477503;8477939;8479361;8479442",0,0,"LAK","TOR"
"2025021217",1841,1842,1,"8474563;8475311;8477960;8478550;8482730","8476853;8477503;8477939;8479361;8479442",0,0,"LAK","TOR"
"2025021217",1842,1855,13,"8475311;8476441;8477960;8478550;8482730","8476853;8477503;8479361;8479442;8482720",0,0,"LAK","TOR"
"2025021220",2340,2356,16,"8475181;8482137;8484801;8484806;8484911","8474600;8475158;8476869;8476887;8477424",0,0,"SJS","NSH"
"2025021223",1260,1273,13,"8474578;8478569;8478854;8480980;8481668","8477409;8477495;8477935;8480193;8481600",0,0,"PIT","FLA"
"2025021224",2007,2018,11,"8477948;8478435;8480015;8480220;8481546","8476914;8477507;8478042;8478401;8479325",0,0,"PHI","BOS"
"2025021229",3040,3059,19,"8479420;8480045;8480064;8481524;8482671","8476883;8477426;8480426;8482201;8482929",0,1,"BUF","TBL"
"2025021234",229,245,16,"8476999;8480801;8481528;8481606;8484321","8474151;8477426;8477992;8482201;8482929",0,0,"OTT","TBL"
"2025021240",3290,3321,31,"8477451;8478864;8480800;8482122;8482661","8476457;8477919;8478916;8482259;8482858",0,0,"MIN","SEA"
"2025021250",3020,3054,34,"8475660;8477429;8479337;8481542;8482762","8477989;8478439;8481035;8481546;8482142",0,0,"DET","PHI"
"2025021254",1394,1403,9,"8474574;8478420;8479979;8481581;8482740","8478493;8478864;8479406;8480800;8482122",0,0,"DAL","MIN"
"2025021254",3128,3143,15,"8474574;8478420;8479979;8481581;8482740","8478493;8478864;8479406;8480800;8482122",0,0,"DAL","MIN"
"2025021255",3527,3561,34,"8481519;8482176;8483506;8484144;8485391","8475883;8480762;8482100;8482702;8484428",0,0,"CHI","CAR"
"2025021260",1029,1056,27,"8474563;8476341;8479998;8482124;8482155","8479425;8480012;8483499;8484268;8484798",0,0,"LAK","VAN"
"2025021261",2341,2364,23,"8476854;8477496;8477956;8479325;8480280","8476883;8477404;8478010;8482655;8483398",0,0,"BOS","TBL"
"2025021264",795,816,21,"8471685;8476341;8476441;8479675;8482730","8475218;8476454;8478458;8478971;8480803",0,0,"LAK","EDM"
"2025021271",1200,1238,38,"8480018;8481540;8481593;8482487;8483457","8475745;8478460;8482705;8482982;8483485",0,0,"MTL","CBJ"
"2025021277",1390,1403,13,"8477500;8477506;8478009;8478445;8485366","8480018;8481540;8481593;8483457;8484170",0,0,"NYI","MTL"
"2025021283",2088,2125,37,"8476994;8478055;8480003;8480193;8482107","8471734;8476459;8478882;8479323;8482109",0,0,"FLA","NYR"
"2025021283",2125,2126,1,"8476994;8478055;8480003;8480193;8482107","8471734;8476459;8479323;8481525;8482109",0,0,"FLA","NYR"
"2025021283",2126,2136,10,"8476994;8478055;8480003;8480193;8482107","8471734;8476459;8478840;8481525;8482109",0,0,"FLA","NYR"
"2025021283",2136,2137,1,"8476994;8480003;8480193;8482107;8483712","8471734;8476459;8478840;8481525;8482109",0,0,"FLA","NYR"
"2025021291",598,633,35,"8474586;8477986;8482665;8482858;8483668","8474563;8476341;8479998;8482124;8482155",0,0,"SEA","LAK"
"2025021294",3019,3046,27,"8476372;8480220;8481035;8482159;8483460","8480018;8481540;8482487;8483457;8484220",0,0,"PHI","MTL"
"2025021294",3046,3053,7,"8476372;8481035;8482159;8483460;8484387","8480018;8481540;8482487;8483457;8484220",0,0,"PHI","MTL"
"2025021294",3053,3062,9,"8476372;8481035;8483460;8484142;8484387","8480018;8481540;8482487;8483457;8484220",0,0,"PHI","MTL"
"2025021294",3062,3075,13,"8481035;8482126;8483460;8484142;8484387","8480018;8481540;8482487;8483457;8484220",0,0,"PHI","MTL"
"2025021294",3075,3077,2,"8481035;8482126;8483460;8484142;8484387","8480018;8482487;8482964;8483457;8484984",0,0,"PHI","MTL"
"2025021294",3077,3082,5,"8481035;8482126;8483460;8484142;8484387","8480018;8481593;8482487;8482964;8484984",0,0,"PHI","MTL"
"2025021294",3082,3085,3,"8481035;8482126;8483460;8484142;8484387","8481593;8482487;8482964;8483515;8484984",0,0,"PHI","MTL"
"2025021294",3085,3095,10,"8478454;8481035;8482126;8484142;8484387","8481593;8482487;8482964;8483515;8484984",0,0,"PHI","MTL"
"2025021294",3095,3099,4,"8478454;8481035;8482126;8484387;8485406","8481593;8482487;8482964;8483515;8484984",0,0,"PHI","MTL"
"2025021294",3099,3118,19,"8478454;8481035;8482126;8483731;8485406","8481593;8482487;8482964;8483515;8484984",0,0,"PHI","MTL"
"2025021294",3372,3395,23,"8476372;8478454;8480220;8481035;8482159","8480018;8481540;8483457;8483515;8484984",0,0,"PHI","MTL"
"2025021296",1100,1104,4,"8475149;8476463;8481477;8482094;8482661","8474590;8480068;8480843;8483445;8483490",0,0,"MIN","ANA"
"2025021296",1104,1138,34,"8475149;8476463;8481553;8482094;8482661","8474590;8480068;8480843;8483445;8483490",0,0,"MIN","ANA"
"2025021300",2282,2326,44,"8477969;8478498;8480012;8480947;8484240","8475311;8476441;8477960;8478550;8482730",0,0,"VAN","LAK"
"2025021300",2326,2328,2,"8477969;8478444;8478498;8480947;8484240","8475311;8476441;8477960;8478550;8482730",0,0,"VAN","LAK"
"2025021300",2328,2332,4,"8477969;8478444;8478498;8480947;8484240","8471685;8475311;8476441;8478550;8482730",0,0,"VAN","LAK"
"2025021300",2332,2333,1,"8476927;8477969;8478444;8480947;8484240","8471685;8475311;8476441;8478550;8482730",0,0,"VAN","LAK"
"2025021300",2333,2338,5,"8476927;8477969;8478444;8480947;8484240","8471685;8475311;8476441;8479675;8482730",0,0,"VAN","LAK"
"2025021300",2338,2343,5,"8476927;8478444;8480947;8484240;8484798","8471685;8475311;8476441;8479675;8482730",0,0,"VAN","LAK"
"2025021300",2343,2352,9,"8476927;8478444;8480947;8484240;8484798","8471685;8475208;8475311;8479675;8482730",0,0,"VAN","LAK"
"2025021300",2352,2365,13,"8476927;8478444;8480947;8483467;8484798","8471685;8475208;8475311;8479675;8482730",0,0,"VAN","LAK"
"2025030144",2625,2634,9,"8477989;8478435;8478439;8481546;8482142","8471724;8479398;8480980;8481481;8481668",0,0,"PHI","PIT"
"2025030151",3197,3218,21,"8475809;8477492;8478038;8480039;8480069","8474563;8476341;8479998;8482124;8482155",0,0,"COL","LAK"
"2025030153",2035,2061,26,"8474563;8475208;8476341;8482124;8482155","8475754;8475809;8477501;8478038;8480069",0,0,"LAK","COL"
"2025030161",3043,3072,29,"8479351;8479979;8480027;8480036;8481581","8475149;8478493;8480800;8482122;8482661",0,0,"DAL","MIN"
"2025030161",3072,3075,3,"8479351;8479979;8480027;8480036;8481581","8478493;8478864;8480800;8482122;8482661",0,0,"DAL","MIN"
"2025030161",3075,3115,40,"8476902;8479979;8480027;8481581;8482740","8478493;8478864;8480800;8482122;8482661",0,0,"DAL","MIN"
"2025030161",3115,3116,1,"8476902;8479979;8480027;8481581;8482740","8474716;8476463;8478493;8478864;8482661",0,0,"DAL","MIN"
"2025030161",3116,3117,1,"8476902;8479979;8480027;8481581;8482740","8474716;8476463;8477451;8478864;8482661",0,0,"DAL","MIN"
"2025030161",3117,3124,7,"8476902;8478420;8479979;8480878;8482740","8474716;8476463;8477451;8478864;8482661",0,0,"DAL","MIN"
"2025030161",3124,3126,2,"8476902;8478420;8479979;8480878;8482740","8474716;8475765;8476463;8477451;8482661",0,0,"DAL","MIN"
"2025030161",3126,3140,14,"8475168;8476902;8478420;8479979;8480878","8474716;8475765;8476463;8477451;8482661",0,0,"DAL","MIN"
"2025030161",3140,3158,18,"8475168;8478420;8479979;8480878;8483425","8474716;8475765;8476463;8477451;8482661",0,0,"DAL","MIN"
"2025030162",667,693,26,"8475168;8476902;8479979;8480027;8480036","8478493;8478864;8480800;8482122;8482661",0,0,"DAL","MIN"
"2025030165",3288,3304,16,"8475168;8478420;8480027;8480036;8482740","8478493;8480800;8481557;8482122;8482661",0,0,"DAL","MIN"
"2025030171",715,720,5,"8478396;8478397;8478483;8479353;8479394","8477346;8477951;8478872;8479343;8479410",0,0,"VGK","UTA"
"2025030171",3235,3240,5,"8475188;8475913;8477447;8478403;8479394","8477021;8477346;8477951;8478872;8479410",0,0,"VGK","UTA"
"2025030171",3240,3268,28,"8475188;8475913;8477447;8478403;8479394","8477346;8477951;8478872;8479343;8479410",0,0,"VGK","UTA"
"2025030171",3268,3273,5,"8475188;8475913;8477447;8478403;8479394","8477346;8477951;8478507;8478872;8479343",0,0,"VGK","UTA"
"2025030171",3273,3280,7,"8475188;8475913;8477447;8478403;8479394","8477220;8477951;8478507;8478872;8479343",0,0,"VGK","UTA"
"2025030171",3280,3281,1,"8475913;8477447;8478396;8478403;8479394","8477220;8477951;8478507;8478872;8479343",0,0,"VGK","UTA"
"2025030171",3281,3284,3,"8477447;8478396;8478403;8478483;8479394","8477220;8477951;8478507;8478872;8479343",0,0,"VGK","UTA"
"2025030172",1053,1089,36,"8478396;8478397;8478483;8479353;8479394","8477220;8477951;8478507;8478872;8479343",0,0,"VGK","UTA"
"2025030172",1089,1090,1,"8477447;8478396;8478403;8478483;8479394","8477346;8477951;8478507;8478872;8479343",0,0,"VGK","UTA"
"2025030172",1090,1094,4,"8477447;8478396;8478403;8478483;8479394","8477346;8477951;8478872;8479343;8479410",0,0,"VGK","UTA"
"2025030172",1587,1620,33,"8475188;8477447;8478483;8479353;8479394","8477346;8478872;8479410;8482699;8483431",0,0,"VGK","UTA"
"2025030172",1620,1628,8,"8475188;8477447;8478403;8478483;8479394","8477346;8478872;8479410;8482699;8483431",0,0,"VGK","UTA"
"2025030172",1628,1634,6,"8475188;8477447;8478403;8478483;8479394","8477220;8477346;8478872;8479343;8483431",0,0,"VGK","UTA"
"2025030172",1634,1638,4,"8475188;8475913;8477447;8478403;8479394","8477220;8477346;8478872;8479343;8483431",0,0,"VGK","UTA"
"2025030172",1638,1640,2,"8475188;8475913;8477447;8478403;8479394","8477220;8478507;8478872;8479343;8483431",0,0,"VGK","UTA"
"2025030172",1640,1651,11,"8475188;8475913;8477447;8478403;8479394","8477220;8477951;8478507;8478872;8479343",0,0,"VGK","UTA"
"2025030175",4422,4468,46,"8475188;8475913;8477447;8478403;8479394","8477951;8478507;8478872;8479343;8479410",0,0,"VGK","UTA"
"2025030185",851,860,9,"8476454;8478013;8478402;8478971;8480803","8474590;8478024;8478873;8481605;8484153",0,0,"EDM","ANA"
"2025030185",2280,2309,29,"8477934;8478013;8478402;8478971;8480803","8474590;8478024;8478873;8481605;8484153",0,0,"EDM","ANA"
"2025030212",2224,2240,16,"8479312;8480802;8480839;8482097;8482671","8480018;8480865;8482487;8483457;8483515",0,0,"BUF","MTL"
"2025030213",707,721,14,"8480018;8480865;8481540;8482487;8483457","8479312;8480802;8480839;8481524;8482097",0,0,"MTL","BUF"
"2025030214",1045,1072,27,"8476981;8478133;8482087;8482487;8483457","8477949;8480045;8480064;8480839;8481524",0,0,"MTL","BUF"
"2025030216",1037,1064,27,"8480018;8480865;8481540;8482087;8482487","8480045;8480802;8480807;8480839;8482097",0,0,"MTL","BUF"
"2025030221",2845,2871,26,"8475883;8476906;8476958;8478427;8482093","8478435;8480220;8481546;8482142;8482159",0,0,"CAR","PHI"
"2025030221",2871,2881,10,"8475883;8476906;8476958;8478427;8482093","8478435;8481546;8482142;8482159;8484142",0,0,"CAR","PHI"
"2025030221",2881,2883,2,"8475883;8476906;8476958;8478427;8482093","8478435;8481546;8482142;8483731;8484142",0,0,"CAR","PHI"
"2025030221",2883,2887,4,"8475883;8476906;8476958;8478427;8482093","8477499;8478435;8481546;8483731;8484142",0,0,"CAR","PHI"
"2025030221",2887,2904,17,"8475883;8476906;8476958;8478427;8482093","8477499;8477948;8478435;8483731;8484142",0,0,"CAR","PHI"
"2025030222",3276,3285,9,"8475883;8476906;8476958;8477940;8478427","8477499;8477948;8477989;8478435;8481533",0,0,"CAR","PHI"
"2025030223",2534,2546,12,"8476461;8477499;8477948;8478435;8482159","8475883;8476958;8478427;8482093;8482100",0,0,"PHI","CAR"
"2025030223",2546,2547,1,"8477499;8477948;8478435;8481533;8482159","8475883;8476958;8478427;8482093;8482100",0,0,"PHI","CAR"
"2025030233",894,898,4,"8477446;8478864;8480800;8482122;8482661","8475754;8475809;8476967;8477501;8484258",0,0,"MIN","COL"
"2025030233",898,911,13,"8478864;8480800;8481557;8482122;8482661","8475754;8475809;8476967;8477501;8484258",0,0,"MIN","COL"
"2025030234",48,50,2,"8477451;8478864;8480800;8482122;8482661","8470613;8476967;8477492;8478406;8480039",0,0,"MIN","COL"
"2025030234",50,63,13,"8478864;8480800;8481557;8482122;8482661","8470613;8476967;8477492;8478406;8480039",0,0,"MIN","COL"
"2025030241",2927,2932,5,"8475188;8477447;8478483;8479353;8479394","8476885;8478873;8480843;8481605;8484153",0,0,"VGK","ANA"
"2025030246",2127,2162,35,"8474590;8475798;8480843;8481605;8484762","8476448;8478396;8478397;8478403;8479394",0,0,"ANA","VGK"
"2025030246",2162,2165,3,"8474590;8475798;8478873;8480843;8481605","8476448;8478396;8478397;8478403;8479394",0,0,"ANA","VGK"
"2025030246",2165,2168,3,"8474590;8475798;8478873;8480843;8481605","8478396;8478397;8478403;8478483;8479394",0,0,"ANA","VGK"
"2025030246",2168,2174,6,"8474590;8475798;8478873;8480843;8481605","8477447;8478397;8478483;8479353;8479394",0,0,"ANA","VGK"
"2025030246",2174,2175,1,"8474590;8475798;8478873;8480843;8481605","8477447;8478483;8479353;8479394;8479639",0,0,"ANA","VGK"
"2025030246",2175,2200,25,"8474590;8478873;8480843;8481605;8484153","8477447;8478483;8479353;8479394;8479639",0,0,"ANA","VGK"
"2025030246",2200,2203,3,"8474590;8478873;8480843;8481605;8484153","8477447;8478483;8479394;8479639;8481604",0,0,"ANA","VGK"
"2025030246",2203,2204,1,"8474590;8480843;8481605;8483445;8484153","8477447;8478483;8479394;8479639;8481604",0,0,"ANA","VGK"
"2025030246",2204,2207,3,"8474590;8475184;8480843;8481605;8483445","8477447;8478483;8479394;8479639;8481604",0,0,"ANA","VGK"
"2025030246",2207,2218,11,"8474590;8475184;8480843;8481605;8483445","8478396;8478397;8478483;8479394;8481604",0,0,"ANA","VGK"
"2025030246",2218,2221,3,"8474590;8475184;8480843;8481605;8483445","8476925;8478396;8478397;8479394;8481604",0,0,"ANA","VGK"
"2025030246",2221,2227,6,"8475184;8480843;8481605;8482178;8483445","8476925;8478396;8478397;8479394;8481604",0,0,"ANA","VGK"
"2025030246",2227,2229,2,"8475184;8480843;8482178;8482803;8483445","8476925;8478396;8478397;8479394;8481604",0,0,"ANA","VGK"
"2025030311",235,244,9,"8475883;8476906;8476958;8478427;8482093","8476479;8476875;8476981;8478851;8482487",0,0,"CAR","MTL"
"2025030311",2353,2358,5,"8475883;8476958;8477940;8482100;8482809","8478133;8478851;8481618;8482487;8483457",0,0,"CAR","MTL"
"2025030313",2289,2302,13,"8476875;8478851;8480018;8481540;8482487","8475883;8476958;8478427;8478970;8482093",0,0,"MTL","CAR"
"2025030323",2534,2547,13,"8478396;8478397;8478403;8479394;8481604","8475754;8475809;8478038;8480039;8480069",0,0,"VGK","COL"
"2025030414",2310,2325,15,"8475913;8476448;8478396;8478397;8479394","8476906;8476958;8478427;8482093;8483548",0,0,"VGK","CAR"
