season,game_type,player_id,first_name,last_name,position,team_abbrev,gp,goals,assists,points,top_shot_speed_mph,avg_shot_speed_mph,shot_attempts_over100,shot_attempts_90_100,shot_attempts_80_90,shot_attempts_70_80,max_skate_speed_mph,bursts_over22,bursts_20_22,bursts_18_20,dist_total_mi,dist_per60_mi,dist_max_game_mi,oz_pct,nz_pct,dz_pct,oz_league_avg,dz_league_avg,oz_starts_pct,nz_starts_pct,dz_starts_pct
2027,2,8480803,Evan,Bouchard,D,EDM,1,3,2,5,89.01,68.1709,0,0,2,3,20.4348,0,1,11,3.8657,9.0308,3.8657,0.54747789,0.17848264,0.27403947,0.42051664,0.41897957,0.5714,0.2857,0.1429
2027,2,8475754,Brock,Nelson,C,COL,1,1,2,3,56.35,46.78,0,0,0,0,21.0773,0,1,13,3.2012,9.9865,3.2012,0.38828493,0.19428995,0.41742513,0.44704916,0.39650865,0.3,0.6,0.1
2027,2,8478403,Jack,Eichel,C,VGK,1,1,2,3,89.69,64.454,0,0,2,1,23.3387,1,2,13,3.0853,10.2844,3.0853,0.38243796,0.21397375,0.40358828,0.44704916,0.39650865,0.1667,0.5,0.3333
2027,2,8480842,Filip,Hallander,C,PIT,1,1,2,3,79.37,49.945,0,0,0,1,21.0831,0,2,5,1.7524,9.6316,1.7524,0.46043028,0.14111561,0.39845411,0.44704916,0.39650865,0.8333,0.1667,0
2027,2,8484158,Easton,Cowan,R,TOR,2,1,2,3,70.1,64.78,0,0,0,1,22.3005,1,7,11,4.6582,9.5226,2.6573,0.47953994,0.17483736,0.3456227,0.44704916,0.39650865,0.4348,0.2609,0.3043
2027,2,8475172,Nazem,Kadri,C,COL,1,0,2,2,71.8,69.4767,0,0,0,1,21.1831,0,2,12,2.941,9.8307,2.941,0.43458209,0.18551816,0.37989974,0.44704916,0.39650865,0.3333,0.5833,0.0833
2027,2,8475188,Brayden,McNabb,D,VGK,1,0,2,2,87.61,62.6375,0,0,1,0,18.5157,0,0,1,2.6384,8.443,2.6384,0.40262736,0.20136166,0.39601098,0.42051664,0.41897957,0.125,0.625,0.25
2027,2,8475768,Jaden,Schwartz,L,COL,1,0,2,2,13.3,13.3,0,0,0,0,20.7468,0,1,7,2.0782,9.7288,2.0782,0.40099401,0.15966671,0.43933928,0.44704916,0.39650865,0.3,0.3,0.4
2027,2,8476853,Morgan,Rielly,D,TOR,2,0,2,2,41.76,41.76,0,0,0,0,19.3679,0,0,10,5.8337,8.4717,3.1843,0.44187107,0.1789971,0.37913183,0.42051664,0.41897957,0.5,0.3,0.2
2027,2,8476981,Josh,Anderson,R,MTL,1,1,1,2,61.36,33.445,0,0,0,0,21.3538,0,7,8,2.1901,10.1995,2.1901,0.43823743,0.18164919,0.38011338,0.44704916,0.39650865,0.1111,0.3333,0.5556
2027,2,8477447,Shea,Theodore,D,VGK,1,0,2,2,82.18,78.695,0,0,1,1,18.7482,0,0,4,3.2755,9.1981,3.2755,0.43891648,0.20055654,0.36052697,0.42051664,0.41897957,0.1176,0.5882,0.2941
2027,2,8477476,Artturi,Lehkonen,L,COL,1,2,0,2,70.86,58.35,0,0,0,1,19.4542,0,0,4,2.902,8.9522,2.902,0.35632553,0.20351143,0.44016304,0.44704916,0.39650865,0.2308,0.3846,0.3846
2027,2,8477492,Nathan,MacKinnon,C,COL,1,2,0,2,78.74,63.78,0,0,0,2,22.7223,3,4,9,2.9644,10.03,2.9644,0.37885227,0.17822021,0.44292753,0.44704916,0.39650865,0.2143,0.4286,0.3571
2027,2,8477939,William,Nylander,R,TOR,2,2,0,2,90.18,65.8264,0,1,3,2,20.8975,0,2,14,5.391,8.8862,2.7483,0.46496592,0.15633913,0.37869495,0.44704916,0.39650865,0.7333,0.2,0.0667
2027,2,8477964,Ivan,Barbashev,L,VGK,1,0,2,2,85.42,79.905,0,0,1,1,18.7175,0,0,3,2.4547,10.1927,2.4547,0.35020777,0.2109471,0.43884513000000003,0.44704916,0.39650865,0.1538,0.5385,0.3077
2027,2,8478038,Devon,Toews,D,COL,1,0,2,2,43.98,43.98,0,0,0,0,19.4908,0,0,4,2.7247,8.1468,2.7247,0.36640134,0.19691433,0.43668434,0.42051664,0.41897957,0.2105,0.4737,0.3158
2027,2,8478402,Connor,McDavid,C,EDM,1,0,2,2,40.48,40.48,0,0,0,0,22.6404,2,12,11,4.1331,10.8528,4.1331,0.48274246,0.1774179,0.33983964,0.44704916,0.39650865,0.6,0.3333,0.0667
2027,2,8478851,Alexandre,Carrier,D,MTL,1,1,1,2,69.21,62.4075,0,0,0,0,20.0828,0,1,5,3.1808,8.7146,3.1808,0.40058791,0.17320965,0.42620244,0.42051664,0.41897957,0.3125,0.25,0.4375
2027,2,8479398,Samuel,Girard,D,PIT,1,0,2,2,78.56,59.7575,0,0,0,1,19.985,0,0,5,2.9793,8.4987,2.9793,0.47617139000000003,0.14481807,0.37901055,0.42051664,0.41897957,0.4167,0.3333,0.25
2027,2,8479425,Filip,Hronek,D,VAN,1,0,2,2,86.45,73.505,0,0,1,0,19.7074,0,0,4,3.4492,8.2342,3.4492,0.34886987,0.19531774,0.45581239,0.42051664,0.41897957,0.2105,0.4737,0.3158
2027,2,8480069,Cale,Makar,D,COL,1,0,2,2,90.92,90.92,0,1,0,0,21.1313,0,2,5,2.595,8.5393,2.595,0.38881713,0.20347054,0.40771232,0.42051664,0.41897957,0.2143,0.4286,0.3571
2027,2,8480448,Parker,Kelly,C,COL,1,1,1,2,87.56,87.56,0,0,1,0,20.0217,0,1,7,2.1378,9.9562,2.1378,0.35269749,0.19434831,0.4529542,0.44704916,0.39650865,0.2308,0.5385,0.2308
2027,2,8481032,Paul,Cotter,L,VAN,1,2,0,2,81.86,47.5,0,0,1,0,20.9341,0,2,7,1.9066,9.6536,1.9066,0.31710908,0.15029429,0.53259663,0.44704916,0.39650865,0.125,0.5,0.375
2027,2,8481527,Kaedan,Korczak,D,PIT,1,0,2,2,72.19,49.45,0,0,0,1,19.4299,0,0,3,2.6892,8.7139,2.6892,0.46277536,0.1601833,0.37704134,0.42051664,0.41897957,0.4615,0.3077,0.2308
2027,2,8481582,Nick,Robertson,L,PIT,1,2,0,2,52.85,45.66,0,0,0,0,21.2123,0,4,4,2.3293,9.2967,2.3293,0.47437336,0.14473735,0.38088929,0.44704916,0.39650865,0.3077,0.3846,0.3077
2027,2,8481617,Vasily,Podkolzin,R,EDM,1,2,0,2,80.59,60.1522,0,0,1,2,21.0872,0,2,10,2.9717,9.7254,2.9717,0.55760236,0.18029238,0.26210526,0.44704916,0.39650865,0.4,0.1333,0.4667
2027,2,8482148,Hendrix,Lapierre,C,PIT,1,1,1,2,76.99,72.605,0,0,0,1,21.4813,0,2,6,2.1311,9.8106,2.1311,0.52102332,0.13071743,0.34825925,0.44704916,0.39650865,0.7143,0.2857,0
2027,2,8482155,Alex,Laferriere,R,LAK,1,0,2,2,82.29,67.99,0,0,1,1,22.239,1,2,5,2.4371,9.424,2.4371,0.48651335,0.14996631,0.36352033,0.44704916,0.39650865,0.3846,0.4615,0.1538
2027,2,8483489,Fraser,Minten,C,BOS,1,1,1,2,84.6,66.788,0,0,2,0,20.3573,0,1,7,2.601,10.5448,2.601,0.46992855,0.21844072,0.31163073,0.44704916,0.39650865,0.75,0.125,0.125
2027,2,8484136,Max,Sasson,C,VAN,1,1,1,2,58.94,40.3533,0,0,0,0,22.8069,2,6,9,2.9152,10.5265,2.9152,0.36921339,0.19300481,0.43778179,0.44704916,0.39650865,0.1176,0.4118,0.4706
2027,2,8470613,Brent,Burns,D,COL,1,0,1,1,0,0,0,0,0,0,18.9098,0,0,3,2.2303,8.699,2.2303,0.36296705,0.19046019,0.44657276,0.42051664,0.41897957,0.3333,0.4167,0.25
2027,2,8471215,Evgeni,Malkin,C,PIT,1,1,0,1,80.98,60.0425,0,0,1,0,19.9921,0,0,6,2.7328,10.3885,2.7328,0.40762558,0.17533769,0.41703672,0.44704916,0.39650865,0.3529,0.3529,0.2941
2027,2,8471675,Sidney,Crosby,C,PIT,1,0,1,1,70.44,48.8567,0,0,0,1,21.2941,0,1,5,2.6585,9.0374,2.6585,0.5084357,0.13811679,0.35344751,0.44704916,0.39650865,0.3846,0.3077,0.3077
2027,2,8471724,Kris,Letang,D,PIT,1,0,1,1,83.15,69.1783,0,0,2,1,19.7886,0,0,5,2.6256,8.4095,2.6256,0.52179382,0.14825827,0.3299479,0.42051664,0.41897957,0.2941,0.2353,0.4706
2027,2,8474141,Patrick,Kane,R,CHI,1,1,0,1,70.13,58.5129,0,0,0,1,19.897,0,0,8,3.5279,9.7998,3.5279,0.42862254,0.17947611,0.39190134,0.44704916,0.39650865,0.5263,0.4211,0.0526
2027,2,8474563,Drew,Doughty,D,LAK,1,0,1,1,84.72,74.516,0,0,1,3,20.1444,0,1,4,3.3594,8.8861,3.3594,0.42980638,0.19149752,0.37869609,0.42051664,0.41897957,0.3333,0.4,0.2667
2027,2,8474578,Erik,Karlsson,D,PIT,1,0,1,1,90.44,62.7367,0,1,0,1,20.9802,0,2,4,2.6081,7.8309,2.6081,0.44681674,0.14789945,0.40528381,0.42051664,0.41897957,0.4,0.4,0.2
2027,2,8475166,John,Tavares,C,TOR,2,0,1,1,63.95,31.6943,0,0,0,0,20.2309,0,1,12,5.0653,9.0541,2.6044,0.45399651,0.15060225,0.39540124,0.44704916,0.39650865,0.7143,0.1429,0.1429
2027,2,8475208,Brian,Dumoulin,D,LAK,1,1,0,1,78.57,63.235,0,0,0,2,18.4288,0,0,3,2.3008,8.3664,2.3008,0.38852228,0.20442745,0.40705027,0.42051664,0.41897957,0.2143,0.3571,0.4286
2027,2,8475287,Erik,Haula,L,LAK,1,0,1,1,82.11,54.57,0,0,1,1,21.5021,0,2,10,2.3604,9.1763,2.3604,0.38064762,0.17247376,0.44687862,0.44704916,0.39650865,0.0769,0.3846,0.5385
2027,2,8475343,Nic,Dowd,C,VGK,1,0,1,1,NA,NA,NA,NA,NA,NA,20.4431,0,1,8,2.1105,10.0368,2.1105,0.34952518,0.17035746,0.48011736,0.44704916,0.39650865,0.3333,0.5833,0.0833
2027,2,8475913,Mark,Stone,R,VGK,1,1,0,1,40.6,40.6,0,0,0,0,21.0416,0,1,4,2.6974,9.4187,2.6974,0.3936177,0.21272472,0.39365758,0.44704916,0.39650865,0.1667,0.5,0.3333
2027,2,8476312,Josh,Manson,D,COL,1,0,1,1,89.98,89.98,0,0,1,0,21.0545,0,1,2,2.0606,8.5168,2.0606,0.38131111,0.17784474,0.44084415,0.42051664,0.41897957,0.1667,0.5,0.3333
2027,2,8476455,Gabriel,Landeskog,L,COL,1,1,0,1,0,0,0,0,0,0,20.0073,0,1,3,2.8695,9.6365,2.8695,0.45045674,0.18500894,0.36453432,0.44704916,0.39650865,0.3636,0.4545,0.1818
2027,2,8476467,Jamie,Oleksiak,D,VAN,1,0,1,1,NA,NA,NA,NA,NA,NA,21.2519,0,3,4,3.2134,8.1582,3.2134,0.31185093,0.17167121,0.51647787,0.42051664,0.41897957,0.3846,0.1538,0.4615
2027,2,8476469,Joel,Armia,R,LAK,1,1,0,1,82.11,57.975,0,0,1,0,19.7377,0,0,8,2.0732,9.6302,2.0732,0.39808781,0.18340147,0.41851072,0.44704916,0.39650865,0.4286,0.4286,0.1429
2027,2,8476483,Rickard,Rakell,R,PIT,1,0,1,1,67.47,50.7675,0,0,0,0,20.1619,0,2,9,3.1164,10.0891,3.1164,0.49136016,0.13593512,0.37270471,0.44704916,0.39650865,0.3333,0.3333,0.3333
2027,2,8476854,Hampus,Lindholm,D,BOS,1,0,1,1,73.88,71.13,0,0,0,1,19.4589,0,0,6,2.5806,8.3171,2.5806,0.41857222,0.20058694,0.38084084,0.42051664,0.41897957,0.2381,0.3333,0.4286
2027,2,8476875,Mike,Matheson,D,MTL,1,0,1,1,93.96,66.198,0,1,1,0,21.5059,0,1,5,3.6045,8.6106,3.6045,0.37516433,0.18413954,0.44069613,0.42051664,0.41897957,0.1765,0.3529,0.4706
2027,2,8476879,Cody,Ceci,D,LAK,1,0,1,1,94.38,78.1167,0,1,0,1,20.1236,0,1,3,2.6514,8.2002,2.6514,0.46247349,0.17320389,0.36432262,0.42051664,0.41897957,0.0714,0.5714,0.3571
2027,2,8476925,Colton,Sissons,C,TOR,2,1,0,1,50.36,34.132,0,0,0,0,19.1618,0,0,12,3.9495,8.9989,2.3213,0.36084321,0.15732797,0.48182882,0.44704916,0.39650865,0.2609,0.3478,0.3913
2027,2,8477409,Carter,Verhaeghe,C,FLA,1,0,1,1,64.07,57.195,0,0,0,0,20.2224,0,1,11,3.1642,10.0098,3.1642,0.40077536,0.19792366,0.40130097,0.44704916,0.39650865,0.0909,0.4545,0.4545
2027,2,8477426,Nick,Paul,L,TOR,2,0,1,1,49.84,49.84,0,0,0,0,20.1509,0,1,12,4.7974,9.211,2.5507,0.44632536,0.16676604,0.38690859,0.44704916,0.39650865,0.3,0.35,0.35
2027,2,8477496,Elias,Lindholm,C,BOS,1,0,1,1,41.37,37.07,0,0,0,0,20.2819,0,1,6,2.5216,9.4659,2.5216,0.379682,0.18744573,0.43287226,0.44704916,0.39650865,0.6154,0.2308,0.1538
2027,2,8477500,Bo,Horvat,C,NYI,1,0,1,1,84.17,59.7238,0,0,1,0,20.9808,0,2,8,3.2976,8.787,3.2976,0.50275493,0.13642943,0.36081565,0.44704916,0.39650865,0.3,0.4,0.3
2027,2,8477934,Leon,Draisaitl,C,EDM,1,0,1,1,73.27,57.3557,0,0,0,1,21.3263,0,5,12,3.4671,9.7893,3.4671,0.54995559,0.17894978,0.27109463,0.44704916,0.39650865,0.4706,0.1176,0.4118
2027,2,8478055,Gustav,Forsling,D,FLA,1,1,0,1,88.61,77.285,0,0,2,1,22.0719,1,1,6,3.1675,8.3847,3.1675,0.40219137,0.16306832,0.43474031,0.42051664,0.41897957,0.4615,0.1538,0.3846
2027,2,8478109,Victor,Olofsson,L,VGK,1,1,0,1,82.46,82.46,0,0,1,0,19.3861,0,0,10,2.2962,9.8761,2.2962,0.46691149,0.15105493,0.38203357,0.44704916,0.39650865,0.6667,0.1667,0.1667
2027,2,8478396,Noah,Hanifin,D,VGK,1,1,0,1,65.28,57.935,0,0,0,0,19.5212,0,0,4,0.9977,3.1758,0.9977,0.44840027,0.17145633,0.3801434,0.42051664,0.41897957,0.6111,0.2222,0.1667
2027,2,8478413,Jordan,Greenway,L,CHI,1,1,0,1,83.58,64.8475,0,0,1,1,19.8061,0,0,3,2.2371,9.4971,2.2371,0.41030393,0.1659895,0.42370657,0.44704916,0.39650865,0,0.2667,0.7333
2027,2,8478438,Tommy,Novak,C,PIT,1,0,1,1,NA,NA,NA,NA,NA,NA,19.7569,0,0,7,2.5551,9.542,2.5551,0.49495048,0.17119618,0.33385334,0.44704916,0.39650865,0.3333,0.4167,0.25
2027,2,8478444,Brock,Boeser,R,VAN,1,0,1,1,62.52,62.52,0,0,0,0,19.8729,0,0,4,2.3244,9.3913,2.3244,0.40085751,0.18891387,0.41022862,0.44704916,0.39650865,0.2222,0.2222,0.5556
2027,2,8478458,Jack,Roslovic,C,TOR,2,0,1,1,77.36,67.0183,0,0,0,3,21.7463,0,10,15,5.2122,9.4433,2.8565,0.43867134,0.19339284,0.36793582,0.44704916,0.39650865,0.3333,0.4286,0.2381
2027,2,8478462,Nicolas,Roy,C,COL,1,1,0,1,76.12,49.3,0,0,0,1,20.8547,0,2,3,2.1004,10.3296,2.1004,0.4316391,0.19519799,0.37316291,0.44704916,0.39650865,0.3333,0.6667,0
2027,2,8478498,Jake,DeBrusk,L,VAN,1,0,1,1,49.65,49.65,0,0,0,0,20.8348,0,2,12,2.8648,11.0302,2.8648,0.37060814,0.18991615,0.43947571,0.44704916,0.39650865,0.5,0.2143,0.2857
2027,2,8478550,Artemi,Panarin,L,LAK,1,1,0,1,80.17,55.5443,0,0,1,1,19.7031,0,0,3,3.0407,9.0022,3.0407,0.47275154,0.23065235,0.29659611,0.44704916,0.39650865,0.25,0.5,0.25
2027,2,8478854,Ryan,Shea,D,EDM,1,0,1,1,NA,NA,NA,NA,NA,NA,21.0001,0,1,6,3.3149,8.7683,3.3149,0.49106678,0.16788448,0.34104874,0.42051664,0.41897957,0.4737,0.2105,0.3158
2027,2,8479675,Trevor,Moore,L,LAK,1,1,0,1,81.14,68.635,0,0,1,0,20.4123,0,1,5,2.3799,9.5622,2.3799,0.37567776,0.17900811,0.44531412,0.44704916,0.39650865,0.0909,0.5455,0.3636
2027,2,8479998,Mikey,Anderson,D,LAK,1,0,1,1,73.73,69.66,0,0,0,1,19.6088,0,0,3,2.7678,8.5822,2.7678,0.44032468,0.1753964,0.38427892,0.42051664,0.41897957,0.1333,0.5333,0.3333
2027,2,8480012,Elias,Pettersson,C,VAN,1,1,0,1,64.18,58.845,0,0,0,0,20.3118,0,2,6,3.1548,9.7654,3.1548,0.33282741,0.18544783,0.48172476,0.44704916,0.39650865,0.4667,0.2,0.3333
2027,2,8480029,Alex,Formenton,L,EDM,1,0,1,1,42.14,42.14,0,0,0,0,21.0843,0,2,8,2.5764,10.2034,2.5764,0.40317522,0.19797874,0.39884604,0.44704916,0.39650865,0.4667,0.4,0.1333
2027,2,8480039,Martin,Necas,C,COL,1,0,1,1,78,69.0371,0,0,0,5,22.9674,2,3,17,3.4363,10.7476,3.4363,0.37487346,0.18911232,0.43601422,0.44704916,0.39650865,0.2143,0.4286,0.3571
2027,2,8480355,Mark,Kastelic,C,BOS,1,1,0,1,49.92,49.92,0,0,0,0,19.885,0,0,9,2.138,9.7799,2.138,0.28640179,0.23009616,0.48350205,0.44704916,0.39650865,0.1,0.5,0.4
2027,2,8480893,Kirill,Marchenko,R,TOR,2,0,1,1,81.46,52.82,0,0,1,2,22.0765,1,5,20,6.1987,9.6855,3.2732,0.47889817,0.16446571,0.35663612,0.44704916,0.39650865,0.3182,0.5,0.1818
2027,2,8481024,Linus,Karlsson,C,VAN,1,0,1,1,75.01,71.045,0,0,0,1,19.7965,0,0,7,2.18,9.606,2.18,0.37308347,0.19238959,0.43452694,0.44704916,0.39650865,0.1333,0.4667,0.4
2027,2,8481523,Kirby,Dach,C,MTL,1,0,1,1,76.3,68.99,0,0,0,1,20.5255,0,1,9,1.8816,10.1554,1.8816,0.37983,0.16482388,0.45534613,0.44704916,0.39650865,0.2,0.3,0.5
2027,2,8481532,Alex,Turcotte,C,LAK,1,0,1,1,29.75,29.75,0,0,0,0,20.169,0,2,9,2.3962,9.2261,2.3962,0.46759697,0.15942251,0.37298052,0.44704916,0.39650865,0.3846,0.4615,0.1538
2027,2,8482055,Drew,O'Connor,L,VAN,1,0,1,1,45.16,45.16,0,0,0,0,21.668,0,3,10,2.8894,9.8131,2.8894,0.37019852,0.19572264,0.43407884,0.44704916,0.39650865,0.1176,0.4706,0.4118
2027,2,8482079,Marco,Rossi,C,VAN,1,1,0,1,55.59,55.59,0,0,0,0,20.78,0,3,5,2.4688,9.8643,2.4688,0.4070366,0.17416963,0.41879377,0.44704916,0.39650865,0.2222,0.2222,0.5556
2027,2,8482175,JJ,Peterka,R,BOS,1,1,0,1,59.93,55.065,0,0,0,0,22.561,1,1,9,2.7239,9.5295,2.7239,0.41095074,0.18926329,0.39978597,0.44704916,0.39650865,0.5714,0.2143,0.2143
2027,2,8482176,Wyatt,Kaiser,D,CHI,1,0,1,1,NA,NA,NA,NA,NA,NA,20.4198,0,1,4,2.8643,8.3358,2.8643,0.40807067,0.18719777,0.40473156,0.42051664,0.41897957,0.1429,0.4286,0.4286
2027,2,8482177,Marat,Khusnutdinov,C,BOS,1,0,1,1,0,0,0,0,0,0,22.0331,1,3,4,2.3141,10.3747,2.3141,0.48299594,0.19457887,0.32242519,0.44704916,0.39650865,0.8571,0.1429,0
2027,2,8482475,Egor,Chinakhov,R,PIT,1,1,0,1,98.89,82.4267,0,1,0,1,20.9233,0,3,12,2.7783,9.825,2.7783,0.43658062,0.17720142,0.38621795,0.44704916,0.39650865,0.2857,0.3571,0.3571
2027,2,8482476,Emil,Heineman,L,NYI,1,1,0,1,46.34,46.34,0,0,0,0,21.9846,0,4,7,2.2409,10.009,2.2409,0.42419587,0.1586435,0.41716063,0.44704916,0.39650865,0.4,0.4,0.2
2027,2,8482511,Mason,Lohrei,D,BOS,1,0,1,1,76.39,72.12,0,0,0,1,18.9624,0,0,4,2.7564,8.5469,2.7564,0.42082559,0.17582229,0.40335212,0.42051664,0.41897957,0.5,0.2,0.3
2027,2,8482737,Zachary,Bolduc,R,MTL,1,1,0,1,63.86,49.61,0,0,0,0,21.2324,0,2,3,1.8195,9.865,1.8195,0.50005387,0.1811585,0.31878763,0.44704916,0.39650865,0.125,0.375,0.5
2027,2,8482758,Ville,Koivunen,R,PIT,1,1,0,1,30.09,26.51,0,0,0,0,17.5918,0,0,0,2.1339,9.2557,2.1339,0.4838345,0.14608689,0.37007861,0.44704916,0.39650865,0.875,0.125,0
2027,2,8483398,Declan,Carlile,D,PIT,1,0,1,1,81.45,65.4425,0,0,1,0,19.1889,0,0,6,2.4569,8.9341,2.4569,0.39517761,0.17581356,0.42900883,0.42051664,0.41897957,0.4667,0.3333,0.2
2027,2,8483450,Ryan,Greene,C,CHI,1,0,1,1,33.54,33.54,0,0,0,0,21.2579,0,1,7,2.3923,9.7534,2.3923,0.39071863,0.16784216,0.44143921,0.44704916,0.39650865,0,0.25,0.75
2027,2,8483476,Jonathan,Lekkerimäki,R,VAN,1,1,0,1,76.9,76.9,0,0,0,1,20.4431,0,1,7,2.1979,10.466,2.1979,0.365824,0.17948748,0.45468852,0.44704916,0.39650865,0.5833,0.1667,0.25
2027,2,8483499,Liam,Ohgren,L,VAN,1,0,1,1,86.92,75.4067,0,0,2,0,20.2758,0,2,13,2.9569,10.1477,2.9569,0.36587914,0.18946466,0.4446562,0.44704916,0.39650865,0.2222,0.2222,0.5556
2027,2,8483553,Marc,Gatcomb,C,VGK,1,0,1,1,57.35,49.2633,0,0,0,0,21.1955,0,2,8,1.7195,9.8101,1.7195,0.34834937,0.17275468,0.47889595,0.44704916,0.39650865,0.2,0.7,0.1
2027,2,8484803,Trevor,Connelly,L,VGK,1,1,0,1,67.7,39.442,0,0,0,0,22.0344,1,2,7,1.9573,10.3318,1.9573,0.47172078,0.16160265,0.36667657,0.44704916,0.39650865,0.6,0.2,0.2
2027,2,8473533,Jordan,Staal,C,CAR,1,0,0,0,NA,NA,NA,NA,NA,NA,20.6203,0,1,11,2.9467,10.2295,2.9467,0.33350831,0.17763891,0.48885278,0.44704916,0.39650865,0.2,0.5,0.3
2027,2,8474013,Ian,Cole,D,CHI,1,0,0,0,NA,NA,NA,NA,NA,NA,18.8757,0,0,2,1.662,7.8727,1.662,0.38298325,0.15428838,0.46272837,0.42051664,0.41897957,0.125,0.25,0.625
2027,2,8474189,Lars,Eller,C,FLA,1,0,0,0,52.86,52.86,0,0,0,0,20.5776,0,2,6,1.9214,9.9667,1.9214,0.39419673,0.17050647,0.4352968,0.44704916,0.39650865,0.4286,0.4286,0.1429
2027,2,8474568,Luke,Schenn,D,VAN,1,0,0,0,72.6,71.39,0,0,0,2,19.3288,0,0,1,1.8243,7.5926,1.8243,0.41785802,0.15783392,0.42430805,0.42051664,0.41897957,0.25,0.3333,0.4167
2027,2,8475151,Kyle,Palmieri,C,NYI,1,0,0,0,90.36,49.2367,0,1,0,1,21.1503,0,1,8,2.7409,8.8495,2.7409,0.53782192,0.1408011,0.32137698,0.44704916,0.39650865,0.3,0.4,0.3
2027,2,8475170,Brayden,Schenn,C,NYI,1,0,0,0,75.58,74.47,0,0,0,2,20.4654,0,1,7,2.1135,8.776,2.1135,0.44138926,0.15571537,0.40289536,0.44704916,0.39650865,0.1111,0.2222,0.6667
2027,2,8475171,Oliver,Ekman-Larsson,D,TOR,2,0,0,0,87.63,75.6975,0,0,1,2,20.5627,0,1,9,5.0098,8.9416,2.6538,0.42035923,0.1602637,0.41937707,0.42051664,0.41897957,0.4583,0.2083,0.3333
2027,2,8475179,Dmitry,Kulikov,D,FLA,1,0,0,0,NA,NA,NA,NA,NA,NA,19.3432,0,0,5,1.8825,9.5991,1.8825,0.4171506,0.21826705,0.36458235,0.42051664,0.41897957,0.1429,0.5714,0.2857
2027,2,8475184,Chris,Kreider,L,MTL,1,0,0,0,80.83,53.365,0,0,1,0,21.7031,0,4,5,2.2431,9.3787,2.2431,0.39021012,0.1804834,0.42930648,0.44704916,0.39650865,0.3636,0.3636,0.2727
2027,2,8475218,Mattias,Ekholm,D,EDM,1,0,0,0,74.28,72.47,0,0,0,3,19.4616,0,0,7,3.0719,8.8049,3.0719,0.49244669,0.19597389,0.31157942,0.42051664,0.41897957,0.3333,0.5,0.1667
2027,2,8475231,Casey,Cizikas,C,NYI,1,0,0,0,NA,NA,NA,NA,NA,NA,20.3143,0,1,9,1.6445,10.4045,1.6445,0.38276656,0.18277775,0.43445569,0.44704916,0.39650865,0.1667,0.3333,0.5
2027,2,8475235,Nicolas,Deslauriers,L,CAR,1,0,0,0,NA,NA,NA,NA,NA,NA,18.679,0,0,3,0.8259,9.8784,0.8259,0.45112987,0.16927905,0.37959108,0.44704916,0.39650865,0.2,0.6,0.2
2027,2,8475462,Radko,Gudas,D,FLA,1,0,0,0,62.76,62.76,0,0,0,0,18.279,0,0,2,1.6902,9.4335,1.6902,0.43520737,0.21107893,0.3537137,0.42051664,0.41897957,0.1429,0.5714,0.2857
2027,2,8475690,Chris,Tanev,D,TOR,2,0,0,0,68.69,68.69,0,0,0,0,20.1259,0,1,5,5.3332,8.1422,2.7501,0.36776799,0.16467431,0.4675577,0.42051664,0.41897957,0.25,0.4688,0.2813
2027,2,8475692,Mats,Zuccarello,R,LAK,1,0,0,0,NA,NA,NA,NA,NA,NA,19.1771,0,0,2,2.6313,8.7792,2.6313,0.51492109,0.16865247,0.31642644,0.44704916,0.39650865,0.4167,0.5,0.0833
2027,2,8475786,Zach,Hyman,L,EDM,1,0,0,0,56.9,54.315,0,0,0,0,22.6101,1,0,8,2.9359,8.5719,2.9359,0.49177844,0.17401097,0.33421059,0.44704916,0.39650865,0.6,0.3333,0.0667
2027,2,8475791,Taylor,Hall,L,CAR,1,0,0,0,39.95,39.95,0,0,0,0,21.538,0,3,8,2.5391,9.8604,2.5391,0.43530901,0.19787055,0.36682044,0.44704916,0.39650865,0.3,0,0.7
2027,2,8475848,Brendan,Gallagher,R,VAN,1,0,0,0,75.56,75.56,0,0,0,1,21.1473,0,2,4,1.675,9.2203,1.675,0.29187466,0.14957386,0.55855148,0.44704916,0.39650865,0.125,0.5,0.375
2027,2,8476292,Ondrej,Palat,L,NYI,1,0,0,0,62.93,59.78,0,0,0,0,20.936,0,1,8,1.7118,10.169,1.7118,0.40880823,0.17853809,0.41265368,0.44704916,0.39650865,0.25,0.25,0.5
2027,2,8476372,Nick,Seeler,D,PHI,1,0,0,0,74.47,63.9567,0,0,0,1,18.4558,0,0,1,2.6593,8.0181,2.6593,0.41823962,0.1713935,0.41036688,0.42051664,0.41897957,0.0833,0.5,0.4167
2027,2,8476374,Sean,Kuraly,C,BOS,1,0,0,0,60.55,42.2433,0,0,0,0,19.1602,0,0,5,2.4435,9.7633,2.4435,0.32296118,0.2062707,0.47076812,0.44704916,0.39650865,0,0.5556,0.4444
2027,2,8476419,Jean-Gabriel,Pageau,C,NYI,1,0,0,0,0,0,0,0,0,0,19.2999,0,0,5,2.0711,8.9833,2.0711,0.39911916,0.14365842,0.45722242,0.44704916,0.39650865,0.3,0.4,0.3
2027,2,8476441,Joel,Edmundson,D,LAK,1,0,0,0,88.87,88.87,0,0,1,0,19.323,0,0,4,2.2278,8.5867,2.2278,0.40024656,0.18642741,0.41332603,0.42051664,0.41897957,0.4375,0.4375,0.125
2027,2,8476448,William,Karlsson,C,VGK,1,0,0,0,85.37,59.0925,0,0,1,1,19.6073,0,0,11,2.8923,9.9542,2.8923,0.42204056,0.16909947,0.40885996,0.44704916,0.39650865,0.25,0.3125,0.4375
2027,2,8476459,Mika,Zibanejad,C,NYR,1,0,0,0,73.31,59.0367,0,0,0,1,19.8267,0,0,10,2.9298,9.4935,2.9298,0.41969367,0.20948788,0.37081846,0.44704916,0.39650865,0.2667,0.4,0.3333
2027,2,8476461,Sean,Couturier,C,PHI,1,0,0,0,NA,NA,NA,NA,NA,NA,19.2826,0,0,5,2.4629,9.8082,2.4629,0.3470739,0.13783133,0.51509477,0.44704916,0.39650865,0,0,1
2027,2,8476468,J.T.,Miller,C,NYR,1,0,0,0,67.88,46.73,0,0,0,0,21.3209,0,2,8,2.5416,9.4132,2.5416,0.44292555,0.17549493,0.38157951,0.44704916,0.39650865,0.2857,0.3571,0.3571
2027,2,8476473,Connor,Murphy,D,EDM,1,0,0,0,73.36,69.0333,0,0,0,1,22.4285,1,0,3,2.7887,9.0525,2.7887,0.39570559,0.18708417,0.41721024,0.42051664,0.41897957,0.2308,0.4615,0.3077
2027,2,8476479,Phillip,Danault,C,MTL,1,0,0,0,NA,NA,NA,NA,NA,NA,19.701,0,0,5,2.4356,9.3577,2.4356,0.38339873,0.16920105,0.44740022,0.44704916,0.39650865,0.2,0.3,0.5
2027,2,8476872,Scott,Laughton,C,LAK,1,0,0,0,91.7,64.6367,0,1,0,0,21.6941,0,1,9,2.6126,10.3696,2.6126,0.40416151,0.16890917,0.42692931,0.44704916,0.39650865,0.0909,0.5455,0.3636
2027,2,8476873,Mark,Jankowski,L,CAR,1,0,0,0,0,0,0,0,0,0,20.838,0,2,9,2.0603,9.3531,2.0603,0.35301334,0.18582368,0.46116298,0.44704916,0.39650865,0.1111,0.3333,0.5556
2027,2,8476881,Tomas,Hertl,C,VGK,1,0,0,0,53.11,33.955,0,0,0,0,18.6954,0,0,3,2.4186,9.2135,2.4186,0.46738699,0.16115078,0.37146223,0.44704916,0.39650865,0.6,0.2,0.2
2027,2,8476906,Shayne,Gostisbehere,D,CAR,1,0,0,0,84.1,77.83,0,0,1,2,18.8688,0,0,2,2.7609,8.6503,2.7609,0.4829764,0.15414509,0.36287851,0.42051664,0.41897957,0.3636,0.1818,0.4545
2027,2,8476917,Adam,Pelech,D,NYI,1,0,0,0,88.3,68.825,0,0,1,0,18.8586,0,0,5,2.7765,8.3926,2.7765,0.43755375,0.1699974,0.39244885,0.42051664,0.41897957,0.125,0.4375,0.4375
2027,2,8476921,Jordan,Martinook,L,CAR,1,0,0,0,0,0,0,0,0,0,21.4799,0,1,2,2.1089,9.1469,2.1089,0.33224665,0.18648887,0.48126448,0.44704916,0.39650865,0.2,0.5,0.3
2027,2,8476927,Teddy,Blueger,C,TOR,2,0,0,0,65.7,65.7,0,0,0,0,19.9613,0,0,12,3.5162,9.4606,1.8543,0.35252981,0.17372855,0.47374164,0.44704916,0.39650865,0.3333,0.3333,0.3333
2027,2,8476931,Jake,McCabe,D,TOR,2,0,0,0,80.19,56.64,0,0,1,0,21.0861,0,2,3,4.6081,8.6537,2.867,0.41798184,0.17057131,0.41144685,0.42051664,0.41897957,0.2308,0.5385,0.2308
2027,2,8476958,Jaccob,Slavin,D,CAR,1,0,0,0,69.72,69.035,0,0,0,0,19.9984,0,0,4,3.0203,8.0423,3.0203,0.36510683,0.19480601,0.44008715,0.42051664,0.41897957,0.2667,0.5333,0.2
2027,2,8476967,Brett,Kulak,D,COL,1,0,0,0,79.62,79.62,0,0,0,1,19.7566,0,0,4,2.7764,8.4419,2.7764,0.40547805,0.16932494,0.42519701,0.42051664,0.41897957,0.4,0.4,0.2
2027,2,8477365,Connor,Clifton,D,BOS,1,0,0,0,78.22,71.4667,0,0,0,2,20.1591,0,1,4,3.4399,8.8266,3.4399,0.40109088,0.21249174,0.38641738,0.42051664,0.41897957,0.375,0.375,0.25
2027,2,8477407,Anthony,Duclair,L,NYI,1,0,0,0,41.79,36.7633,0,0,0,0,21.5278,0,4,3,2.0082,9.8092,2.0082,0.41275668,0.19109876,0.39614455,0.44704916,0.39650865,0.25,0.25,0.5
2027,2,8477416,Oliver,Bjorkstrand,R,NYR,1,0,0,0,72.86,52.1275,0,0,0,1,19.7393,0,0,6,2.4189,9.975,2.4189,0.46095503,0.17943974,0.35960523,0.44704916,0.39650865,0.3077,0.3077,0.3846
2027,2,8477478,William,Carrier,L,CAR,1,0,0,0,37.95,37.95,0,0,0,0,20.8039,0,2,3,1.1732,10.4026,1.1732,0.42934534,0.1538891,0.41676556,0.44704916,0.39650865,0.2,0.6,0.2
2027,2,8477479,Tyler,Bertuzzi,L,CHI,1,0,0,0,61.99,61.99,0,0,0,0,18.3881,0,0,3,2.3754,8.4583,2.3754,0.52364207,0.18521514,0.29114279,0.44704916,0.39650865,0.4167,0.4167,0.1667
2027,2,8477493,Aleksander,Barkov,C,FLA,1,0,0,0,0,0,0,0,0,0,20.2647,0,1,17,3.4952,10.2133,3.4952,0.48211175,0.17424783,0.34364042,0.44704916,0.39650865,0.3846,0.3846,0.2308
2027,2,8477495,Seth,Jones,D,FLA,1,0,0,0,70.75,70.75,0,0,0,1,21.9777,0,3,8,4.4318,9.1745,4.4318,0.44048832,0.17570141,0.38381026,0.42051664,0.41897957,0.3333,0.3889,0.2778
2027,2,8477499,Rasmus,Ristolainen,D,PHI,1,0,0,0,82.61,78.88,0,0,1,1,18.6528,0,0,1,2.3514,7.986,2.3514,0.35425971,0.14035472,0.50538557,0.42051664,0.41897957,0.4,0.2,0.4
2027,2,8477506,Ryan,Pulock,D,NYI,1,0,0,0,83.12,83.12,0,0,1,0,19.6889,0,0,2,2.3546,8.5881,2.3546,0.35062655,0.1611034,0.48827005,0.42051664,0.41897957,0.3,0.2,0.5
2027,2,8477507,Nikita,Zadorov,D,BOS,1,0,0,0,82.26,80.84,0,0,1,1,19.5982,0,0,5,3.0475,8.3492,3.0475,0.41215155,0.20192541,0.38592304,0.42051664,0.41897957,0.375,0.375,0.25
2027,2,8477845,Trevor,van Riemsdyk,D,PIT,1,0,0,0,NA,NA,NA,NA,NA,NA,18.7965,0,0,4,2.7152,7.8701,2.7152,0.45704612,0.16568946,0.37726442,0.42051664,0.41897957,0.3333,0.2381,0.4286
2027,2,8477903,Garnet,Hathaway,R,FLA,1,0,0,0,NA,NA,NA,NA,NA,NA,19.576,0,0,6,1.5808,9.8631,1.5808,0.371917,0.17562615,0.45245686,0.44704916,0.39650865,0.4286,0.4286,0.1429
2027,2,8477932,Aaron,Ekblad,D,FLA,1,0,0,0,74.71,74.71,0,0,0,1,20.3579,0,1,8,3.1311,9.2621,3.1311,0.44632661,0.17248989,0.3811835,0.42051664,0.41897957,0.4444,0.2222,0.3333
2027,2,8477933,Sam,Reinhart,C,FLA,1,0,0,0,70.02,48.764,0,0,0,1,20.6976,0,1,11,3.5601,10.1961,3.5601,0.48864956,0.18160774,0.32974271,0.44704916,0.39650865,0.3571,0.3571,0.2857
2027,2,8477935,Sam,Bennett,C,FLA,1,0,0,0,71.32,55.7967,0,0,0,1,20.7201,0,4,10,3.5933,11.2681,3.5933,0.41036699,0.18927545,0.40035756,0.44704916,0.39650865,0.1,0.5,0.4
2027,2,8477940,Nikolaj,Ehlers,L,CAR,1,0,0,0,76.6,69.5167,0,0,0,1,21.2583,0,2,9,2.9237,9.0422,2.9237,0.41646867,0.17772333,0.405808,0.44704916,0.39650865,0.2,0.5,0.3
2027,2,8477948,Travis,Sanheim,D,PHI,1,0,0,0,80.16,74.98,0,0,1,4,18.4387,0,0,2,2.6186,7.7589,2.6186,0.33219726,0.13825936,0.52954338,0.42051664,0.41897957,0.4615,0.2308,0.3077
2027,2,8477950,Tony,DeAngelo,D,NYI,1,0,0,0,75.12,73.16,0,0,0,2,18.9837,0,0,5,2.6219,9.1285,2.6219,0.47025626,0.16896487,0.36077886,0.42051664,0.41897957,0.4167,0.3333,0.25
2027,2,8477953,Kasperi,Kapanen,R,EDM,1,0,0,0,61.16,59.495,0,0,0,0,23.4332,2,3,7,3.1309,10.4848,3.1309,0.47378829,0.20227711,0.3239346,0.44704916,0.39650865,0.4,0.1333,0.4667
2027,2,8477956,David,Pastrnak,R,BOS,1,0,0,0,74.26,60.2457,0,0,0,4,20.2268,0,1,7,2.6391,9.0313,2.6391,0.41731994,0.18278221,0.39989786,0.44704916,0.39650865,0.5714,0.2143,0.2143
2027,2,8477960,Adrian,Kempe,R,LAK,1,0,0,0,86.41,69.745,0,0,1,0,20.6992,0,1,12,3.4595,10.7088,3.4595,0.44947078,0.23189878,0.31863044,0.44704916,0.39650865,0.2308,0.4615,0.3077
2027,2,8477969,Marcus,Pettersson,D,NYR,1,0,0,0,81.83,64.98,0,0,1,0,18.3051,0,0,2,3.1599,8.1958,3.1599,0.44296576,0.20269604,0.3543382,0.42051664,0.41897957,0.2,0.3333,0.4667
2027,2,8477987,Ryan,Donato,C,CHI,1,0,0,0,75.62,49.54,0,0,0,1,21.3523,0,1,5,2.0234,9.4602,2.0234,0.35922881,0.21667377,0.42409742,0.44704916,0.39650865,0.3,0.6,0.1
2027,2,8477989,Christian,Dvorak,C,PHI,1,0,0,0,64.72,57.6167,0,0,0,0,21.1409,0,1,14,2.5181,10.0947,2.5181,0.39721846,0.15921616,0.44356537,0.44704916,0.39650865,0.3077,0.3846,0.3077
2027,2,8478013,Jake,Walman,D,EDM,1,0,0,0,80.57,80.57,0,0,1,0,20.2528,0,2,3,2.4597,8.9896,2.4597,0.4208667,0.18257272,0.39656059,0.42051664,0.41897957,0.4167,0.25,0.3333
2027,2,8478133,Jake,Evans,C,MTL,1,0,0,0,67.66,67.66,0,0,0,0,19.0064,0,0,5,2.3419,9.4729,2.3419,0.40850567,0.1833087,0.40818563,0.44704916,0.39650865,0.1111,0.3333,0.5556
2027,2,8478147,Bokondji,Imama,L,FLA,1,0,0,0,NA,NA,NA,NA,NA,NA,20.409,0,1,2,1.0477,10.3905,1.0477,0.39023103,0.1843479,0.42542107,0.44704916,0.39650865,0.25,0.75,0
2027,2,8478178,Darren,Raddysh,D,TOR,2,0,0,0,92.75,77.6573,0,2,3,2,19.5146,0,0,9,6.2533,8.4535,3.4656,0.46587779,0.16203488,0.37208733,0.42051664,0.41897957,0.5789,0.2105,0.2105
2027,2,8478233,Andrew,Mangiapane,L,CHI,1,0,0,0,39.08,38.385,0,0,0,0,20.8354,0,1,4,0.938,10.455,0.938,0.48252727,0.1735547,0.34391803,0.44704916,0.39650865,0.5,0,0.5
2027,2,8478397,Rasmus,Andersson,D,VGK,1,0,0,0,80.72,74.85,0,0,1,0,20.6241,0,1,3,2.8103,8.9849,2.8103,0.44380985,0.16286215,0.393328,0.42051664,0.41897957,0.1875,0.375,0.4375
2027,2,8478401,Pavel,Zacha,C,BOS,1,0,0,0,90.76,68.454,0,1,0,3,20.9944,0,2,6,2.5147,9.7977,2.5147,0.42009173,0.18314341,0.39676487,0.44704916,0.39650865,0.1176,0.3529,0.5294
2027,2,8478427,Sebastian,Aho,C,CAR,1,0,0,0,75.8,62.14,0,0,0,2,21.6917,0,2,13,3.6885,10.5722,3.6885,0.47751705,0.17298707,0.34949588,0.44704916,0.39650865,0.4167,0.4167,0.1667
2027,2,8478439,Travis,Konecny,R,PHI,1,0,0,0,68.17,42.115,0,0,0,0,20.7572,0,4,4,2.323,9.4281,2.323,0.38424468,0.14610097,0.46965435,0.44704916,0.39650865,0.25,0.5,0.25
2027,2,8478450,Parker,Wotherspoon,D,VGK,1,0,0,0,84.33,84.33,0,0,1,0,18.9169,0,0,3,2.7224,8.1131,2.7224,0.40893261,0.16389916,0.42716822,0.42051664,0.41897957,0.2,0.4,0.4
2027,2,8478454,Noah,Juulsen,D,COL,1,0,0,0,NA,NA,NA,NA,NA,NA,18.585,0,0,3,1.6397,8.7451,1.6397,0.44938046,0.18821122,0.36240832,0.42051664,0.41897957,0.2,0.4,0.4
2027,2,8478468,Jeremy,Lauzon,D,VGK,1,0,0,0,79.99,77.5367,0,0,0,3,19.2972,0,0,4,2.2596,7.8216,2.2596,0.40772995,0.17061626,0.42165379,0.42051664,0.41897957,0.6111,0.2222,0.1667
2027,2,8478472,Mathieu,Joseph,R,EDM,1,0,0,0,63.68,63.68,0,0,0,0,19.4792,0,0,5,2.4946,10.0119,2.4946,0.39932301,0.19369883,0.40697816,0.44704916,0.39650865,0.1538,0.5385,0.3077
2027,2,8478483,Mitch,Marner,R,VGK,1,0,0,0,77.41,53.898,0,0,0,1,19.8817,0,0,3,3.2842,9.2297,3.2842,0.42907671,0.1761115,0.39481179,0.44704916,0.39650865,0.25,0.3125,0.4375
2027,2,8478569,Noel,Acciari,C,PHI,1,0,0,0,64.64,44.2833,0,0,0,0,19.0316,0,0,2,2.4548,9.6058,2.4548,0.36449952,0.15120438,0.4842961,0.44704916,0.39650865,0.0833,0.1667,0.75
2027,2,8478840,Will,Borgen,D,BOS,1,0,0,0,70.74,70.74,0,0,0,1,18.9361,0,0,5,2.5646,8.6855,2.5646,0.39430915,0.20930769,0.39638317,0.42051664,0.41897957,0.2381,0.3333,0.4286
2027,2,8478859,Niko,Mikkola,D,FLA,1,0,0,0,68.23,56.2214,0,0,0,0,19.9974,0,0,4,3.1482,8.7721,3.1482,0.3866786,0.17583234,0.43748906,0.42051664,0.41897957,0.4,0.35,0.25
2027,2,8478882,Vladislav,Gavrikov,D,NYR,1,0,0,0,65.99,61.5,0,0,0,0,17.7605,0,0,0,2.8432,8.544,2.8432,0.42395161,0.20682858,0.36921981,0.42051664,0.41897957,0.4737,0.2105,0.3158
2027,2,8478970,Jalen,Chatfield,D,CAR,1,0,0,0,0,0,0,0,0,0,18.612,0,0,2,2.5687,8.0273,2.5687,0.40749862,0.19588781,0.39661357,0.42051664,0.41897957,0.25,0.5,0.25
2027,2,8479314,Matthew,Tkachuk,L,FLA,1,0,0,0,66.07,48.5467,0,0,0,0,19.5137,0,0,3,2.7794,8.7693,2.7794,0.46927056,0.16606943,0.36466001,0.44704916,0.39650865,0.125,0.625,0.25
2027,2,8479318,Auston,Matthews,C,TOR,2,0,0,0,77.98,40.6033,0,0,0,1,21.4569,0,3,19,7.0264,9.8887,3.734,0.46887766,0.16043557,0.37068677,0.44704916,0.39650865,0.3182,0.4545,0.2273
2027,2,8479323,Adam,Fox,D,NYR,1,0,0,0,80.2,69.3233,0,0,1,1,18.7606,0,0,2,2.6389,8.5974,2.6389,0.43643316,0.20393836,0.35962847,0.42051664,0.41897957,0.4286,0.2857,0.2857
2027,2,8479336,Carl,Grundstrom,R,PHI,1,0,0,0,83.36,63.3067,0,0,1,0,21.8183,0,2,13,2.0179,10.0757,2.0179,0.30966035,0.15179513,0.53854452,0.44704916,0.39650865,0,0,1
2027,2,8479353,Brett,Howden,C,VGK,1,0,0,0,79.62,57.9267,0,0,0,1,22.0723,1,1,8,2.7075,9.4084,2.7075,0.43916546,0.16678849,0.39404605,0.44704916,0.39650865,0.2353,0.3529,0.4118
2027,2,8479365,Trent,Frederic,C,EDM,1,0,0,0,0,0,0,0,0,0,20.4293,0,2,5,1.5286,9.8091,1.5286,0.50738435,0.15630059,0.33631506,0.44704916,0.39650865,0.5,0.5,0
2027,2,8479368,Max,Jones,L,EDM,1,0,0,0,41.14,40.4,0,0,0,0,22.0062,1,3,9,2.0179,9.8435,2.0179,0.45533563,0.18264433,0.36202004,0.44704916,0.39650865,0.1818,0.5455,0.2727
2027,2,8479378,Logan,Stanley,D,NYI,1,0,0,0,79.22,72.61,0,0,0,1,18.3411,0,0,1,1.9798,7.8668,1.9798,0.36794643,0.17032362,0.46172995,0.42051664,0.41897957,0.3333,0.3333,0.3333
2027,2,8479442,Troy,Stecher,D,TOR,2,0,0,0,0,0,0,0,0,0,21.1509,0,1,6,4.9114,8.3797,2.6113,0.41179455,0.16983191,0.41837354,0.42051664,0.41897957,0.4348,0.2609,0.3043
2027,2,8479520,Brandon,Duhaime,L,TOR,2,0,0,0,68.51,56.9867,0,0,0,0,21.7456,0,2,9,3.4499,8.7278,2.0577,0.37268342,0.14287739,0.48443919,0.44704916,0.39650865,0.3125,0.375,0.3125
2027,2,8479661,Tanner,Jeannot,L,BOS,1,0,0,0,73.75,57.26,0,0,0,1,19.2592,0,0,9,2.1102,9.5797,2.1102,0.32488803,0.20382015,0.47129182,0.44704916,0.39650865,0,0.5556,0.4444
2027,2,8479772,Zack,MacEwen,R,TOR,1,0,0,0,NA,NA,NA,NA,NA,NA,20.112,0,1,4,0.921,10.202,0.921,0.48983388,0.17139194,0.33877418,0.44704916,0.39650865,0,0.6,0.4
2027,2,8479987,Morgan,Geekie,C,BOS,1,0,0,0,88.47,76.78,0,0,1,0,20.722,0,1,7,2.7942,10.2853,2.7942,0.4057054,0.18743114,0.40686346,0.44704916,0.39650865,0.1176,0.3529,0.5294
2027,2,8479999,Casey,Mittelstadt,C,BOS,1,0,0,0,75.75,74.125,0,0,0,2,20.5773,0,1,4,2.3677,9.82,2.3677,0.39761202,0.20640293,0.39598504,0.44704916,0.39650865,0.1176,0.3529,0.5294
2027,2,8480009,Eeli,Tolvanen,R,NYR,1,0,0,0,74.74,61.5633,0,0,0,2,20.7994,0,3,5,2.3562,10.1465,2.3562,0.38928791,0.20133493,0.40937716,0.44704916,0.39650865,0.5455,0.0909,0.3636
2027,2,8480015,Owen,Tippett,R,PHI,1,0,0,0,88.91,73.405,0,0,2,2,21.7382,0,4,9,2.3206,9.8167,2.3206,0.39797649,0.16088028,0.44114323,0.44704916,0.39650865,0.4545,0.2727,0.2727
2027,2,8480018,Nick,Suzuki,C,MTL,1,0,0,0,69.38,45.1325,0,0,0,0,20.3161,0,1,8,3.1996000000000002,10.257,3.1996000000000002,0.39615723,0.17588638,0.42795638,0.44704916,0.39650865,0.3636,0.3636,0.2727
2027,2,8480074,Alexandre,Texier,L,MTL,1,0,0,0,80.68,80.68,0,0,1,0,19.337,0,0,6,1.9492,9.5733,1.9492,0.36424639,0.17193548,0.46381813,0.44704916,0.39650865,0.2,0.3,0.5
2027,2,8480185,Eetu,Luostarinen,C,FLA,1,0,0,0,57.38,52.6133,0,0,0,0,20.5925,0,2,7,2.3653,10.1612,2.3653,0.38300341,0.16801027,0.44898632,0.44704916,0.39650865,0.6667,0,0.3333
2027,2,8480220,Noah,Cates,L,PHI,1,0,0,0,67.52,48.62,0,0,0,0,19.0744,0,0,3,2.0807,8.7404,2.0807,0.43920847,0.13753962,0.4232519,0.44704916,0.39650865,0.4545,0.3636,0.1818
2027,2,8480336,Sean,Walker,D,CAR,1,0,0,0,76.8,76.76,0,0,0,2,19.8426,0,0,6,2.7902,8.7346,2.7902,0.36595861,0.18310977,0.45093163000000003,0.42051664,0.41897957,0.3,0.3,0.4
2027,2,8480434,Sean,Durzi,D,NYR,1,0,0,0,82.89,72.32,0,0,1,0,19.1071,0,0,3,3.2702,8.4393,3.2702,0.43854753,0.19006935,0.37138312,0.42051664,0.41897957,0.2143,0.2857,0.5
2027,2,8480762,Eric,Robinson,L,CAR,1,0,0,0,39.93,39.93,0,0,0,0,20.9625,0,1,3,2.0664,9.5372,2.0664,0.39464627,0.20424774,0.40110599,0.44704916,0.39650865,0.4545,0.4545,0.0909
2027,2,8480801,Brady,Tkachuk,L,FLA,1,0,0,0,81.5,73.6567,0,0,1,1,18.6683,0,0,5,2.5385,9.2029,2.5385,0.47702637,0.18916637,0.33380725,0.44704916,0.39650865,0.3846,0.3846,0.2308
2027,2,8480813,Joseph,Veleno,C,NYR,1,0,0,0,73.43,73.43,0,0,0,1,20.0023,0,1,8,2.6103,9.8194,2.6103,0.39962186,0.18816135,0.41221679,0.44704916,0.39650865,0.25,0.4167,0.3333
2027,2,8480817,K'Andre,Miller,D,CAR,1,0,0,0,NA,NA,NA,NA,NA,NA,21.8063,0,1,6,3.8355,9.114,3.8355,0.40955139,0.1912596,0.39918901,0.42051664,0.41897957,0.25,0.25,0.5
2027,2,8480830,Andrei,Svechnikov,R,CAR,1,0,0,0,76.04,46.5133,0,0,0,1,22.6699,1,4,11,2.713,9.9559,2.713,0.50080697,0.16899688,0.33019614,0.44704916,0.39650865,0.4167,0.4167,0.1667
2027,2,8480865,Noah,Dobson,D,MTL,1,0,0,0,83.76,70.7333,0,0,2,1,19.2909,0,0,3,3.0711,8.4013,3.0711,0.41912324,0.19507911,0.38579764,0.42051664,0.41897957,0.2353,0.3529,0.4118
2027,2,8480870,Bo,Groulx,C,TOR,1,0,0,0,84.25,75.88,0,0,1,0,21.0581,0,1,6,1.4817,9.0564,1.4817,0.39203248,0.1595687,0.44839881,0.44704916,0.39650865,0.5,0.3333,0.1667
2027,2,8480980,Connor,Dewar,C,PIT,1,0,0,0,36.75,36.75,0,0,0,0,20.0774,0,1,5,2.318,9.3656,2.318,0.4278718,0.16349724,0.40863096,0.44704916,0.39650865,0.2222,0.2222,0.5556
2027,2,8481014,Alexander,Romanov,D,NYI,1,0,0,0,86.1,60.28,0,0,1,0,19.5043,0,0,2,2.2858,7.9971,2.2858,0.2975418,0.14704867,0.55540953,0.42051664,0.41897957,0.2857,0.1429,0.5714
2027,2,8481122,Simon,Benoit,D,PHI,1,0,0,0,NA,NA,NA,NA,NA,NA,21.69,0,1,5,2.6455,8.5877,2.6455,0.41978803,0.1719495,0.40826248,0.42051664,0.41897957,0.0909,0.6364,0.2727
2027,2,8481219,Jonathan,Aspirot,D,BOS,1,0,0,0,96.38,80.94,0,1,0,0,19.6792,0,0,3,2.3901,8.3295,2.3901,0.41812266,0.17044055,0.41143679,0.42051664,0.41897957,0.5,0.2,0.3
2027,2,8481481,Blake,Lizotte,C,PIT,1,0,0,0,69.47,51.3075,0,0,0,0,20.651,0,3,5,2.26,10.2597,2.26,0.42737866,0.15916961,0.41345172,0.44704916,0.39650865,0.3077,0.1538,0.5385
2027,2,8481524,Bowen,Byram,D,CHI,1,0,0,0,35.7,35.7,0,0,0,0,21.0566,0,3,7,3.7425,8.9343,3.7425,0.45433949,0.19350762,0.35215289,0.42051664,0.41897957,0.5,0.45,0.05
2027,2,8481533,Trevor,Zegras,C,PHI,1,0,0,0,78.97,67.755,0,0,0,1,20.0345,0,1,7,2.62,9.5756,2.62,0.39790176,0.16650625,0.43559199,0.44704916,0.39650865,0.4167,0.3333,0.25
2027,2,8481540,Cole,Caufield,R,MTL,1,0,0,0,77.28,66.41,0,0,0,2,19.3104,0,0,8,2.7567,10.3917,2.7567,0.40009148,0.17173863,0.42816988,0.44704916,0.39650865,0.3636,0.3636,0.2727
2027,2,8481546,Cam,York,D,PHI,1,0,0,0,80.55,79.86,0,0,1,1,18.9202,0,0,2,3.0008,8.5197,3.0008,0.43868803,0.14926781,0.41204415,0.42051664,0.41897957,0.4375,0.1875,0.375
2027,2,8481568,Alex,Vlasic,D,CHI,1,0,0,0,NA,NA,NA,NA,NA,NA,19.5716,0,0,6,2.8979,8.6866,2.8979,0.41617013,0.17704085,0.40678902,0.42051664,0.41897957,0.3571,0.5,0.1429
2027,2,8481593,Jayden,Struble,D,MTL,1,0,0,0,67.95,67.95,0,0,0,0,19.2212,0,0,1,1.4741,8.0164,1.4741,0.46561822,0.15593221,0.37844957,0.42051664,0.41897957,0.25,0.75,0
2027,2,8481601,Simon,Holmstrom,R,NYI,1,0,0,0,79.35,64.54,0,0,0,2,20.7912,0,3,9,3.0801,9.1111,3.0801,0.44120917,0.13798156,0.42080927,0.44704916,0.39650865,0.2,0.4,0.4
2027,2,8481604,Pavel,Dorofeyev,R,NYR,1,0,0,0,67.69,52.7975,0,0,0,0,20.0771,0,1,4,2.4755,9.3908,2.4755,0.46944581,0.18193601,0.34861817,0.44704916,0.39650865,0.3077,0.3846,0.3077
2027,2,8481618,Alex,Newhook,C,MTL,1,0,0,0,50.82,33.0233,0,0,0,0,20.8348,0,1,4,2.4821,9.2024,2.4821,0.39508473,0.17729863,0.42761663,0.44704916,0.39650865,0.4,0.3,0.3
2027,2,8481711,Matias,Maccelli,L,NYI,1,0,0,0,77.81,51.17,0,0,0,1,21.2588,0,1,9,2.7821,9.4576,2.7821,0.48119759,0.15953736,0.35926505,0.44704916,0.39650865,0.1429,0.4286,0.4286
2027,2,8481725,Elmer,Soderblom,L,PIT,1,0,0,0,28.32,28.32,0,0,0,0,22.1422,1,1,6,2.0287,9.6221,2.0287,0.44955874,0.15812049,0.39232077,0.44704916,0.39650865,0.125,0.25,0.625
2027,2,8481732,Andre,Lee,L,LAK,1,0,0,0,55.88,38.32,0,0,0,0,21.5672,0,2,4,1.3723,10.379,1.3723,0.48058414,0.18414508,0.33527078,0.44704916,0.39650865,0.6,0.4,0
2027,2,8481789,Tye,Kartye,L,NYR,1,0,0,0,NA,NA,NA,NA,NA,NA,19.4877,0,0,9,2.2082,9.937,2.2082,0.37287738,0.20432161,0.42280101,0.44704916,0.39650865,0.3333,0.5556,0.1111
2027,2,8482062,Cole,Smith,R,CHI,1,0,0,0,69.42,69.42,0,0,0,0,21.3701,0,1,9,2.3266,9.144,2.3266,0.3875935,0.16854236,0.44386414,0.44704916,0.39650865,0,0.2941,0.7059
2027,2,8482073,Braden,Schneider,D,NYR,1,0,0,0,59.22,59.11,0,0,0,0,18.944,0,0,2,2.2579,8.3452,2.2579,0.37329976,0.18315993,0.44354031,0.42051664,0.41897957,0.3333,0.4167,0.25
2027,2,8482109,Alexis,Lafrenière,L,NYR,1,0,0,0,75.8,75.8,0,0,0,1,21.747,0,2,7,2.9489,9.6773,2.9489,0.42744013,0.21893219,0.35362768,0.44704916,0.39650865,0.2667,0.4,0.3333
2027,2,8482113,Anton,Lundell,C,FLA,1,0,0,0,63.89,59.8567,0,0,0,0,20.582,0,4,14,3.3442,10.5423,3.3442,0.39975735,0.16274142,0.43750123,0.44704916,0.39650865,0.5,0,0.5
2027,2,8482124,Quinton,Byfield,R,LAK,1,0,0,0,60.32,47.6733,0,0,0,0,21.6751,0,3,11,3.2032,10.1242,3.2032,0.44594143,0.2324002,0.32165837,0.44704916,0.39650865,0.2308,0.4615,0.3077
2027,2,8482142,Jamie,Drysdale,D,PHI,1,0,0,0,78.26,78.26,0,0,0,1,21.1607,0,3,2,2.5072,8.6705,2.5072,0.4215472,0.16693463,0.41151817,0.42051664,0.41897957,0.3333,0.1905,0.4762
2027,2,8482157,Will,Cuylle,L,NYR,1,0,0,0,69.41,46.7967,0,0,0,0,21.2921,0,4,7,2.5748,10.2648,2.5748,0.39046253,0.20117503,0.40836243,0.44704916,0.39650865,0.5,0,0.5
2027,2,8482159,Tyson,Foerster,R,PHI,1,0,0,0,81.24,80.015,0,0,1,1,19.9473,0,0,14,2.77,9.7005,2.77,0.44250428,0.166281,0.39121471,0.44704916,0.39650865,0.3077,0.3846,0.3077
2027,2,8482166,Shakir,Mukhamadullin,D,EDM,1,0,0,0,73.47,68.76,0,0,0,1,21.3334,0,1,0,2.1295,9.7908,2.1295,0.54057672,0.16558714,0.29383614,0.42051664,0.41897957,0.2727,0.3636,0.3636
2027,2,8482460,Matt,Rempe,C,NYR,1,0,0,0,0,0,0,0,0,0,19.2342,0,0,5,1.499,9.1619,1.499,0.41790716,0.17216356,0.40992928,0.44704916,0.39650865,0.2857,0.5714,0.1429
2027,2,8482702,Logan,Stankoven,C,CAR,1,0,0,0,NA,NA,NA,NA,NA,NA,20.5894,0,1,5,3.449,10.399,3.449,0.44734653,0.1880337,0.36461977,0.44704916,0.39650865,0.375,0,0.625
2027,2,8482703,Colton,Dach,C,EDM,1,0,0,0,63.68,41.86,0,0,0,0,22.2295,1,6,9,2.6063,10.5541,2.6063,0.42477404,0.19008488,0.38514108,0.44704916,0.39650865,0.1538,0.5385,0.3077
2027,2,8482726,Samuel,Helenius,C,LAK,1,0,0,0,0,0,0,0,0,0,20.4039,0,1,8,1.2342,10.6045,1.2342,0.46937738,0.19253242,0.33809019,0.44704916,0.39650865,0.5,0.3333,0.1667
2027,2,8482730,Brandt,Clarke,D,LAK,1,0,0,0,62.4,52.69,0,0,0,0,19.8788,0,0,4,2.7213,8.6163,2.7213,0.49251694,0.1896124,0.31787066,0.42051664,0.41897957,0.5,0.5,0
2027,2,8482768,Fedor,Svechkov,C,COL,1,0,0,0,78.15,67.035,0,0,0,1,22.026,1,2,9,2.6935,10.4491,2.6935,0.37050236,0.19234748,0.43715016,0.44704916,0.39650865,0.1538,0.4615,0.3846
2027,2,8482809,Jackson,Blake,R,CAR,1,0,0,0,32.24,26.824,0,0,0,0,20.8248,0,1,8,3.4385,9.5366,3.4385,0.50064098,0.16020328,0.33915575,0.44704916,0.39650865,0.3333,0,0.6667
2027,2,8482964,Arber,Xhekaj,D,MTL,1,0,0,0,NA,NA,NA,NA,NA,NA,19.2822,0,0,3,1.7348,8.4398,1.7348,0.38098243,0.15707189,0.46194569,0.42051664,0.41897957,0.2,0.6,0.2
2027,2,8483395,Arshdeep,Bains,L,VAN,1,0,0,0,58.06,58.06,0,0,0,0,20.3777,0,2,5,1.6669,9.2037,1.6669,0.27065281,0.15288085,0.57646633,0.44704916,0.39650865,0.125,0.5,0.375
2027,2,8483455,Isaac,Howard,L,EDM,1,0,0,0,66,61.31,0,0,0,0,23.3752,2,4,6,1.9828,10.7177,1.9828,0.47887493,0.15760818,0.36351689,0.44704916,0.39650865,0.5,0.5,0
2027,2,8483457,Lane,Hutson,D,MTL,1,0,0,0,85.07,77.24,0,0,1,0,19.3709,0,0,10,3.5536,8.841,3.5536,0.46661839,0.17480181,0.3585798,0.42051664,0.41897957,0.4211,0.2105,0.3684
2027,2,8483493,Frank,Nazar,C,CHI,1,0,0,0,44.07,44.07,0,0,0,0,20.8961,0,1,9,3.0755,10.2423,3.0755,0.42792341,0.21183579,0.36024080000000003,0.44704916,0.39650865,0.4667,0.4,0.1333
2027,2,8483506,Sam,Rinzel,D,CHI,1,0,0,0,73.85,70.8433,0,0,0,2,19.7599,0,0,6,2.659,8.7339,2.659,0.45865684,0.16104502,0.38029814,0.42051664,0.41897957,0.3125,0.3125,0.375
2027,2,8483515,Juraj,Slafkovský,L,MTL,1,0,0,0,91.51,67.954,0,1,1,2,20.9651,0,2,7,3.0383,10.1936,3.0383,0.48066811,0.17338939,0.3459425,0.44704916,0.39650865,0.4444,0.3333,0.2222
2027,2,8483678,Elias,Pettersson,D,VAN,1,0,0,0,80.97,74.3267,0,0,1,2,18.9474,0,0,2,2.3059,8.638,2.3059,0.38971161,0.15924157,0.45104682,0.42051664,0.41897957,0.2308,0.3077,0.4615
2027,2,8483690,Noah,Laba,C,NYR,1,0,0,0,NA,NA,NA,NA,NA,NA,20.0247,0,1,8,2.1701,10.0673,2.1701,0.3581997,0.19858672,0.44321358,0.44704916,0.39650865,0.5,0,0.5
2027,2,8483731,Alex,Bump,L,PHI,1,0,0,0,72.29,72.26,0,0,0,2,21.7705,0,1,3,2.2798,9.3371,2.2798,0.49192928,0.14278021,0.36529051,0.44704916,0.39650865,0.4167,0.4167,0.1667
2027,2,8483771,Sandis,Vilmanis,L,FLA,1,0,0,0,73.31,68.99,0,0,0,1,20.5505,0,2,8,2.023,10.6631,2.023,0.37514182,0.18341746,0.44144073,0.44704916,0.39650865,0.6,0,0.4
2027,2,8483890,Braeden,Bowman,R,VGK,1,0,0,0,0,0,0,0,0,0,20.5185,0,1,1,1.5688,8.5833,1.5688,0.38408486,0.18022265,0.43569249,0.44704916,0.39650865,0.4,0.5,0.1
2027,2,8484185,Nick,Lardis,L,CHI,1,0,0,0,83.46,71.52,0,0,1,0,21.4301,0,3,7,1.8787,9.6072,1.8787,0.38850737,0.22369362,0.38779902,0.44704916,0.39650865,0.3,0.6,0.1
2027,2,8484197,Oliver,Moore,C,CHI,1,0,0,0,82.63,55.5333,0,0,1,0,21.2958,0,3,10,2.2707,9.7665,2.2707,0.39812611999999997,0.17754232,0.42433157,0.44704916,0.39650865,0.4167,0.5,0.0833
2027,2,8484210,Gabe,Perreault,R,NYR,1,0,0,0,NA,NA,NA,NA,NA,NA,19.014,0,0,2,2.5623,9.4124,2.5623,0.40086201,0.22389241,0.37524558,0.44704916,0.39650865,0.3077,0.3846,0.3077
2027,2,8484221,Calum,Ritchie,C,NYI,1,0,0,0,67.53,67.53,0,0,0,0,19.6373,0,0,10,2.6071,9.7461,2.6071,0.39345362,0.18023131,0.42631508,0.44704916,0.39650865,0.25,0.25,0.5
2027,2,8484240,Tom,Willander,D,VAN,1,0,0,0,78.09,77.055,0,0,0,2,20.7413,0,3,1,3.0737,8.9237,3.0737,0.37922696,0.1683837,0.45238933,0.42051664,0.41897957,0.3333,0.2,0.4667
2027,2,8484258,Sam,Malinski,D,COL,1,0,0,0,80.73,73.8,0,0,1,2,20.2407,0,1,1,2.1282,8.8367,2.1282,0.34755382,0.20126607,0.4511801,0.42051664,0.41897957,0.3333,0.6667,0
2027,2,8484387,Matvei,Michkov,R,PHI,1,0,0,0,36.26,36.26,0,0,0,0,19.5724,0,0,7,2.6535,10.0873,2.6535,0.47116036,0.16880356,0.36003608,0.44704916,0.39650865,0.5,0.1875,0.3125
2027,2,8484390,Roman,Kantserov,R,CHI,1,0,0,0,36.41,36.41,0,0,0,0,23.3367,1,1,9,2.6786,9.3893,2.6786,0.43997662,0.17803043,0.38199296,0.44704916,0.39650865,0.5,0.4286,0.0714
2027,2,8484428,Charles Alexis,Legault,D,CAR,1,0,0,0,75.01,74.075,0,0,0,2,20.5731,0,1,2,1.8411,8.7212,1.8411,0.41259092000000003,0.15406384,0.43334524,0.42051664,0.41897957,0.4,0.2,0.4
2027,2,8484783,Artyom,Levshunov,D,CHI,1,0,0,0,78.09,78.09,0,0,0,1,19.5685,0,0,2,2.8071,8.757,2.8071,0.41745993,0.18391642,0.39862366,0.42051664,0.41897957,0.1905,0.381,0.4286
2027,2,8484798,Zeev,Buium,D,VAN,1,0,0,0,75.03,75.03,0,0,0,1,20.343,0,1,6,3.3149,8.7361,3.3149,0.38026758,0.20948431,0.41024811,0.42051664,0.41897957,0.1818,0.4545,0.3636
2027,2,8484984,Ivan,Demidov,R,MTL,1,0,0,0,66.14,46.52,0,0,0,0,19.1105,0,0,4,2.4196,9.5615,2.4196,0.48806396,0.17147089,0.34046515,0.44704916,0.39650865,0.4444,0.3333,0.2222
2027,2,8485366,Matthew,Schaefer,D,NYI,1,0,0,0,87.8,76.2025,0,0,2,4,22.9716,2,7,5,4.2559,9.2019,4.2559,0.53295286,0.14835309,0.31869404,0.42051664,0.41897957,0.1333,0.5333,0.3333
2027,2,8485388,Victor,Eklund,R,NYI,1,0,0,0,68.87,58.8,0,0,0,0,20.3302,0,1,6,1.9126,9.5898,1.9126,0.5171517,0.17056275,0.31228556,0.44704916,0.39650865,0.1429,0.5714,0.2857
2027,2,8485391,Anton,Frondell,C,CHI,1,0,0,0,83.29,76.755,0,0,1,1,19.5772,0,0,4,2.7623,9.3814,2.7623,0.4152376,0.15851087,0.42625153,0.44704916,0.39650865,0.125,0.5,0.375
2027,2,8485395,James,Hagens,C,BOS,1,0,0,0,68.26,68.26,0,0,0,0,20.9031,0,2,4,2.3397,10.4375,2.3397,0.46715407,0.19602684,0.33681909,0.44704916,0.39650865,0.8333,0.1667,0
2027,2,8485406,Porter,Martone,R,PHI,1,0,0,0,NA,NA,NA,NA,NA,NA,20.1267,0,1,4,2.2566,9.614,2.2566,0.38796532,0.15934757,0.45268712,0.44704916,0.39650865,0.3333,0.3333,0.3333
2027,2,8485957,Alberts,Smits,D,NYR,1,0,0,0,72.3,72.3,0,0,0,1,19.8932,0,0,5,2.53,8.9823,2.53,0.37640201,0.18077797,0.44282002,0.42051664,0.41897957,0.3333,0.4167,0.25
2027,2,8486067,Gavin,McKenna,L,TOR,2,0,0,0,74.46,59.43,0,0,0,1,21.6385,0,3,22,5.0651,9.8511,2.5974,0.4200238,0.17764781,0.40232839,0.44704916,0.39650865,0.5,0.2143,0.2857
2027,2,8486161,Owen,Michaels,R,EDM,1,0,0,0,71.77,71.77,0,0,0,1,21.2577,0,3,9,1.5401,11.0448,1.5401,0.49136186,0.1551818,0.35345634,0.44704916,0.39650865,0.5,0.5,0
2027,2,8486171,T.J.,Hughes,R,COL,1,0,0,0,49.01,27.57,0,0,0,0,20.3823,0,1,6,2.1053,9.2994,2.1053,0.43742761,0.17582294,0.38674946,0.44704916,0.39650865,0.2,0.3,0.5
