season,game_type,player_id,team_abbrev,game_date,dist_all_mi,toi_all_sec,dist_even_mi,toi_even_sec,dist_pp_mi,toi_pp_sec,home
2027,2,8480803,EDM,2026-09-29,3.8657,1541,3.0161,1224,0.8495,317,1
2027,2,8475754,COL,2026-09-30,3.2012,1154,2.1833,747,0.3699,141,1
2027,2,8478403,VGK,2026-09-29,3.0853,1080,2.323,795,0.6466,233,1
2027,2,8480842,PIT,2026-09-30,1.7524,655,1.3895,508,NA,NA,0
2027,2,8484158,TOR,2026-09-30,2.0009,803,1.434,531,0.3379,180,1
2027,2,8484158,TOR,2026-09-29,2.6573,958,2.3173,826,0.34,132,1
2027,2,8475172,COL,2026-09-30,2.941,1077,2.5293,894,0.3919,175,1
2027,2,8475188,VGK,2026-09-29,2.6384,1125,2.4098,1013,NA,NA,1
2027,2,8475768,COL,2026-09-30,2.0782,769,1.793,622,0.2852,147,1
2027,2,8476853,TOR,2026-09-30,2.6494,1189,2.1739,941,0.4008,198,1
2027,2,8476853,TOR,2026-09-29,3.1843,1290,2.7825,1096,0.2273,96,1
2027,2,8476981,MTL,2026-09-29,2.1901,773,1.8337,622,NA,NA,0
2027,2,8477447,VGK,2026-09-29,3.2755,1282,2.5062,994,0.6059,221,1
2027,2,8477476,COL,2026-09-30,2.902,1167,2.0637,779,0.2429,146,1
2027,2,8477492,COL,2026-09-30,2.9644,1064,2.2844,808,0.6655,249,1
2027,2,8477939,TOR,2026-09-30,2.6427,1049,2.0978,773,0.5279,269,1
2027,2,8477939,TOR,2026-09-29,2.7483,1135,2.2072,889,0.4007,191,1
2027,2,8477964,VGK,2026-09-29,2.4547,867,2.4547,867,NA,NA,1
2027,2,8478038,COL,2026-09-30,2.7247,1204,2.1429,912,0.3294,147,1
2027,2,8478402,EDM,2026-09-29,4.1331,1371,3.0294,1012,0.9976,320,1
2027,2,8478851,MTL,2026-09-29,3.1808,1314,2.7817,1113,NA,NA,0
2027,2,8479398,PIT,2026-09-30,2.9793,1262,2.3999,1005,0.2217,107,0
2027,2,8479425,VAN,2026-09-29,3.4492,1508,2.8334,1195,0.113,53,0
2027,2,8480069,COL,2026-09-30,2.595,1094,1.853,724,0.5315,248,1
2027,2,8480448,COL,2026-09-30,2.1378,773,1.6348,565,NA,NA,1
2027,2,8481032,VAN,2026-09-29,1.9066,711,1.6525,598,NA,NA,0
2027,2,8481527,PIT,2026-09-30,2.6892,1111,2.3625,951,NA,NA,0
2027,2,8481582,PIT,2026-09-30,2.3293,902,2.239,863,NA,NA,0
2027,2,8481617,EDM,2026-09-29,2.9717,1100,2.2899,810,0.6818,290,1
2027,2,8482148,PIT,2026-09-30,2.1311,782,1.8734,656,0.2576,126,0
2027,2,8482155,LAK,2026-09-30,2.4371,931,1.8816,715,0.503,186,0
2027,2,8483489,BOS,2026-09-29,2.601,888,2.3719,809,0.1319,45,1
2027,2,8484136,VAN,2026-09-29,2.9152,997,2.6272,879,NA,NA,0
2027,2,8470613,COL,2026-09-30,2.2303,923,1.7061,661,NA,NA,1
2027,2,8471215,PIT,2026-09-30,2.7328,947,2.4255,829,0.3072,118,0
2027,2,8471675,PIT,2026-09-30,2.6585,1059,2.0751,774,0.5834,285,0
2027,2,8471724,PIT,2026-09-30,2.6256,1124,2.296,992,0.2948,109,0
2027,2,8474141,CHI,2026-09-29,3.5279,1296,3.0297,1109,0.4856,183,0
2027,2,8474563,LAK,2026-09-30,3.3594,1361,2.6091,1027,0.5158,185,0
2027,2,8474578,PIT,2026-09-30,2.6081,1199,1.6922,779,0.7147,304,0
2027,2,8475166,TOR,2026-09-30,2.6044,1018,2.1106,752,0.4938,266,1
2027,2,8475166,TOR,2026-09-29,2.4609,996,2.0474,789,0.4135,207,1
2027,2,8475208,LAK,2026-09-30,2.3008,990,2.0068,817,0.0249,12,0
2027,2,8475287,LAK,2026-09-30,2.3604,926,1.5487,554,0.4686,178,0
2027,2,8475343,VGK,2026-09-29,2.1105,757,1.924,681,0.0013,1,1
2027,2,8475913,VGK,2026-09-29,2.6974,1031,2.2057,791,0.447,216,1
2027,2,8476312,COL,2026-09-30,2.0606,871,1.7331,702,NA,NA,1
2027,2,8476455,COL,2026-09-30,2.8695,1072,2.3397,824,0.5298,248,1
2027,2,8476467,VAN,2026-09-29,3.2134,1418,2.7031,1144,NA,NA,0
2027,2,8476469,LAK,2026-09-30,2.0732,775,1.5297,512,0.18,94,0
2027,2,8476483,PIT,2026-09-30,3.1164,1112,1.9891,715,0.8524,292,0
2027,2,8476854,BOS,2026-09-29,2.5806,1117,2.4294,1031,0.101,53,1
2027,2,8476875,MTL,2026-09-29,3.6045,1507,3.0369,1216,0.0389,21,0
2027,2,8476879,LAK,2026-09-30,2.6514,1164,2.2607,955,0.009,4,0
2027,2,8476925,TOR,2026-09-30,1.6282,682,1.3487,529,NA,NA,1
2027,2,8476925,TOR,2026-09-29,2.3213,898,2.0985,770,NA,NA,1
2027,2,8477409,FLA,2026-09-29,3.1642,1138,2.464,869,0.7002,269,0
2027,2,8477426,TOR,2026-09-30,2.2467,943,1.6099,596,0.3258,189,1
2027,2,8477426,TOR,2026-09-29,2.5507,932,2.0433,694,0.3528,154,1
2027,2,8477496,BOS,2026-09-29,2.5216,959,2.2722,864,0.1288,39,1
2027,2,8477500,NYI,2026-09-30,3.2976,1351,2.1765,819,0.739,359,0
2027,2,8477934,EDM,2026-09-29,3.4671,1275,2.7797,954,0.6874,321,1
2027,2,8478055,FLA,2026-09-29,3.1675,1360,2.1295,870,0.4485,153,0
2027,2,8478109,VGK,2026-09-29,2.2962,837,2.013,749,0.2655,83,1
2027,2,8478396,VGK,2026-09-29,0.9977,1131,0.9094,1010,NA,NA,1
2027,2,8478413,CHI,2026-09-29,2.2371,848,2.0176,739,NA,NA,0
2027,2,8478438,PIT,2026-09-30,2.5551,964,1.9566,718,0.5986,246,0
2027,2,8478444,VAN,2026-09-29,2.3244,891,2.1534,814,0.1709,77,0
2027,2,8478458,TOR,2026-09-30,2.3556,893,1.9559,691,0.3997,202,1
2027,2,8478458,TOR,2026-09-29,2.8565,1094,2.488,941,0.3685,153,1
2027,2,8478462,COL,2026-09-30,2.1004,732,1.7551,591,NA,NA,1
2027,2,8478498,VAN,2026-09-29,2.8648,935,2.6615,854,0.2033,81,0
2027,2,8478550,LAK,2026-09-30,3.0407,1216,2.3847,854,0.6561,362,0
2027,2,8478854,EDM,2026-09-29,3.3149,1361,2.9361,1205,0.2981,125,1
2027,2,8479675,LAK,2026-09-30,2.3799,896,2.0086,729,0.0113,5,0
2027,2,8479998,LAK,2026-09-30,2.7678,1161,2.3554,945,0.0212,12,0
2027,2,8480012,VAN,2026-09-29,3.1548,1163,2.6399,942,0.2089,82,0
2027,2,8480029,EDM,2026-09-29,2.5764,909,2.4416,851,NA,NA,1
2027,2,8480039,COL,2026-09-30,3.4363,1151,2.7404,900,0.6959,251,1
2027,2,8480355,BOS,2026-09-29,2.138,787,2.0752,753,NA,NA,1
2027,2,8480893,TOR,2026-09-30,2.9256,1096,2.2556,813,0.67,283,1
2027,2,8480893,TOR,2026-09-29,3.2732,1208,2.7912,1003,0.482,205,1
2027,2,8481024,VAN,2026-09-29,2.18,817,2.0894,779,0.0906,38,0
2027,2,8481523,MTL,2026-09-29,1.8816,667,1.8816,667,NA,NA,0
2027,2,8481532,LAK,2026-09-30,2.3962,935,1.9476,736,0.383,170,0
2027,2,8482055,VAN,2026-09-29,2.8894,1060,2.5518,915,0.0655,37,0
2027,2,8482079,VAN,2026-09-29,2.4688,901,2.3657,839,0.086,54,0
2027,2,8482175,BOS,2026-09-29,2.7239,1029,2.4952,940,0.2287,89,1
2027,2,8482176,CHI,2026-09-29,2.8643,1237,2.628,1117,0.0061,3,0
2027,2,8482177,BOS,2026-09-29,2.3141,803,2.198,752,NA,NA,1
2027,2,8482475,PIT,2026-09-30,2.7783,1018,2.0611,684,0.6415,301,0
2027,2,8482476,NYI,2026-09-30,2.2409,806,1.8469,622,0.0295,15,0
2027,2,8482511,BOS,2026-09-29,2.7564,1161,2.4868,1048,0.1731,67,1
2027,2,8482737,MTL,2026-09-29,1.8195,664,1.6384,576,0.1812,88,0
2027,2,8482758,PIT,2026-09-30,2.1339,830,1.7582,668,0.3758,162,0
2027,2,8483398,PIT,2026-09-30,2.4569,990,2.3232,916,NA,NA,0
2027,2,8483450,CHI,2026-09-29,2.3923,883,2.092,774,NA,NA,0
2027,2,8483476,VAN,2026-09-29,2.1979,756,2.1979,756,NA,NA,0
2027,2,8483499,VAN,2026-09-29,2.9569,1049,2.4752,860,NA,NA,0
2027,2,8483553,VGK,2026-09-29,1.7195,631,1.7195,631,NA,NA,1
2027,2,8484803,VGK,2026-09-29,1.9573,682,1.7725,614,0.1848,68,1
2027,2,8473533,CAR,2026-09-29,2.9467,1037,1.972,666,0.1722,88,1
2027,2,8474013,CHI,2026-09-29,1.662,760,1.4111,631,NA,NA,0
2027,2,8474189,FLA,2026-09-29,1.9214,694,1.5918,568,NA,NA,0
2027,2,8474568,VAN,2026-09-29,1.8243,865,1.5628,722,NA,NA,0
2027,2,8475151,NYI,2026-09-30,2.7409,1115,2.0768,786,0.6641,329,0
2027,2,8475170,NYI,2026-09-30,2.1135,867,1.5332,555,0.5804,312,0
2027,2,8475171,TOR,2026-09-30,2.356,930,2.059,766,0.0045,3,1
2027,2,8475171,TOR,2026-09-29,2.6538,1087,2.531,1010,NA,NA,1
2027,2,8475179,FLA,2026-09-29,1.8825,706,1.8496,689,NA,NA,0
2027,2,8475184,MTL,2026-09-29,2.2431,861,1.9422,724,0.1969,96,0
2027,2,8475218,EDM,2026-09-29,3.0719,1256,2.8738,1160,NA,NA,1
2027,2,8475231,NYI,2026-09-30,1.6445,569,1.416,469,NA,NA,0
2027,2,8475235,CAR,2026-09-29,0.8259,301,0.8259,301,NA,NA,1
2027,2,8475462,FLA,2026-09-29,1.6902,645,1.6296,623,NA,NA,0
2027,2,8475690,TOR,2026-09-30,2.7501,1239,2.2606,949,NA,NA,1
2027,2,8475690,TOR,2026-09-29,2.5831,1119,2.4024,996,NA,NA,1
2027,2,8475692,LAK,2026-09-30,2.6313,1079,2.0358,777,0.5955,302,0
2027,2,8475786,EDM,2026-09-29,2.9359,1233,2.4692,929,0.4666,304,1
2027,2,8475791,CAR,2026-09-29,2.5391,927,2.1644,759,0.3746,168,1
2027,2,8475848,VAN,2026-09-29,1.675,654,1.5892,617,NA,NA,0
2027,2,8476292,NYI,2026-09-30,1.7118,606,1.5829,537,NA,NA,0
2027,2,8476372,PHI,2026-09-30,2.6593,1194,2.4527,1082,NA,NA,1
2027,2,8476374,BOS,2026-09-29,2.4435,901,2.3562,866,NA,NA,1
2027,2,8476419,NYI,2026-09-30,2.0711,830,1.5536,599,NA,NA,0
2027,2,8476441,LAK,2026-09-30,2.2278,934,2.0819,863,NA,NA,0
2027,2,8476448,VGK,2026-09-29,2.8923,1046,2.4322,875,0.2353,74,1
2027,2,8476459,NYR,2026-09-29,2.9298,1111,2.6281,992,0.2721,107,0
2027,2,8476461,PHI,2026-09-30,2.4629,904,1.8363,683,0.0247,13,1
2027,2,8476468,NYR,2026-09-29,2.5416,972,2.3388,880,0.1677,76,0
2027,2,8476473,EDM,2026-09-29,2.7887,1109,2.6059,1018,0.0026,2,1
2027,2,8476479,MTL,2026-09-29,2.4356,937,2.0412,766,0.0061,3,0
2027,2,8476872,LAK,2026-09-30,2.6126,907,2.1356,731,0.0264,8,0
2027,2,8476873,CAR,2026-09-29,2.0603,793,1.2473,456,0.1151,51,1
2027,2,8476881,VGK,2026-09-29,2.4186,945,1.9807,711,0.4162,227,1
2027,2,8476906,CAR,2026-09-29,2.7609,1149,1.9984,817,0.7625,332,1
2027,2,8476917,NYI,2026-09-30,2.7765,1191,2.23,900,0.0758,32,0
2027,2,8476921,CAR,2026-09-29,2.1089,830,1.6354,618,NA,NA,1
2027,2,8476927,TOR,2026-09-30,1.8543,752,1.2922,519,NA,NA,1
2027,2,8476927,TOR,2026-09-29,1.6618,586,1.4886,509,NA,NA,1
2027,2,8476931,TOR,2026-09-30,2.867,1219,2.369,959,0.0236,11,1
2027,2,8476931,TOR,2026-09-29,1.7411,698,1.6424,627,0.0086,4,1
2027,2,8476958,CAR,2026-09-29,3.0203,1352,2.3422,1008,0.0256,8,1
2027,2,8476967,COL,2026-09-30,2.7764,1184,2.3554,966,NA,NA,1
2027,2,8477365,BOS,2026-09-29,3.4399,1403,3.3408,1354,0.0212,8,1
2027,2,8477407,NYI,2026-09-30,2.0082,737,1.8758,663,0.1323,74,0
2027,2,8477416,NYR,2026-09-29,2.4189,873,2.4189,873,NA,NA,0
2027,2,8477478,CAR,2026-09-29,1.1732,406,1.1732,406,NA,NA,1
2027,2,8477479,CHI,2026-09-29,2.3754,1011,2.1259,867,0.2495,144,0
2027,2,8477493,FLA,2026-09-29,3.4952,1232,2.117,715,1.0436,378,0
2027,2,8477495,FLA,2026-09-29,4.4318,1739,2.8658,1149,1.2457,446,0
2027,2,8477499,PHI,2026-09-30,2.3514,1060,2.0708,913,0.0296,13,1
2027,2,8477506,NYI,2026-09-30,2.3546,987,1.9068,723,NA,NA,0
2027,2,8477507,BOS,2026-09-29,3.0475,1314,2.9662,1274,NA,NA,1
2027,2,8477845,PIT,2026-09-30,2.7152,1242,2.3717,1043,NA,NA,0
2027,2,8477903,FLA,2026-09-29,1.5808,577,1.2358,447,0.0198,6,0
2027,2,8477932,FLA,2026-09-29,3.1311,1217,1.8157,647,0.732,283,0
2027,2,8477933,FLA,2026-09-29,3.5601,1257,2.1864,748,1.2098,445,0
2027,2,8477935,FLA,2026-09-29,3.5933,1148,2.5362,814,1.0571,334,0
2027,2,8477940,CAR,2026-09-29,2.9237,1164,2.0122,753,0.9114,411,1
2027,2,8477948,PHI,2026-09-30,2.6186,1215,2.0645,915,0.0398,21,1
2027,2,8477950,NYI,2026-09-30,2.6219,1034,2.3636,929,0.2583,105,0
2027,2,8477953,EDM,2026-09-29,3.1309,1075,2.7785,965,0.3524,110,1
2027,2,8477956,BOS,2026-09-29,2.6391,1052,2.4774,964,0.1617,88,1
2027,2,8477960,LAK,2026-09-30,3.4595,1163,2.5815,858,0.8648,300,0
2027,2,8477969,NYR,2026-09-29,3.1599,1388,2.952,1289,0.0263,13,0
2027,2,8477987,CHI,2026-09-29,2.0234,770,1.8424,684,0.181,86,0
2027,2,8477989,PHI,2026-09-30,2.5181,898,2.0488,694,0.2402,108,1
2027,2,8478013,EDM,2026-09-29,2.4597,985,2.1143,867,0.2945,97,1
2027,2,8478133,MTL,2026-09-29,2.3419,890,1.8797,713,NA,NA,0
2027,2,8478147,FLA,2026-09-29,1.0477,363,1.0477,363,NA,NA,0
2027,2,8478178,TOR,2026-09-30,2.7877,1236,2.1602,946,0.6275,290,1
2027,2,8478178,TOR,2026-09-29,3.4656,1427,2.8026,1161,0.6539,260,1
2027,2,8478233,CHI,2026-09-29,0.938,323,0.938,323,NA,NA,0
2027,2,8478397,VGK,2026-09-29,2.8103,1126,2.5755,1040,0.2239,80,1
2027,2,8478401,BOS,2026-09-29,2.5147,924,2.2886,821,0.132,73,1
2027,2,8478427,CAR,2026-09-29,3.6885,1256,2.3129,764,0.8785,349,1
2027,2,8478439,PHI,2026-09-30,2.323,887,1.6486,616,0.4963,196,1
2027,2,8478450,VGK,2026-09-29,2.7224,1208,2.6079,1150,0.0099,4,1
2027,2,8478454,COL,2026-09-30,1.6397,675,1.6397,675,NA,NA,1
2027,2,8478468,VGK,2026-09-29,2.2596,1040,2.0536,919,NA,NA,1
2027,2,8478472,EDM,2026-09-29,2.4946,897,2.3146,813,0.0063,5,1
2027,2,8478483,VGK,2026-09-29,3.2842,1281,2.4595,934,0.4955,215,1
2027,2,8478569,PHI,2026-09-30,2.4548,920,1.9505,734,0.0266,13,1
2027,2,8478840,BOS,2026-09-29,2.5646,1063,2.4993,1028,NA,NA,1
2027,2,8478859,FLA,2026-09-29,3.1482,1292,2.6945,1061,NA,NA,0
2027,2,8478882,NYR,2026-09-29,2.8432,1198,2.7644,1164,NA,NA,0
2027,2,8478970,CAR,2026-09-29,2.5687,1152,1.8845,820,0.0172,6,1
2027,2,8479314,FLA,2026-09-29,2.7794,1141,1.7351,636,1.0443,505,0
2027,2,8479318,TOR,2026-09-30,3.2925,1204,2.6049,919,0.6876,285,1
2027,2,8479318,TOR,2026-09-29,3.734,1354,3.0095,1049,0.6105,244,1
2027,2,8479323,NYR,2026-09-29,2.6389,1105,2.4883,1032,0.1507,73,0
2027,2,8479336,PHI,2026-09-30,2.0179,721,2.0179,721,NA,NA,1
2027,2,8479353,VGK,2026-09-29,2.7075,1036,2.5005,949,NA,NA,1
2027,2,8479365,EDM,2026-09-29,1.5286,561,1.3395,474,0.1891,87,1
2027,2,8479368,EDM,2026-09-29,2.0179,738,2.0179,738,NA,NA,1
2027,2,8479378,NYI,2026-09-30,1.9798,906,1.6285,691,NA,NA,0
2027,2,8479442,TOR,2026-09-30,2.3001,965,1.886,754,NA,NA,1
2027,2,8479442,TOR,2026-09-29,2.6113,1145,2.4035,1034,NA,NA,1
2027,2,8479520,TOR,2026-09-30,2.0577,879,1.5755,655,NA,NA,1
2027,2,8479520,TOR,2026-09-29,1.3922,544,1.2387,470,NA,NA,1
2027,2,8479661,BOS,2026-09-29,2.1102,793,2.1102,793,NA,NA,1
2027,2,8479772,TOR,2026-09-29,0.921,325,0.921,325,NA,NA,1
2027,2,8479987,BOS,2026-09-29,2.7942,978,2.6479,903,0.1463,75,1
2027,2,8479999,BOS,2026-09-29,2.3677,868,2.2803,837,0.0874,31,1
2027,2,8480009,NYR,2026-09-29,2.3562,836,2.1925,775,0.1144,43,0
2027,2,8480015,PHI,2026-09-30,2.3206,851,1.8337,659,0.4869,192,1
2027,2,8480018,MTL,2026-09-29,3.1996000000000002,1123,2.8379,951,0.2763,141,0
2027,2,8480074,MTL,2026-09-29,1.9492,733,1.6886,639,0.2606,94,0
2027,2,8480185,FLA,2026-09-29,2.3653,838,1.6753,557,0.1403,52,0
2027,2,8480220,PHI,2026-09-30,2.0807,857,1.5034,603,0.2168,101,1
2027,2,8480336,CAR,2026-09-29,2.7902,1150,1.9969,790,0.056,23,1
2027,2,8480434,NYR,2026-09-29,3.2702,1395,2.9576,1262,0.1372,47,0
2027,2,8480762,CAR,2026-09-29,2.0664,780,1.6494,585,NA,NA,1
2027,2,8480801,FLA,2026-09-29,2.5385,993,1.6622,623,0.8593,365,0
2027,2,8480813,NYR,2026-09-29,2.6103,957,2.3844,867,NA,NA,0
2027,2,8480817,CAR,2026-09-29,3.8355,1515,2.5887,989,0.4365,179,1
2027,2,8480830,CAR,2026-09-29,2.713,981,1.8741,617,0.7775,348,1
2027,2,8480865,MTL,2026-09-29,3.0711,1316,2.5719,1069,0.1898,88,0
2027,2,8480870,TOR,2026-09-30,1.4817,589,1.3062,503,NA,NA,1
2027,2,8480980,PIT,2026-09-30,2.318,891,1.9761,753,NA,NA,0
2027,2,8481014,NYI,2026-09-30,2.2858,1029,1.9393,816,NA,NA,0
2027,2,8481122,PHI,2026-09-30,2.6455,1109,2.596,1080,NA,NA,1
2027,2,8481219,BOS,2026-09-29,2.3901,1033,2.2942,988,NA,NA,1
2027,2,8481481,PIT,2026-09-30,2.26,793,1.901,647,NA,NA,0
2027,2,8481524,CHI,2026-09-29,3.7425,1508,3.2247,1291,0.4577,187,0
2027,2,8481533,PHI,2026-09-30,2.62,985,2.1768,830,0.4432,155,1
2027,2,8481540,MTL,2026-09-29,2.7567,955,2.4601,812,0.2966,143,0
2027,2,8481546,PHI,2026-09-30,3.0008,1268,2.0418,803,0.4643,197,1
2027,2,8481568,CHI,2026-09-29,2.8979,1201,2.4744,988,NA,NA,0
2027,2,8481593,MTL,2026-09-29,1.4741,662,1.4741,662,NA,NA,0
2027,2,8481601,NYI,2026-09-30,3.0801,1217,2.2629,848,0.4742,166,0
2027,2,8481604,NYR,2026-09-29,2.4755,949,2.3338,873,0.1417,76,0
2027,2,8481618,MTL,2026-09-29,2.4821,971,1.947,736,0.2271,84,0
2027,2,8481711,NYI,2026-09-30,2.7821,1059,2.0303,736,0.7518,323,0
2027,2,8481725,PIT,2026-09-30,2.0287,759,1.7845,649,NA,NA,0
2027,2,8481732,LAK,2026-09-30,1.3723,476,1.3723,476,NA,NA,0
2027,2,8481789,NYR,2026-09-29,2.2082,800,1.991,713,NA,NA,0
2027,2,8482062,CHI,2026-09-29,2.3266,916,1.9678,775,NA,NA,0
2027,2,8482073,NYR,2026-09-29,2.2579,974,2.1988,940,NA,NA,0
2027,2,8482109,NYR,2026-09-29,2.9489,1097,2.7142,1003,0.2347,94,0
2027,2,8482113,FLA,2026-09-29,3.3442,1142,1.9543,638,0.805,253,0
2027,2,8482124,LAK,2026-09-30,3.2032,1139,2.472,846,0.7267,291,0
2027,2,8482142,PHI,2026-09-30,2.5072,1041,2.0676,891,0.4397,150,1
2027,2,8482157,NYR,2026-09-29,2.5748,903,2.4796,859,0.0573,26,0
2027,2,8482159,PHI,2026-09-30,2.77,1028,2.0845,761,0.361,154,1
2027,2,8482166,EDM,2026-09-29,2.1295,783,2.1295,783,NA,NA,1
2027,2,8482460,NYR,2026-09-29,1.499,589,1.499,589,NA,NA,0
2027,2,8482702,CAR,2026-09-29,3.449,1194,2.5085,844,0.4484,166,1
2027,2,8482703,EDM,2026-09-29,2.6063,889,2.422,815,0.0463,24,1
2027,2,8482726,LAK,2026-09-30,1.2342,419,1.2342,419,NA,NA,0
2027,2,8482730,LAK,2026-09-30,2.7213,1137,1.9846,846,0.7367,291,0
2027,2,8482768,COL,2026-09-30,2.6935,928,2.4283,841,NA,NA,1
2027,2,8482809,CAR,2026-09-29,3.4385,1298,2.3627,828,1.0529,461,1
2027,2,8482964,MTL,2026-09-29,1.7348,740,1.5804,651,NA,NA,0
2027,2,8483395,VAN,2026-09-29,1.6669,652,1.313,535,NA,NA,0
2027,2,8483455,EDM,2026-09-29,1.9828,666,1.6678,562,0.3149,104,1
2027,2,8483457,MTL,2026-09-29,3.5536,1447,3.2159,1292,0.3352,152,0
2027,2,8483493,CHI,2026-09-29,3.0755,1081,2.449,836,0.2497,96,0
2027,2,8483506,CHI,2026-09-29,2.659,1096,2.5249,1039,0.1237,53,0
2027,2,8483515,MTL,2026-09-29,3.0383,1073,2.7741,927,0.2641,146,0
2027,2,8483678,VAN,2026-09-29,2.3059,961,2.0048,813,0.1052,41,0
2027,2,8483690,NYR,2026-09-29,2.1701,776,2.1701,776,NA,NA,0
2027,2,8483731,PHI,2026-09-30,2.2798,879,1.8364,693,0.4434,186,1
2027,2,8483771,FLA,2026-09-29,2.023,683,2.023,683,NA,NA,0
2027,2,8483890,VGK,2026-09-29,1.5688,658,1.4386,575,0.1302,83,1
2027,2,8484185,CHI,2026-09-29,1.8787,704,1.7141,620,0.1647,84,0
2027,2,8484197,CHI,2026-09-29,2.2707,837,2.1478,783,0.1229,54,0
2027,2,8484210,NYR,2026-09-29,2.5623,980,2.4312,936,0.1311,44,0
2027,2,8484221,NYI,2026-09-30,2.6071,963,2.3459,809,0.2612,154,0
2027,2,8484240,VAN,2026-09-29,3.0737,1240,2.7853,1132,0.1632,66,0
2027,2,8484258,COL,2026-09-30,2.1282,867,2.0403,817,0.0174,5,1
2027,2,8484387,PHI,2026-09-30,2.6535,947,2.2943,795,0.3592,152,1
2027,2,8484390,CHI,2026-09-29,2.6786,1027,2.2902,871,0.3884,156,0
2027,2,8484428,CAR,2026-09-29,1.8411,760,1.647,679,NA,NA,1
2027,2,8484783,CHI,2026-09-29,2.8071,1154,2.61,1043,NA,NA,0
2027,2,8484798,VAN,2026-09-29,3.3149,1366,3.1059,1291,0.1879,66,0
2027,2,8484984,MTL,2026-09-29,2.4196,911,2.2231,768,0.1965,143,0
2027,2,8485366,NYI,2026-09-30,4.2559,1665,3.4164,1287,0.8395,378,0
2027,2,8485388,NYI,2026-09-30,1.9126,718,1.571,565,0.3416,153,0
2027,2,8485391,CHI,2026-09-29,2.7623,1060,2.2835,818,0.3054,154,0
2027,2,8485395,BOS,2026-09-29,2.3397,807,2.2492,775,0.0905,32,1
2027,2,8485406,PHI,2026-09-30,2.2566,845,1.8584,696,0.3982,149,1
2027,2,8485957,NYR,2026-09-29,2.53,1014,2.53,1014,NA,NA,0
2027,2,8486067,TOR,2026-09-30,2.4677,932,2.0483,732,0.4095,194,1
2027,2,8486067,TOR,2026-09-29,2.5974,919,2.1856,766,0.4118,153,1
2027,2,8486161,EDM,2026-09-29,1.5401,502,1.5103,489,NA,NA,1
2027,2,8486171,COL,2026-09-30,2.1053,815,1.6722,597,0.433,218,1
