"player_id","season","shot_vol_off_per60","shot_vol_def_per60"
"8470613",2026,6.6994,-4.3298
"8470621",2026,0.4563,-0.8661
"8471214",2026,3.3872,1.4437
"8471215",2026,-0.2651,3.7099
"8471675",2026,1.4682,-1.3845
"8471685",2026,-2.1235,0.6585
"8471724",2026,-0.9419,-1.3657
"8471817",2026,-3.0562,0.663
"8473419",2026,1.2984,-5.3706
"8473422",2026,-2.5229,1.9145
"8473507",2026,4.2395,2.2215
"8473512",2026,0.2825,4.3576
"8473533",2026,1.8543,1.3412
"8473604",2026,-0.5383,2.378
"8473986",2026,2.5519,3.7755
"8473994",2026,-0.0595,-1.9766
"8474013",2026,-1.9926,0.3219
"8474037",2026,0.2744,-0.3745
"8474090",2026,-1.6913,0.3089
"8474102",2026,-2.5008,5.3781
"8474141",2026,1.6544,0.5528
"8474149",2026,-1.9346,-3.0295
"8474150",2026,1.751,0.1104
"8474151",2026,0.188,-1.3275
"8474189",2026,-3.2543,-1.6799
"8474563",2026,3.2772,3.0468
"8474564",2026,2.2272,2.3405
"8474567",2026,-0.1553,-0.5238
"8474568",2026,-0.8073,1.0341
"8474574",2026,-0.2552,-3.3808
"8474578",2026,5.5153,2.3891
"8474586",2026,1.2749,2.5248
"8474590",2026,5.5824,5.7307
"8474600",2026,-0.8268,-3.5276
"8474612",2026,0.1354,-0.7352
"8474641",2026,0.3512,1.0352
"8474679",2026,-1.3005,-1.7613
"8474716",2026,0.0497,0.4526
"8475149",2026,2.161,1.2034
"8475151",2026,0.3068,0.7577
"8475158",2026,-2.3719,1.4244
"8475166",2026,2.0587,0.2014
"8475167",2026,-0.8578,-2.3753
"8475168",2026,-4.6068,-2.2019
"8475169",2026,3.3789,-2.7425
"8475170",2026,-3.1291,-1.6172
"8475171",2026,-1.5715,1.1508
"8475172",2026,3.6822,2.3624
"8475179",2026,-0.511,1.0928
"8475181",2026,-2.0771,0.5722
"8475184",2026,2.2994,3.838
"8475188",2026,-1.466,2.6009
"8475191",2026,2.154,1.4879
"8475200",2026,6.0522,3.3069
"8475208",2026,-0.1733,-1.4389
"8475218",2026,3.8478,4.2003
"8475220",2026,-0.5107,1.272
"8475231",2026,4.1272,1.9987
"8475235",2026,-2.546,1.0162
"8475253",2026,-1.4781,0.4288
"8475279",2026,-1.6822,-4.7761
"8475287",2026,4.4352,-4.0542
"8475314",2026,6.8164,-0.2893
"8475324",2026,-4.3793,-1.0797
"8475343",2026,-0.8729,0.5717
"8475455",2026,-2.0376,-0.4492
"8475461",2026,-1.0386,-0.4869
"8475462",2026,1.6625,-3.719
"8475690",2026,-1.1814,-0.9816
"8475692",2026,-1.1271,-0.2784
"8475714",2026,-2.6019,1.0713
"8475718",2026,-0.1715,1.8016
"8475722",2026,-1.1678,1.5426
"8475726",2026,-0.0979,-3.5842
"8475745",2026,0.0374,-0.9964
"8475752",2026,-0.6652,-1.9953
"8475753",2026,-1.6781,-3.4575
"8475754",2026,5.2339,1.1573
"8475755",2026,-2.4187,-3.7456
"8475760",2026,-0.7123,-2.1579
"8475762",2026,-2.0093,0.4969
"8475763",2026,-0.0999,3.6091
"8475764",2026,3.8938,-2.8331
"8475765",2026,-0.2513,-8.2772
"8475768",2026,-1.3869,-1.431
"8475784",2026,-1.1997,-4.6221
"8475786",2026,1.8138,-4.3738
"8475790",2026,-7.04,-6.7704
"8475791",2026,4.8564,1.0385
"8475794",2026,-0.1531,-0.6698
"8475795",2026,-2.7097,0.4324
"8475798",2026,-0.5137,-1.5979
"8475799",2026,1.1292,1.8033
"8475810",2026,-0.7567,0.7599
"8475842",2026,0.5532,-0.9483
"8475848",2026,5.6363,3.391
"8475906",2026,0.2129,-2.5142
"8475913",2026,0.7082,1.5977
"8476278",2026,-1.113,2.0245
"8476292",2026,-2.2337,-1.1208
"8476312",2026,3.6433,4.2277
"8476331",2026,-0.7699,1.8407
"8476372",2026,1.2424,-0.0975
"8476374",2026,6.3859,2.3957
"8476389",2026,-0.5583,-1.2757
"8476392",2026,0.3529,2.3211
"8476393",2026,1.0728,1.7629
"8476399",2026,2.373,4.2084
"8476419",2026,-0.1011,-2.6333
"8476422",2026,2.2948,2.1919
"8476429",2026,-3.398,0.7705
"8476432",2026,5.4719,-2.3145
"8476438",2026,5.0294,-5.1363
"8476441",2026,-1.5669,-4.2111
"8476448",2026,-3.0658,-3.8108
"8476453",2026,1.446,0.6096
"8476454",2026,-2.0244,-5.3426
"8476455",2026,0.0409,-0.1824
"8476456",2026,1.2231,2.5331
"8476457",2026,0.1782,-1.4389
"8476458",2026,1.3853,-0.9771
"8476459",2026,-0.7708,-3.7846
"8476460",2026,1.9937,2.0413
"8476461",2026,2.5812,1.2886
"8476462",2026,5.9979,0.7516
"8476463",2026,-0.1884,-0.3219
"8476467",2026,-0.2595,-0.3172
"8476468",2026,0.3285,-1.545
"8476469",2026,-1.6913,1.1987
"8476473",2026,-6.897,0.7089
"8476474",2026,0.4161,-2.377
"8476479",2026,-0.5674,-0.3741
"8476480",2026,0.2167,1.7805
"8476483",2026,2.5512,-0.2878
"8476525",2026,1.1967,-4.4157
"8476539",2026,-3.6693,-1.6463
"8476624",2026,-3.3576,-3.5706
"8476822",2026,-5.0749,-5.318
"8476826",2026,-1.0755,3.9396
"8476853",2026,4.0274,1.0882
"8476854",2026,3.1182,5.4338
"8476856",2026,-1.3921,-0.6431
"8476867",2026,1.0691,-0.4533
"8476869",2026,-2.6516,-2.5518
"8476871",2026,0.741,-2.3941
"8476872",2026,-1.0653,-5.2908
"8476873",2026,2.7674,1.8004
"8476874",2026,-1.5866,3.6574
"8476875",2026,-2.1385,-6.2839
"8476878",2026,-1.3269,-2.813
"8476879",2026,2.7118,1.1268
"8476880",2026,-0.9261,5.5641
"8476881",2026,5.2401,4.9058
"8476882",2026,0.1136,1.7739
"8476885",2026,4.9422,-4.1343
"8476887",2026,4.3796,-1.4255
"8476889",2026,-3.0254,2.2741
"8476891",2026,-1.2644,-0.6882
"8476892",2026,-2.0576,-1.3676
"8476897",2026,-6.2836,-1.2079
"8476902",2026,-3.7373,-0.6062
"8476905",2026,-6.0221,-7.3451
"8476906",2026,2.3962,3.3381
"8476907",2026,1.1408,-1.9228
"8476917",2026,3.3579,2.378
"8476921",2026,3.5034,5.5344
"8476923",2026,1.0207,1.5875
"8476925",2026,-1.2707,-4.6157
"8476927",2026,-1.0573,1.7952
"8476931",2026,-3.2666,1.9603
"8476952",2026,1.837,1.7956
"8476958",2026,-0.9225,2.1711
"8476967",2026,-4.9715,-2.3451
"8476979",2026,0.6971,-0.218
"8476981",2026,-1.4093,-2.1076
"8476994",2026,-0.176,-3.5745
"8477015",2026,-1.7441,3.2137
"8477018",2026,-0.0378,-0.7896
"8477021",2026,-0.5791,-2.1681
"8477034",2026,-0.2763,0.7383
"8477070",2026,0.2754,1.1909
"8477073",2026,-2.9638,-2.3806
"8477149",2026,-1.8053,-1.4152
"8477220",2026,2.6068,0.1248
"8477320",2026,-1.5512,-0.4164
"8477346",2026,3.9437,-0.9773
"8477365",2026,1.4232,-1.9934
"8477369",2026,-0.8841,0.2435
"8477380",2026,1.5262,0.1304
"8477402",2026,-0.6269,0.4856
"8477404",2026,1.2987,0.039
"8477406",2026,-2.4976,-1.7331
"8477407",2026,-0.8125,-5.1274
"8477409",2026,4.5073,1.6397
"8477416",2026,-0.2732,-2.6276
"8477419",2026,-0.3273,-0.8166
"8477425",2026,-0.2001,-4.7274
"8477426",2026,-0.9052,3.1568
"8477429",2026,0.8138,0.0713
"8477435",2026,-1.6267,0.4051
"8477444",2026,3.7484,1.1687
"8477446",2026,-1.8473,1.4238
"8477447",2026,3.7703,2.0848
"8477450",2026,-1.7979,2.6224
"8477451",2026,3.3789,-3.0008
"8477454",2026,-3.8991,4.3496
"8477456",2026,2.911,-3.2693
"8477463",2026,-1.1408,0.8841
"8477476",2026,-0.9089,-2.7467
"8477478",2026,-0.6186,3.5884
"8477479",2026,0.3833,1.7226
"8477488",2026,-1.6986,-1.7494
"8477492",2026,10.1756,1.2171
"8477494",2026,-0.3687,-1.8587
"8477495",2026,-0.9794,0.1846
"8477496",2026,-0.6481,-2.8859
"8477497",2026,4.7582,-0.713
"8477498",2026,1.7228,-3.15
"8477499",2026,-3.2524,0.8025
"8477500",2026,3.2167,-2.6079
"8477501",2026,3.2,-0.8113
"8477503",2026,0.1822,-3.8749
"8477504",2026,-2.7457,0.6947
"8477505",2026,-2.1518,2.0683
"8477506",2026,-4.4494,-6.3498
"8477507",2026,0.9454,-3.0817
"8477508",2026,-3.6252,-4.4956
"8477511",2026,-0.8621,-0.1167
"8477527",2026,-2.2914,4.7407
"8477541",2026,1.5073,1.6904
"8477573",2026,0.258,1.8194
"8477810",2026,1.1641,4.5027
"8477839",2026,0.7137,-0.1415
"8477845",2026,-2.8754,-1.0697
"8477851",2026,-0.4514,0.2154
"8477903",2026,-5.4387,2.8845
"8477919",2026,-2.3635,-3.4778
"8477931",2026,-0.2534,0.1729
"8477932",2026,0.0474,-0.6055
"8477933",2026,-3.0503,1.6374
"8477934",2026,1.5816,-1.6845
"8477935",2026,0.9985,-1.2112
"8477938",2026,-5.0736,-0.7677
"8477939",2026,0.1051,2.3292
"8477940",2026,3.2251,4.3762
"8477942",2026,0.5268,1.4414
"8477946",2026,0.0619,-0.5477
"8477947",2026,1.0902,3.0548
"8477948",2026,1.4258,1.2703
"8477949",2026,3.0182,-2.1286
"8477950",2026,2.2071,1.3965
"8477951",2026,-0.9698,4.2252
"8477952",2026,-2.2792,1.1175
"8477953",2026,-1.9944,-1.6763
"8477955",2026,4.1604,1.7089
"8477956",2026,-2.0609,1.8991
"8477960",2026,-0.4906,0.5133
"8477964",2026,2.3911,-2.0155
"8477969",2026,-6.1757,-1.8535
"8477971",2026,1.0302,1.4875
"8477979",2026,0.6372,-2.5644
"8477986",2026,5.2244,0.9776
"8477987",2026,1.1082,0.6799
"8477989",2026,-0.9837,-1.0934
"8477993",2026,1.388,-0.0288
"8477996",2026,-0.1777,-1.2751
"8477998",2026,-1.9869,-1.6798
"8478010",2026,-0.3142,-2.7461
"8478013",2026,0.7796,-5.6076
"8478020",2026,-0.9949,-2.1547
"8478038",2026,4.8013,4.1227
"8478042",2026,0.8931,-1.2481
"8478043",2026,-3.1286,4.0348
"8478046",2026,-2.0624,4.7307
"8478047",2026,6.5427,0.6479
"8478055",2026,2.1507,1.5533
"8478057",2026,0.9786,-1.9061
"8478062",2026,2.1423,1.6236
"8478104",2026,-0.6938,-1.0241
"8478109",2026,0.3021,-0.5524
"8478133",2026,-1.7014,-0.3216
"8478136",2026,-1.3665,-2.5491
"8478147",2026,0.1165,0.0559
"8478173",2026,0.2308,1.2836
"8478178",2026,4.6,2.7578
"8478211",2026,0.3589,-0.2244
"8478233",2026,-2.9456,3.1786
"8478366",2026,-0.5736,-3.5055
"8478396",2026,-0.7971,0.4702
"8478397",2026,0.8461,-4.1815
"8478398",2026,1.7905,0.5384
"8478399",2026,-2.3087,0.8376
"8478401",2026,-1.1561,-1.7395
"8478402",2026,3.4217,2.7461
"8478403",2026,2.3604,0.4716
"8478407",2026,1.9743,-1.7972
"8478409",2026,-0.4618,0.1787
"8478413",2026,-2.6823,-1.4385
"8478414",2026,5.9061,-1.1086
"8478416",2026,-3.8868,2.0815
"8478420",2026,-0.9326,-0.8407
"8478421",2026,1.1254,3.3781
"8478424",2026,-0.8105,3.1287
"8478427",2026,3.2691,3.0423
"8478434",2026,-2.9736,1.4135
"8478438",2026,2.2606,-1.9394
"8478439",2026,1.8043,-2.9724
"8478440",2026,-0.1079,-3.6933
"8478443",2026,0.5226,-7.3514
"8478444",2026,-3.8078,-1.6056
"8478445",2026,4.3117,1.2393
"8478449",2026,1.6246,-2.7989
"8478450",2026,-1.0678,1.3301
"8478452",2026,-1.3491,-2.4988
"8478454",2026,-4.2594,0.6857
"8478458",2026,5.1257,2.4016
"8478460",2026,7.2322,1.857
"8478462",2026,0.6514,1.4
"8478463",2026,0.8477,-3.9247
"8478468",2026,-0.9211,0.4833
"8478469",2026,0.7601,0.8259
"8478472",2026,-1.6827,3.4788
"8478474",2026,0.2283,-2.8498
"8478476",2026,2.193,1.88
"8478483",2026,0.4505,4.3537
"8478493",2026,0.1099,0.2115
"8478498",2026,2.2744,-0.4465
"8478500",2026,2.4078,-0.3261
"8478502",2026,-0.4121,0.1251
"8478507",2026,-2.4524,0.5892
"8478508",2026,-2.6141,0.828
"8478519",2026,1.979,-1.5094
"8478542",2026,0.7862,1.54
"8478550",2026,4.2829,2.8787
"8478569",2026,-1.7332,-1.406
"8478831",2026,-3.2663,-4.9964
"8478840",2026,-4.1768,-1.2458
"8478841",2026,-1.6998,-0.1106
"8478851",2026,0.2013,-2.8921
"8478854",2026,2.7885,-1.7692
"8478856",2026,1.6424,-1.6188
"8478859",2026,0.3116,-0.3451
"8478864",2026,2.8882,1.9866
"8478873",2026,2.7013,-0.1115
"8478874",2026,-0.8319,-2.0551
"8478882",2026,-1.5224,-1.0781
"8478888",2026,-1.8429,-1.0085
"8478891",2026,-2.6942,0.5331
"8478904",2026,-0.4654,0.9247
"8478911",2026,-1.6847,-2.0957
"8478967",2026,-0.5424,-0.337
"8478970",2026,1.3553,-1.487
"8478975",2026,0.3206,2.0385
"8479022",2026,-0.468,-3.7718
"8479026",2026,-4.8307,-2.6345
"8479066",2026,1.8505,0.6658
"8479293",2026,-3.6158,2.0187
"8479314",2026,3.6311,3.6303
"8479316",2026,-2.7919,-2.327
"8479318",2026,0.7796,0.0551
"8479323",2026,7.274,4.5862
"8479324",2026,-1.97,-2.4106
"8479325",2026,0.7492,0.6176
"8479336",2026,-3.3744,0.6388
"8479337",2026,3.4066,-0.302
"8479339",2026,-1.4615,-0.9527
"8479343",2026,2.9025,4.5548
"8479345",2026,3.3393,0.984
"8479351",2026,-1.193,1.8211
"8479353",2026,-0.1438,-0.6853
"8479359",2026,0.1306,0.289
"8479365",2026,-2.7105,1.9551
"8479368",2026,1.1049,2.4061
"8479369",2026,1.6971,0.3133
"8479370",2026,1.6231,-1.1581
"8479371",2026,-0.4799,-1.7738
"8479372",2026,-1.886,-1.1447
"8479378",2026,1.2441,-0.6525
"8479383",2026,-0.498,0.6683
"8479385",2026,4.7679,5.2531
"8479387",2026,-0.7903,1.4096
"8479388",2026,-1.4942,-0.5437
"8479390",2026,0.7642,-1.318
"8479393",2026,-2.8057,-0.3974
"8479395",2026,-3.9017,-4.9672
"8479398",2026,3.0919,3.1609
"8479400",2026,-3.0417,-2.7591
"8479402",2026,5.0966,1.4117
"8479407",2026,7.0446,1.1265
"8479410",2026,1.5094,-1.738
"8479414",2026,-0.7994,0.1765
"8479420",2026,0.9655,-0.422
"8479421",2026,0.1315,-0.4839
"8479425",2026,2.2459,-0.3062
"8479442",2026,1.3535,-1.2901
"8479520",2026,-2.8837,-2.0138
"8479525",2026,5.3675,-0.6796
"8479533",2026,-0.4081,-1.5674
"8479542",2026,10.6346,1.9141
"8479543",2026,-1.3575,-0.2227
"8479550",2026,0.829,-1.5226
"8479576",2026,-4.4645,0.5597
"8479591",2026,3.3156,-2.4113
"8479619",2026,7.3822,4.0829
"8479638",2026,1.488,1.5462
"8479639",2026,-1.0702,0.4543
"8479644",2026,-0.2706,0.6017
"8479661",2026,0.4365,-1.648
"8479671",2026,0.5964,4.3368
"8479675",2026,4.8427,0.2645
"8479705",2026,2.9152,-1.7428
"8479718",2026,0.3024,0.0258
"8479772",2026,0.4447,1.1201
"8479941",2026,-0.8459,0.3364
"8479942",2026,-3.4487,-0.8213
"8479944",2026,-0.9609,-1.4733
"8479977",2026,0.5996,6.1052
"8479980",2026,-1.4201,-1.2698
"8479981",2026,-1.685,0.1221
"8479982",2026,-4.7277,-7.6858
"8479983",2026,-2.313,-2.2185
"8479985",2026,-1.5076,1.2396
"8479987",2026,0.7266,0.6034
"8479992",2026,-2.0413,-5.3845
"8479996",2026,-1.8305,1.9642
"8479998",2026,-2.3301,-1.1697
"8479999",2026,0.1369,3.1427
"8480001",2026,1.2603,3.4132
"8480002",2026,2.6402,1.3128
"8480003",2026,-3.257,1.0603
"8480007",2026,-0.3776,0.5533
"8480009",2026,0.6796,-2.5813
"8480012",2026,-1.7401,-2.1732
"8480014",2026,-0.8959,0.1911
"8480015",2026,1.7731,0.9856
"8480018",2026,0.0852,2.4094
"8480021",2026,0.9907,-2.0169
"8480023",2026,1.862,3.7645
"8480027",2026,3.1405,1.3288
"8480028",2026,-1.3758,0.5913
"8480035",2026,-2.105,1.8008
"8480036",2026,-0.167,3.933
"8480039",2026,1.5794,-0.3521
"8480043",2026,-4.7592,-6.3458
"8480049",2026,1.0197,4.735
"8480058",2026,1.3419,-0.7547
"8480064",2026,1.8582,1.6145
"8480068",2026,-2.9132,-5.2218
"8480069",2026,-0.2083,-1.0698
"8480074",2026,3.7591,-0.5931
"8480075",2026,-2.1414,2.2766
"8480078",2026,0.539,0.4427
"8480084",2026,2.0747,3.1151
"8480113",2026,0.7568,0.8302
"8480144",2026,-1.3922,0.7742
"8480145",2026,2.2452,-0.6878
"8480185",2026,0.0391,1.7661
"8480188",2026,3.5094,2.1294
"8480192",2026,-2.1081,0.8443
"8480196",2026,-1.8163,1.2492
"8480208",2026,2.4997,0.8146
"8480220",2026,-1.4872,2.2423
"8480245",2026,-0.7746,0.1703
"8480246",2026,-1.6653,-3.2613
"8480259",2026,-0.7075,-2.7869
"8480281",2026,-3.1046,-2.1377
"8480289",2026,0.0601,-1.9862
"8480291",2026,-0.1365,1.8061
"8480326",2026,-1.9447,-1.8753
"8480336",2026,3.3337,1.9753
"8480355",2026,-2.3822,-2.429
"8480426",2026,1.1482,4.889
"8480434",2026,4.8721,-1.5962
"8480448",2026,2.9766,1.4056
"8480459",2026,0.6905,-0.0851
"8480727",2026,-1.3438,-2.2794
"8480748",2026,7.2747,4.2226
"8480762",2026,1.8971,0.6072
"8480796",2026,-4.3381,-4.0049
"8480797",2026,-0.3579,-0.5693
"8480798",2026,-0.9238,-2.077
"8480800",2026,2.0615,4.339
"8480801",2026,8.1484,2.3163
"8480802",2026,0.7086,1.9808
"8480803",2026,1.5793,2.0704
"8480806",2026,-6.0694,-0.2037
"8480807",2026,-4.7427,-3.1533
"8480813",2026,-3.392,1.9604
"8480817",2026,2.7487,4.407
"8480825",2026,-0.2196,0.166
"8480828",2026,1.8451,2.4502
"8480829",2026,-2.1037,1.7059
"8480830",2026,7.4863,1.7799
"8480831",2026,-0.2438,3.3925
"8480834",2026,-2.5507,-0.2859
"8480835",2026,2.8703,5.5328
"8480839",2026,3.5296,3.654
"8480840",2026,-3.5902,2.3087
"8480842",2026,-0.5746,-2.3899
"8480848",2026,-2.743,-4.4117
"8480849",2026,0.2391,3.9288
"8480853",2026,-0.9651,0.0239
"8480855",2026,0.7291,-3.5829
"8480860",2026,-2.3245,-2.5013
"8480865",2026,4.1065,-4.3519
"8480870",2026,-5.1397,-6.423
"8480871",2026,-1.6939,-3.0742
"8480873",2026,-0.1063,-1.6205
"8480874",2026,-1.4242,-0.5937
"8480876",2026,-0.175,3.8823
"8480878",2026,-2.5137,-1.283
"8480879",2026,-3.041,-3.1857
"8480887",2026,0.4512,1.9862
"8480891",2026,1.5001,-3.4648
"8480893",2026,1.0007,1.2081
"8480950",2026,-4.7745,-0.8166
"8480980",2026,-1.6127,-0.0995
"8480990",2026,2.2974,-1.473
"8480995",2026,1.4048,5.4097
"8481004",2026,0.4466,0.8677
"8481006",2026,-1.209,4.1995
"8481013",2026,1.8724,3.5811
"8481014",2026,-1.1983,-2.7644
"8481024",2026,2.3898,3.4802
"8481028",2026,-3.3505,-0.2086
"8481030",2026,-1.4341,-3.519
"8481032",2026,-4.1024,-2.4582
"8481043",2026,2.6573,-1.7368
"8481056",2026,0.1155,2.3034
"8481065",2026,-1.1528,-1.1295
"8481068",2026,2.5161,-2.8193
"8481070",2026,-1.0736,-1.0839
"8481077",2026,0.6035,-0.5018
"8481093",2026,-0.2059,0.6248
"8481122",2026,-4.1676,-5.1653
"8481133",2026,-7.061,-0.6856
"8481161",2026,2.5775,0.2043
"8481167",2026,-2.7459,-5.6669
"8481178",2026,0.552,1.3275
"8481186",2026,1.8904,1.7874
"8481219",2026,-1.7876,-3.0659
"8481237",2026,-3.0939,1.8422
"8481477",2026,-2.1235,-1.6701
"8481481",2026,3.2765,1.0864
"8481491",2026,-1.8805,1.415
"8481517",2026,0.2148,0.9957
"8481518",2026,0.2999,1.1937
"8481522",2026,-1.3503,0.1817
"8481523",2026,-1.5542,-2.3484
"8481524",2026,0.5225,1.6331
"8481525",2026,0.3578,1.3806
"8481527",2026,0.1101,3.3127
"8481528",2026,2.7521,2.1406
"8481532",2026,6.1981,1.5139
"8481533",2026,2.7983,1.9819
"8481534",2026,0.7421,0.1255
"8481535",2026,0.9591,1.725
"8481540",2026,3.3436,2.4907
"8481542",2026,2.055,3.7169
"8481546",2026,-3.6078,-0.2761
"8481553",2026,-0.1691,3.4024
"8481554",2026,1.6608,0.5043
"8481556",2026,0.8071,-2.7591
"8481557",2026,1.9224,-1.4636
"8481559",2026,2.1564,0.4933
"8481563",2026,-2.5728,-1.0462
"8481564",2026,0.2917,-1.2061
"8481567",2026,-2.4991,1.1628
"8481568",2026,-0.5399,-2.4336
"8481569",2026,0.5609,1.6254
"8481572",2026,1.1026,0.6445
"8481575",2026,-0.262,0.6308
"8481577",2026,-0.9968,-1.757
"8481580",2026,0.3594,-4.041
"8481581",2026,3.6705,0.9697
"8481582",2026,1.4374,0.2064
"8481592",2026,-0.7135,0.1527
"8481593",2026,-4.0627,1.0305
"8481594",2026,-0.4068,-1.2504
"8481596",2026,-0.3912,-0.9555
"8481598",2026,-3.3378,1.352
"8481599",2026,-1.2584,-2.5136
"8481600",2026,-1.2685,1.7451
"8481601",2026,0.4534,-1.4741
"8481604",2026,0.5308,2.5664
"8481605",2026,2.253,6.1684
"8481606",2026,8.2171,6.3377
"8481607",2026,-1.5834,-2.9127
"8481609",2026,1.5899,-2.702
"8481617",2026,1.5932,4.7725
"8481618",2026,-1.7859,-0.2288
"8481624",2026,-1.7869,-1.1189
"8481641",2026,0.889,0.5529
"8481655",2026,-0.5596,1.32
"8481656",2026,6.2863,1.5329
"8481704",2026,-2.6905,1.9463
"8481711",2026,0.7804,-0.2111
"8481715",2026,-0.7552,0.1046
"8481716",2026,3.5209,-2.0292
"8481719",2026,-0.8053,2.6659
"8481721",2026,3.1105,2.503
"8481725",2026,-2.8586,-0.2116
"8481726",2026,0.8923,-2.4393
"8481732",2026,-1.8066,-0.0174
"8481754",2026,1.6204,-1.2015
"8481789",2026,0.1928,2.4531
"8481806",2026,1.3174,-1.5672
"8481848",2026,0.5501,1.2572
"8482055",2026,2.6348,-0.0655
"8482062",2026,0.1162,1.3265
"8482067",2026,-0.517,1.7214
"8482070",2026,0.9714,1.7977
"8482072",2026,-0.1285,-0.6416
"8482073",2026,-2.8758,-2.4219
"8482074",2026,-1.4473,2.2156
"8482077",2026,1.1875,0.0771
"8482078",2026,-0.9547,1.3314
"8482079",2026,0.6672,0.3186
"8482087",2026,-4.1142,-6.1321
"8482088",2026,-0.0845,1.7836
"8482089",2026,-1.1182,1.2558
"8482090",2026,-2.6737,0.4095
"8482092",2026,-1.7745,-0.4766
"8482093",2026,0.4747,1.6206
"8482094",2026,-1.2936,-3.7015
"8482095",2026,1.2345,1.2389
"8482097",2026,-0.0772,-2.5817
"8482100",2026,3.6293,3.157
"8482103",2026,-2.457,1.5892
"8482105",2026,6.8539,2.0942
"8482107",2026,3.1108,-0.317
"8482109",2026,3.6197,3.9253
"8482110",2026,1.3561,0.9558
"8482111",2026,2.2824,0.8082
"8482113",2026,0.4406,2.3474
"8482116",2026,1.6382,0.742
"8482117",2026,-0.8223,-1.3557
"8482118",2026,0.1069,-0.2471
"8482122",2026,5.6329,-2.6867
"8482124",2026,3.0055,-2.7634
"8482125",2026,-3.1183,-2.8674
"8482126",2026,0.0738,1.1286
"8482131",2026,-2.0981,-1.4093
"8482132",2026,-1.1448,0.1067
"8482142",2026,-3.5439,-2.0868
"8482145",2026,2.4588,4.8519
"8482146",2026,6.6522,4.8026
"8482148",2026,4.4765,5.0258
"8482149",2026,0.8741,0.9883
"8482155",2026,0.5475,-0.0625
"8482157",2026,0.6367,0.929
"8482159",2026,-3.6906,-1.1397
"8482162",2026,-0.3119,0.396
"8482165",2026,-0.9145,-3.1693
"8482166",2026,-3.7327,1.0424
"8482167",2026,1.2853,0.9822
"8482168",2026,0.0029,-2.2709
"8482172",2026,-4.7135,-2.7465
"8482174",2026,-1.5611,1.0946
"8482175",2026,3.8863,1.4175
"8482176",2026,-2.9071,1.6125
"8482177",2026,-2.1704,-0.0885
"8482178",2026,-1.366,4.363
"8482187",2026,-0.1542,-0.2515
"8482192",2026,-1.5596,0.6735
"8482201",2026,-0.8379,3.7451
"8482206",2026,-0.207,0.0976
"8482209",2026,1.409,-1.38
"8482245",2026,-3.5682,1.3514
"8482259",2026,1.4819,-0.3897
"8482408",2026,1.7873,0.4253
"8482451",2026,0.0157,0.9005
"8482460",2026,3.6564,4.5234
"8482470",2026,1.7656,-1.1419
"8482475",2026,-2.6426,-1.3996
"8482476",2026,1.3444,-1.0456
"8482479",2026,-0.4936,-1.4254
"8482482",2026,-0.3719,2.1219
"8482496",2026,-0.9005,-0.3051
"8482511",2026,0.257,-4.4907
"8482516",2026,-4.6533,-2.914
"8482525",2026,-0.596,1.0582
"8482623",2026,-1.0478,2.5997
"8482624",2026,-1.8555,-1.3184
"8482634",2026,-0.4467,1.7795
"8482641",2026,-2.057,-0.4238
"8482652",2026,-0.5506,1.1142
"8482655",2026,4.3181,3.364
"8482659",2026,2.1687,2.8885
"8482660",2026,-1.1488,1.9195
"8482663",2026,-0.5331,0.0071
"8482665",2026,-3.2788,-3.2877
"8482666",2026,4.6375,0.0333
"8482667",2026,1.6837,-0.4841
"8482671",2026,3.8566,2.7203
"8482673",2026,0.6311,0.2824
"8482679",2026,3.4256,-2.2517
"8482684",2026,4.9858,0.5528
"8482691",2026,-2.556,-2.9561
"8482699",2026,3.3295,-0.9302
"8482702",2026,4.709,4.1066
"8482703",2026,-0.2595,4.1801
"8482705",2026,1.3243,-0.5609
"8482713",2026,7.0427,2.7181
"8482715",2026,-1.1061,-0.5807
"8482720",2026,-5.7341,-4.1589
"8482726",2026,-2.5973,-0.3752
"8482730",2026,8.6762,0.9175
"8482731",2026,0.0267,4.232
"8482733",2026,-0.5073,0.7973
"8482737",2026,-0.6633,3.8615
"8482740",2026,-0.4932,-4.7077
"8482742",2026,0.2332,-0.5773
"8482745",2026,5.7714,0.0521
"8482747",2026,0.7202,-4.047
"8482749",2026,0.058,-0.4791
"8482751",2026,0.9488,0.1044
"8482758",2026,4.3873,3.1993
"8482762",2026,0.5793,2.2601
"8482765",2026,-1.9092,-2.9594
"8482768",2026,0.7346,0.1421
"8482775",2026,-2.6245,-6.1197
"8482781",2026,0.425,0.3142
"8482787",2026,-0.8602,-0.3344
"8482802",2026,-1.5394,1.021
"8482803",2026,5.6206,-1.0281
"8482804",2026,-2.6532,2.2956
"8482807",2026,-1.6197,1.2624
"8482809",2026,2.5906,-0.648
"8482858",2026,-1.1175,-0.4288
"8482859",2026,-1.5934,2.0986
"8482861",2026,-0.5051,-0.8251
"8482873",2026,-1.0315,0.7804
"8482874",2026,1.3665,2.8679
"8482877",2026,1.2075,0.3298
"8482896",2026,-0.9812,-6.3415
"8482911",2026,-0.9264,4.0451
"8482929",2026,-1.6182,-1.3485
"8482941",2026,-0.4778,-0.9695
"8482947",2026,-0.0305,3.9822
"8482953",2026,0.8869,-1.1368
"8482964",2026,-1.8652,2.1495
"8482993",2026,-2.0671,-0.7115
"8483039",2026,-1.0812,0.1764
"8483395",2026,-1.2024,-0.3837
"8483397",2026,-2.379,-1.1958
"8483398",2026,-2.1805,-3.892
"8483406",2026,-0.8536,-2.6957
"8483424",2026,0.8094,0.6159
"8483425",2026,-2.9486,3.2628
"8483431",2026,-0.9588,-5.4114
"8483432",2026,-0.8263,-0.5252
"8483433",2026,0.4272,-0.0164
"8483435",2026,-0.8936,-2.5285
"8483444",2026,-0.5704,-0.8479
"8483445",2026,10.1264,-2.7962
"8483447",2026,-1.2099,-2.6457
"8483448",2026,-1.6915,-0.1732
"8483450",2026,-0.089,-3.2067
"8483452",2026,1.0907,-0.3887
"8483455",2026,-0.0891,0.0978
"8483457",2026,2.9996,4.6369
"8483460",2026,-1.3834,-2.3784
"8483463",2026,-1.0228,1.408
"8483464",2026,2.4132,-0.4516
"8483465",2026,-1.9815,-5.318
"8483466",2026,-0.5779,3.718
"8483467",2026,-1.1987,0.6941
"8483468",2026,1.2613,-3.753
"8483471",2026,-1.6845,-1.337
"8483472",2026,-1.0963,-1.405
"8483476",2026,-3.8038,-4.332
"8483485",2026,-0.2376,1.2289
"8483487",2026,2.3991,3.6985
"8483489",2026,0.2751,0.9958
"8483490",2026,-1.6198,-6.0197
"8483491",2026,-0.1053,-1.2313
"8483493",2026,-2.1224,-4.9841
"8483495",2026,0.099,-0.452
"8483497",2026,1.0184,0.7524
"8483499",2026,-3.2661,-1.8626
"8483500",2026,-1.8662,1.7324
"8483503",2026,0.2163,2.2064
"8483505",2026,-0.8369,0.0824
"8483506",2026,-2.2888,-4.3479
"8483510",2026,2.5558,-0.9363
"8483512",2026,-1.1707,-3.1943
"8483513",2026,-4.2774,-4.1553
"8483515",2026,2.7203,-2.4484
"8483516",2026,-0.5252,-5.9931
"8483524",2026,1.724,-2.259
"8483525",2026,-5.6942,0.6584
"8483526",2026,-1.1933,-0.1101
"8483531",2026,-2.759,1.6292
"8483546",2026,0.1019,-1.1322
"8483553",2026,-2.1098,2.3972
"8483565",2026,0.8015,1.4984
"8483570",2026,-1.259,1.8465
"8483573",2026,-0.4028,-4.4014
"8483609",2026,-1.2726,2.8498
"8483630",2026,-1.1841,1.5622
"8483669",2026,0.4842,-0.026
"8483675",2026,1.2188,-1.8386
"8483676",2026,1.9298,0.6879
"8483678",2026,-6.1162,-1.4811
"8483686",2026,0.0872,2.2334
"8483687",2026,-1.2798,1.7644
"8483690",2026,-2.241,-2.4265
"8483709",2026,-0.7813,0.0193
"8483712",2026,-0.7829,-0.9556
"8483728",2026,-0.4518,-0.6449
"8483731",2026,-3.5473,-1.6312
"8483733",2026,-0.8201,0.4914
"8483752",2026,1.5439,1.4095
"8483756",2026,1.7203,-0.4403
"8483760",2026,-0.4122,0.1443
"8483766",2026,-0.7853,-1.4878
"8483768",2026,-4.609,-4.1758
"8483771",2026,1.1385,0.2158
"8483808",2026,-0.9669,1.401
"8483841",2026,0.2617,-2.0699
"8483890",2026,-0.9927,1.3479
"8483930",2026,-0.0052,0.7341
"8484135",2026,-0.5578,-1.5304
"8484136",2026,-1.9863,2.25
"8484142",2026,-1.362,1.229
"8484144",2026,-0.7341,-5.924
"8484145",2026,3.5229,2.9907
"8484148",2026,-1.101,-0.0371
"8484149",2026,-0.546,-0.2958
"8484150",2026,-2.0418,0.407
"8484152",2026,-0.1535,0.432
"8484153",2026,2.7606,1.9266
"8484158",2026,0.2182,-6.0491
"8484160",2026,0.1341,-2.3747
"8484164",2026,-1.1526,0.2883
"8484166",2026,0.3193,-0.2973
"8484168",2026,1.7542,1.4477
"8484169",2026,-0.8789,-0.734
"8484177",2026,-1.3075,-2.2714
"8484180",2026,0.158,3.755
"8484185",2026,-2.2594,2.3369
"8484186",2026,-1.0656,-5.393
"8484188",2026,2.632,1.5781
"8484197",2026,2.0987,2.0715
"8484203",2026,-0.6896,-2.2753
"8484210",2026,-3.6604,0.2639
"8484220",2026,-0.504,0.7736
"8484221",2026,-3.4393,-0.7793
"8484223",2026,0.8896,1.7267
"8484227",2026,-0.8909,-0.4404
"8484230",2026,-0.5292,0.0779
"8484234",2026,-1.8679,0.314
"8484240",2026,-4.1371,-1.4203
"8484241",2026,1.4193,-2.8048
"8484242",2026,-0.4,-1.3672
"8484255",2026,-0.3642,1.0198
"8484258",2026,4.1275,2.1753
"8484262",2026,-3.8021,-1.9806
"8484304",2026,-3.3424,-0.0565
"8484305",2026,-2.3575,-2.7634
"8484321",2026,-5.7245,-2.5254
"8484380",2026,0.4296,0.1482
"8484386",2026,-3.3358,1.5145
"8484387",2026,2.3389,-0.2201
"8484388",2026,2.0782,2.8816
"8484392",2026,-1.5248,0.1349
"8484406",2026,-0.8877,0.377
"8484428",2026,0.3148,0.3237
"8484471",2026,2.1016,0.0858
"8484509",2026,-3.033,3.1484
"8484529",2026,-0.3635,-1.4947
"8484759",2026,-1.1126,-3.9101
"8484762",2026,0.123,-0.2276
"8484768",2026,1.3452,-1.0134
"8484779",2026,-1.7161,-0.969
"8484783",2026,0.6046,-3.9954
"8484793",2026,-2.291,0.4572
"8484794",2026,3.8535,1.7171
"8484797",2026,1.9407,0.1717
"8484798",2026,-1.2771,2.0807
"8484800",2026,-1.0879,0.6856
"8484801",2026,-0.7381,1.9962
"8484806",2026,1.7239,-0.2132
"8484829",2026,-1.0708,0.8436
"8484839",2026,0.9111,2.6041
"8484860",2026,-1.7378,-6.9958
"8484873",2026,1.1123,1.3585
"8484901",2026,-3.7237,0.2776
"8484911",2026,-2.6213,0.2695
"8484933",2026,-2.5839,-1.3829
"8484938",2026,-0.1199,0.777
"8484958",2026,-0.5789,6.0443
"8484984",2026,-4.1402,2.1609
"8484994",2026,2.574,0.3558
"8484999",2026,-0.8435,-1.0373
"8485251",2026,-0.9239,1.1497
"8485366",2026,4.6979,0.4879
"8485385",2026,-1.5579,-2.4235
"8485388",2026,-0.8633,0.9781
"8485391",2026,-0.5561,-5.1761
"8485395",2026,-0.2039,0.4006
"8485402",2026,1.6326,-0.7239
"8485405",2026,-0.6085,-0.5383
"8485406",2026,-0.0671,0.5036
"8485414",2026,2.9772,0.4333
"8485467",2026,-0.7667,1.2245
"8485493",2026,0.2404,-0.2953
"8485511",2026,0.7103,-1.5867
"8485512",2026,-0.0895,-1.5121
"8485702",2026,-1.2908,-2.6202
"8486056",2026,-2.8642,-1.3842
"8486166",2026,-1.812,0.6571
"8486169",2026,-1.5716,-0.971
