season,game_type,team_id,team_abbrev,gp,wins,losses,ot_losses,points,conference,division,dist_total_mi,dist_per60_mi,dist_max_game_mi,burst_18mph,burst_20mph,burst_22mph,top_speed_mph,oz_pct,nz_pct,dz_pct,oz_league_avg,dz_league_avg,slot_goals,circle_goals,perimeter_goals,shot_diff,shots_for,shots_against,avg_shot_speed_mph,max_shot_speed_mph
2022,2,21,COL,82,56,19,7,119,Western,Central,3717.8613,9.1766,49.4793,NA,NA,NA,NA,0.4198345,0.1750883,0.4050773,0.4104946,0.4104946,NA,NA,NA,NA,NA,NA,58.4713,NA
2022,2,21,COL,82,56,19,7,119,Western,Central,3717.8613,9.1766,49.4793,NA,NA,NA,NA,0.4198345,0.1750883,0.4050773,0.4104946,0.4104946,NA,NA,NA,NA,NA,NA,94.1004,NA
2022,2,12,CAR,82,54,20,8,116,Eastern,Metropolitan,3724.1239,9.2274,48.3274,NA,NA,NA,NA,0.4551413,0.1807431,0.3641156,0.4104946,0.4104946,NA,NA,NA,NA,NA,NA,57.6994,NA
2022,2,12,CAR,82,54,20,8,116,Eastern,Metropolitan,3724.1239,9.2274,48.3274,NA,NA,NA,NA,0.4551413,0.1807431,0.3641156,0.4104946,0.4104946,NA,NA,NA,NA,NA,NA,92.8582,NA
2022,2,25,DAL,82,46,30,6,98,Western,Central,3656.5481,8.9764,51.016,NA,NA,NA,NA,0.4058591,0.1775462,0.4165947,0.4104946,0.4104946,NA,NA,NA,NA,NA,NA,56.4789,NA
2022,2,25,DAL,82,46,30,6,98,Western,Central,3656.5481,8.9764,51.016,NA,NA,NA,NA,0.4058591,0.1775462,0.4165947,0.4104946,0.4104946,NA,NA,NA,NA,NA,NA,90.8939,NA
2022,2,7,BUF,82,32,39,11,75,Eastern,Atlantic,3761.9,9.2556,50.6153,NA,NA,NA,NA,0.3948302,0.1805,0.4246698,0.4104946,0.4104946,NA,NA,NA,NA,NA,NA,58.7982,NA
2022,2,7,BUF,82,32,39,11,75,Eastern,Atlantic,3761.9,9.2556,50.6153,NA,NA,NA,NA,0.3948302,0.1805,0.4246698,0.4104946,0.4104946,NA,NA,NA,NA,NA,NA,94.6265,NA
2022,2,14,TBL,82,51,23,8,110,Eastern,Atlantic,3603.7229,8.8804,48.5934,NA,NA,NA,NA,0.4182928,0.1796773,0.4020299,0.4104946,0.4104946,NA,NA,NA,NA,NA,NA,59.0317,NA
2022,2,14,TBL,82,51,23,8,110,Eastern,Atlantic,3603.7229,8.8804,48.5934,NA,NA,NA,NA,0.4182928,0.1796773,0.4020299,0.4104946,0.4104946,NA,NA,NA,NA,NA,NA,95.0023,NA
2022,2,8,MTL,82,22,49,11,55,Eastern,Atlantic,3717.8994,9.1892,50.118,NA,NA,NA,NA,0.39037,0.1793324,0.4302976,0.4104946,0.4104946,NA,NA,NA,NA,NA,NA,57.0277,NA
2022,2,8,MTL,82,22,49,11,55,Eastern,Atlantic,3717.8994,9.1892,50.118,NA,NA,NA,NA,0.39037,0.1793324,0.4302976,0.4104946,0.4104946,NA,NA,NA,NA,NA,NA,91.7772,NA
2022,2,30,MIN,82,53,22,7,113,Western,Central,3642.8705,8.9539,49.6161,NA,NA,NA,NA,0.4113263,0.1812433,0.4074304,0.4104946,0.4104946,NA,NA,NA,NA,NA,NA,57.6773,NA
2022,2,30,MIN,82,53,22,7,113,Western,Central,3642.8705,8.9539,49.6161,NA,NA,NA,NA,0.4113263,0.1812433,0.4074304,0.4104946,0.4104946,NA,NA,NA,NA,NA,NA,92.8227,NA
2022,2,6,BOS,82,51,26,5,107,Eastern,Atlantic,3723.9209,9.2246,49.2869,NA,NA,NA,NA,0.4185927,0.1811376,0.4002696,0.4104946,0.4104946,NA,NA,NA,NA,NA,NA,58.1895,NA
2022,2,6,BOS,82,51,26,5,107,Eastern,Atlantic,3723.9209,9.2246,49.2869,NA,NA,NA,NA,0.4185927,0.1811376,0.4002696,0.4104946,0.4104946,NA,NA,NA,NA,NA,NA,93.6469,NA
2022,2,9,OTT,82,33,42,7,73,Eastern,Atlantic,3677.0343,9.0811,49.2924,NA,NA,NA,NA,0.3971664,0.176576,0.4262576,0.4104946,0.4104946,NA,NA,NA,NA,NA,NA,56.8581,NA
2022,2,9,OTT,82,33,42,7,73,Eastern,Atlantic,3677.0343,9.0811,49.2924,NA,NA,NA,NA,0.3971664,0.176576,0.4262576,0.4104946,0.4104946,NA,NA,NA,NA,NA,NA,91.5043,NA
2022,2,5,PIT,82,46,25,11,103,Eastern,Metropolitan,3818.6457,9.3742,51.0947,NA,NA,NA,NA,0.4268795,0.1777739,0.3953466,0.4104946,0.4104946,NA,NA,NA,NA,NA,NA,56.9992,NA
2022,2,5,PIT,82,46,25,11,103,Eastern,Metropolitan,3818.6457,9.3742,51.0947,NA,NA,NA,NA,0.4268795,0.1777739,0.3953466,0.4104946,0.4104946,NA,NA,NA,NA,NA,NA,91.7313,NA
2022,2,4,PHI,82,25,46,11,61,Eastern,Metropolitan,3743.54,9.2184,48.9667,NA,NA,NA,NA,0.4034631,0.1765273,0.4200097,0.4104946,0.4104946,NA,NA,NA,NA,NA,NA,57.5218,NA
2022,2,4,PHI,82,25,46,11,61,Eastern,Metropolitan,3743.54,9.2184,48.9667,NA,NA,NA,NA,0.4034631,0.1765273,0.4200097,0.4104946,0.4104946,NA,NA,NA,NA,NA,NA,92.5724,NA
2022,2,15,WSH,82,44,26,12,100,Eastern,Metropolitan,3723.3271,9.1506,50.7525,NA,NA,NA,NA,0.4148383,0.1790933,0.4060684,0.4104946,0.4104946,NA,NA,NA,NA,NA,NA,58.6467,NA
2022,2,15,WSH,82,44,26,12,100,Eastern,Metropolitan,3723.3271,9.1506,50.7525,NA,NA,NA,NA,0.4148383,0.1790933,0.4060684,0.4104946,0.4104946,NA,NA,NA,NA,NA,NA,94.3827,NA
2022,2,54,VGK,82,43,31,8,94,Western,Pacific,3766.4186,9.2465,49.95,NA,NA,NA,NA,0.4234436,0.1866454,0.3899109,0.4104946,0.4104946,NA,NA,NA,NA,NA,NA,57.7953,NA
2022,2,54,VGK,82,43,31,8,94,Western,Pacific,3766.4186,9.2465,49.95,NA,NA,NA,NA,0.4234436,0.1866454,0.3899109,0.4104946,0.4104946,NA,NA,NA,NA,NA,NA,93.0125,NA
2022,2,22,EDM,82,49,27,6,104,Western,Pacific,3722.2407,9.1795,49.9405,NA,NA,NA,NA,0.4307091,0.1789378,0.3903531,0.4104946,0.4104946,NA,NA,NA,NA,NA,NA,56.5779,NA
2022,2,22,EDM,82,49,27,6,104,Western,Pacific,3722.2407,9.1795,49.9405,NA,NA,NA,NA,0.4307091,0.1789378,0.3903531,0.4104946,0.4104946,NA,NA,NA,NA,NA,NA,91.0533,NA
2022,2,17,DET,82,32,40,10,74,Eastern,Atlantic,3696.2152,9.086,49.1195,NA,NA,NA,NA,0.3949814,0.1756856,0.429333,0.4104946,0.4104946,NA,NA,NA,NA,NA,NA,56.3135,NA
2022,2,17,DET,82,32,40,10,74,Eastern,Atlantic,3696.2152,9.086,49.1195,NA,NA,NA,NA,0.3949814,0.1756856,0.429333,0.4104946,0.4104946,NA,NA,NA,NA,NA,NA,90.6278,NA
2022,2,29,CBJ,82,37,38,7,81,Eastern,Metropolitan,3724.9504,9.1878,49.6765,NA,NA,NA,NA,0.3904244,0.17708,0.4324956,0.4104946,0.4104946,NA,NA,NA,NA,NA,NA,58.6048,NA
2022,2,29,CBJ,82,37,38,7,81,Eastern,Metropolitan,3724.9504,9.1878,49.6765,NA,NA,NA,NA,0.3904244,0.17708,0.4324956,0.4104946,0.4104946,NA,NA,NA,NA,NA,NA,94.3153,NA
2022,2,24,ANA,82,31,37,14,76,Western,Pacific,3736.9091,9.1749,49.9231,NA,NA,NA,NA,0.3969132,0.1818511,0.4212357,0.4104946,0.4104946,NA,NA,NA,NA,NA,NA,56.8258,NA
2022,2,24,ANA,82,31,37,14,76,Western,Pacific,3736.9091,9.1749,49.9231,NA,NA,NA,NA,0.3969132,0.1818511,0.4212357,0.4104946,0.4104946,NA,NA,NA,NA,NA,NA,91.4522,NA
2022,2,2,NYI,82,37,35,10,84,Eastern,Metropolitan,3609.9966,8.8964,48.2386,NA,NA,NA,NA,0.399901,0.1789415,0.4211575,0.4104946,0.4104946,NA,NA,NA,NA,NA,NA,57.6177,NA
2022,2,2,NYI,82,37,35,10,84,Eastern,Metropolitan,3609.9966,8.8964,48.2386,NA,NA,NA,NA,0.399901,0.1789415,0.4211575,0.4104946,0.4104946,NA,NA,NA,NA,NA,NA,92.7268,NA
2022,2,26,LAK,82,44,27,11,99,Western,Pacific,3716.0077,9.1326,50.6018,NA,NA,NA,NA,0.4146466,0.1777952,0.4075582,0.4104946,0.4104946,NA,NA,NA,NA,NA,NA,59.365,NA
2022,2,26,LAK,82,44,27,11,99,Western,Pacific,3716.0077,9.1326,50.6018,NA,NA,NA,NA,0.4146466,0.1777952,0.4075582,0.4104946,0.4104946,NA,NA,NA,NA,NA,NA,95.5387,NA
2022,2,1,NJD,82,27,46,9,63,Eastern,Metropolitan,3762.3645,9.2432,50.4074,NA,NA,NA,NA,0.4019294,0.1832902,0.4147804,0.4104946,0.4104946,NA,NA,NA,NA,NA,NA,58.0451,NA
2022,2,1,NJD,82,27,46,9,63,Eastern,Metropolitan,3762.3645,9.2432,50.4074,NA,NA,NA,NA,0.4019294,0.1832902,0.4147804,0.4104946,0.4104946,NA,NA,NA,NA,NA,NA,93.4146,NA
2022,2,19,STL,82,49,22,11,109,Western,Central,3727.5095,9.1925,50.2631,NA,NA,NA,NA,0.4085277,0.1775517,0.4139207,0.4104946,0.4104946,NA,NA,NA,NA,NA,NA,57.3592,NA
2022,2,19,STL,82,49,22,11,109,Western,Central,3727.5095,9.1925,50.2631,NA,NA,NA,NA,0.4085277,0.1775517,0.4139207,0.4104946,0.4104946,NA,NA,NA,NA,NA,NA,92.3107,NA
2022,2,18,NSH,82,45,30,7,97,Western,Central,3597.9397,8.895,49.0858,NA,NA,NA,NA,0.4082883,0.1731656,0.4185461,0.4104946,0.4104946,NA,NA,NA,NA,NA,NA,57.3966,NA
2022,2,18,NSH,82,45,30,7,97,Western,Central,3597.9397,8.895,49.0858,NA,NA,NA,NA,0.4082883,0.1731656,0.4185461,0.4104946,0.4104946,NA,NA,NA,NA,NA,NA,92.3708,NA
2022,2,28,SJS,82,32,37,13,77,Western,Pacific,3762.6375,9.2632,48.6813,NA,NA,NA,NA,0.3825217,0.1861057,0.4313726,0.4104946,0.4104946,NA,NA,NA,NA,NA,NA,57.5166,NA
2022,2,28,SJS,82,32,37,13,77,Western,Pacific,3762.6375,9.2632,48.6813,NA,NA,NA,NA,0.3825217,0.1861057,0.4313726,0.4104946,0.4104946,NA,NA,NA,NA,NA,NA,92.564,NA
2022,2,13,FLA,82,58,18,6,122,Eastern,Atlantic,3829.2233,9.4437,50.2356,NA,NA,NA,NA,0.4326462,0.1899523,0.3774015,0.4104946,0.4104946,NA,NA,NA,NA,NA,NA,57.3556,NA
2022,2,13,FLA,82,58,18,6,122,Eastern,Atlantic,3829.2233,9.4437,50.2356,NA,NA,NA,NA,0.4326462,0.1899523,0.3774015,0.4104946,0.4104946,NA,NA,NA,NA,NA,NA,92.3048,NA
2022,2,52,WPG,82,39,32,11,89,Western,Central,3730.8423,9.1821,50.4233,NA,NA,NA,NA,0.4144541,0.1811852,0.4043606,0.4104946,0.4104946,NA,NA,NA,NA,NA,NA,58.0025,NA
2022,2,52,WPG,82,39,32,11,89,Western,Central,3730.8423,9.1821,50.4233,NA,NA,NA,NA,0.4144541,0.1811852,0.4043606,0.4104946,0.4104946,NA,NA,NA,NA,NA,NA,93.3459,NA
2022,2,55,SEA,82,27,49,6,60,Western,Pacific,3767.6006,9.2896,49.4596,NA,NA,NA,NA,0.4175595,0.1780335,0.4044069,0.4104946,0.4104946,NA,NA,NA,NA,NA,NA,58.3356,NA
2022,2,55,SEA,82,27,49,6,60,Western,Pacific,3767.6006,9.2896,49.4596,NA,NA,NA,NA,0.4175595,0.1780335,0.4044069,0.4104946,0.4104946,NA,NA,NA,NA,NA,NA,93.882,NA
2022,2,10,TOR,82,54,21,7,115,Eastern,Atlantic,3772.0317,9.3089,50.2643,NA,NA,NA,NA,0.4340844,0.1767385,0.3891771,0.4104946,0.4104946,NA,NA,NA,NA,NA,NA,55.5039,NA
2022,2,10,TOR,82,54,21,7,115,Eastern,Atlantic,3772.0317,9.3089,50.2643,NA,NA,NA,NA,0.4340844,0.1767385,0.3891771,0.4104946,0.4104946,NA,NA,NA,NA,NA,NA,89.3249,NA
2022,2,20,CGY,82,50,21,11,111,Western,Pacific,3771.3394,9.3255,50.7797,NA,NA,NA,NA,0.4240545,0.1787368,0.3972087,0.4104946,0.4104946,NA,NA,NA,NA,NA,NA,58.5232,NA
2022,2,20,CGY,82,50,21,11,111,Western,Pacific,3771.3394,9.3255,50.7797,NA,NA,NA,NA,0.4240545,0.1787368,0.3972087,0.4104946,0.4104946,NA,NA,NA,NA,NA,NA,94.184,NA
2022,2,3,NYR,82,52,24,6,110,Eastern,Metropolitan,3743.1857,9.2286,50.93,NA,NA,NA,NA,0.414878,0.1756332,0.4094888,0.4104946,0.4104946,NA,NA,NA,NA,NA,NA,57.4845,NA
2022,2,3,NYR,82,52,24,6,110,Eastern,Metropolitan,3743.1857,9.2286,50.93,NA,NA,NA,NA,0.414878,0.1756332,0.4094888,0.4104946,0.4104946,NA,NA,NA,NA,NA,NA,92.5123,NA
2022,2,16,CHI,82,28,42,12,68,Western,Central,3796.7932,9.3141,50.4438,NA,NA,NA,NA,0.4057431,0.177496,0.4167609,0.4104946,0.4104946,NA,NA,NA,NA,NA,NA,57.0431,NA
2022,2,16,CHI,82,28,42,12,68,Western,Central,3796.7932,9.3141,50.4438,NA,NA,NA,NA,0.4057431,0.177496,0.4167609,0.4104946,0.4104946,NA,NA,NA,NA,NA,NA,91.802,NA
2022,2,23,VAN,82,40,30,12,92,Western,Pacific,3696.8524,9.0931,50.2992,NA,NA,NA,NA,0.4065499,0.1728892,0.4205609,0.4104946,0.4104946,NA,NA,NA,NA,NA,NA,59.0393,NA
2022,2,23,VAN,82,40,30,12,92,Western,Pacific,3696.8524,9.0931,50.2992,NA,NA,NA,NA,0.4065499,0.1728892,0.4205609,0.4104946,0.4104946,NA,NA,NA,NA,NA,NA,95.0146,NA
2022,2,53,PHX,82,25,50,7,57,Western,Central,3589.2693,8.8597,48.4958,NA,NA,NA,NA,0.3764603,0.1752751,0.4482646,0.4104946,0.4104946,NA,NA,NA,NA,NA,NA,57.4806,NA
2022,2,53,PHX,82,25,50,7,57,Western,Central,3589.2693,8.8597,48.4958,NA,NA,NA,NA,0.3764603,0.1752751,0.4482646,0.4104946,0.4104946,NA,NA,NA,NA,NA,NA,92.5061,NA
2023,2,21,COL,82,51,24,7,109,Western,Central,3605.6057,8.8629,48.9797,NA,NA,NA,NA,0.4186022,0.1764327,0.4049651,0.4111976,0.4111976,NA,NA,NA,NA,NA,NA,58.3126,NA
2023,2,21,COL,82,51,24,7,109,Western,Central,3605.6057,8.8629,48.9797,NA,NA,NA,NA,0.4186022,0.1764327,0.4049651,0.4111976,0.4111976,NA,NA,NA,NA,NA,NA,93.8451,NA
2023,2,12,CAR,82,52,21,9,113,Eastern,Metropolitan,3710.2745,9.1327,49.7432,NA,NA,NA,NA,0.4693502,0.1827019,0.3479479,0.4111976,0.4111976,NA,NA,NA,NA,NA,NA,57.7413,NA
2023,2,12,CAR,82,52,21,9,113,Eastern,Metropolitan,3710.2745,9.1327,49.7432,NA,NA,NA,NA,0.4693502,0.1827019,0.3479479,0.4111976,0.4111976,NA,NA,NA,NA,NA,NA,92.9256,NA
2023,2,25,DAL,82,47,21,14,108,Western,Central,3808.9663,9.3651,51.0445,NA,NA,NA,NA,0.4133166,0.1844544,0.402229,0.4111976,0.4111976,NA,NA,NA,NA,NA,NA,56.9838,NA
2023,2,25,DAL,82,47,21,14,108,Western,Central,3808.9663,9.3651,51.0445,NA,NA,NA,NA,0.4133166,0.1844544,0.402229,0.4111976,0.4111976,NA,NA,NA,NA,NA,NA,91.7066,NA
2023,2,7,BUF,82,42,33,7,91,Eastern,Atlantic,3745.2675,9.2093,48.6759,NA,NA,NA,NA,0.4084419,0.1791071,0.412451,0.4111976,0.4111976,NA,NA,NA,NA,NA,NA,58.4298,NA
2023,2,7,BUF,82,42,33,7,91,Eastern,Atlantic,3745.2675,9.2093,48.6759,NA,NA,NA,NA,0.4084419,0.1791071,0.412451,0.4111976,0.4111976,NA,NA,NA,NA,NA,NA,94.0336,NA
2023,2,14,TBL,82,46,30,6,98,Eastern,Atlantic,3626.8959,8.9603,47.4123,NA,NA,NA,NA,0.4168635,0.1801409,0.4029956,0.4111976,0.4111976,NA,NA,NA,NA,NA,NA,58.3687,NA
2023,2,14,TBL,82,46,30,6,98,Eastern,Atlantic,3626.8959,8.9603,47.4123,NA,NA,NA,NA,0.4168635,0.1801409,0.4029956,0.4111976,0.4111976,NA,NA,NA,NA,NA,NA,93.9353,NA
2023,2,8,MTL,82,31,45,6,68,Eastern,Atlantic,3740.9083,9.2343,49.1241,NA,NA,NA,NA,0.3827618,0.1738929,0.4433453,0.4111976,0.4111976,NA,NA,NA,NA,NA,NA,57.8982,NA
2023,2,8,MTL,82,31,45,6,68,Eastern,Atlantic,3740.9083,9.2343,49.1241,NA,NA,NA,NA,0.3827618,0.1738929,0.4433453,0.4111976,0.4111976,NA,NA,NA,NA,NA,NA,93.178,NA
2023,2,30,MIN,82,46,25,11,103,Western,Central,3689.5537,9.0584,50.0382,NA,NA,NA,NA,0.4161997,0.1776308,0.4061695,0.4111976,0.4111976,NA,NA,NA,NA,NA,NA,56.83,NA
2023,2,30,MIN,82,46,25,11,103,Western,Central,3689.5537,9.0584,50.0382,NA,NA,NA,NA,0.4161997,0.1776308,0.4061695,0.4111976,0.4111976,NA,NA,NA,NA,NA,NA,91.459,NA
2023,2,6,BOS,82,65,12,5,135,Eastern,Atlantic,3634.793,8.9911,49.5719,NA,NA,NA,NA,0.4202279,0.1835357,0.3962365,0.4111976,0.4111976,NA,NA,NA,NA,NA,NA,56.1212,NA
2023,2,6,BOS,82,65,12,5,135,Eastern,Atlantic,3634.793,8.9911,49.5719,NA,NA,NA,NA,0.4202279,0.1835357,0.3962365,0.4111976,0.4111976,NA,NA,NA,NA,NA,NA,90.3184,NA
2023,2,9,OTT,82,39,35,8,86,Eastern,Atlantic,3713.1668,9.207,50.73,NA,NA,NA,NA,0.4086221,0.1750389,0.4163389,0.4111976,0.4111976,NA,NA,NA,NA,NA,NA,57.1748,NA
2023,2,9,OTT,82,39,35,8,86,Eastern,Atlantic,3713.1668,9.207,50.73,NA,NA,NA,NA,0.4086221,0.1750389,0.4163389,0.4111976,0.4111976,NA,NA,NA,NA,NA,NA,92.014,NA
2023,2,5,PIT,82,40,31,11,91,Eastern,Metropolitan,3720.8694,9.1834,49.7882,NA,NA,NA,NA,0.4239168,0.1755065,0.4005767,0.4111976,0.4111976,NA,NA,NA,NA,NA,NA,55.8592,NA
2023,2,5,PIT,82,40,31,11,91,Eastern,Metropolitan,3720.8694,9.1834,49.7882,NA,NA,NA,NA,0.4239168,0.1755065,0.4005767,0.4111976,0.4111976,NA,NA,NA,NA,NA,NA,89.8966,NA
2023,2,4,PHI,82,31,38,13,75,Eastern,Metropolitan,3716.906,9.1537,49.759,NA,NA,NA,NA,0.402718,0.1748619,0.42242,0.4111976,0.4111976,NA,NA,NA,NA,NA,NA,56.8729,NA
2023,2,4,PHI,82,31,38,13,75,Eastern,Metropolitan,3716.906,9.1537,49.759,NA,NA,NA,NA,0.402718,0.1748619,0.42242,0.4111976,0.4111976,NA,NA,NA,NA,NA,NA,91.5281,NA
2023,2,15,WSH,82,35,37,10,80,Eastern,Metropolitan,3692.8832,9.0879,50.0532,NA,NA,NA,NA,0.4032864,0.1771399,0.4195737,0.4111976,0.4111976,NA,NA,NA,NA,NA,NA,56.9952,NA
2023,2,15,WSH,82,35,37,10,80,Eastern,Metropolitan,3692.8832,9.0879,50.0532,NA,NA,NA,NA,0.4032864,0.1771399,0.4195737,0.4111976,0.4111976,NA,NA,NA,NA,NA,NA,91.7248,NA
2023,2,54,VGK,82,51,22,9,111,Western,Pacific,3724.347,9.1164,49.256,NA,NA,NA,NA,0.4163129,0.1817421,0.401945,0.4111976,0.4111976,NA,NA,NA,NA,NA,NA,57.3283,NA
2023,2,54,VGK,82,51,22,9,111,Western,Pacific,3724.347,9.1164,49.256,NA,NA,NA,NA,0.4163129,0.1817421,0.401945,0.4111976,0.4111976,NA,NA,NA,NA,NA,NA,92.2609,NA
2023,2,22,EDM,82,50,23,9,109,Western,Pacific,3635.592,8.9963,48.5814,NA,NA,NA,NA,0.424237,0.1740151,0.4017479,0.4111976,0.4111976,NA,NA,NA,NA,NA,NA,55.5898,NA
2023,2,22,EDM,82,50,23,9,109,Western,Pacific,3635.592,8.9963,48.5814,NA,NA,NA,NA,0.424237,0.1740151,0.4017479,0.4111976,0.4111976,NA,NA,NA,NA,NA,NA,89.4632,NA
2023,2,17,DET,82,35,37,10,80,Eastern,Atlantic,3695.1575,9.1006,48.5474,NA,NA,NA,NA,0.4087039,0.1733048,0.4179913,0.4111976,0.4111976,NA,NA,NA,NA,NA,NA,57.6403,NA
2023,2,17,DET,82,35,37,10,80,Eastern,Atlantic,3695.1575,9.1006,48.5474,NA,NA,NA,NA,0.4087039,0.1733048,0.4179913,0.4111976,0.4111976,NA,NA,NA,NA,NA,NA,92.763,NA
2023,2,29,CBJ,82,25,48,9,59,Eastern,Metropolitan,3629.4739,8.9465,48.1563,NA,NA,NA,NA,0.3880608,0.1752218,0.4367174,0.4111976,0.4111976,NA,NA,NA,NA,NA,NA,57.3057,NA
2023,2,29,CBJ,82,25,48,9,59,Eastern,Metropolitan,3629.4739,8.9465,48.1563,NA,NA,NA,NA,0.3880608,0.1752218,0.4367174,0.4111976,0.4111976,NA,NA,NA,NA,NA,NA,92.2246,NA
2023,2,24,ANA,82,23,47,12,58,Western,Pacific,3584.2827,8.8387,48.0134,NA,NA,NA,NA,0.3729234,0.1754908,0.4515858,0.4111976,0.4111976,NA,NA,NA,NA,NA,NA,57.8054,NA
2023,2,24,ANA,82,23,47,12,58,Western,Pacific,3584.2827,8.8387,48.0134,NA,NA,NA,NA,0.3729234,0.1754908,0.4515858,0.4111976,0.4111976,NA,NA,NA,NA,NA,NA,93.0288,NA
2023,2,2,NYI,82,42,31,9,93,Eastern,Metropolitan,3676.4082,9.0445,49.4378,NA,NA,NA,NA,0.4098684,0.1736814,0.4164502,0.4111976,0.4111976,NA,NA,NA,NA,NA,NA,58.427,NA
2023,2,2,NYI,82,42,31,9,93,Eastern,Metropolitan,3676.4082,9.0445,49.4378,NA,NA,NA,NA,0.4098684,0.1736814,0.4164502,0.4111976,0.4111976,NA,NA,NA,NA,NA,NA,94.0291,NA
2023,2,26,LAK,82,47,25,10,104,Western,Pacific,3604.1714,8.8784,48.4095,NA,NA,NA,NA,0.4025313,0.1767819,0.4206868,0.4111976,0.4111976,NA,NA,NA,NA,NA,NA,58.6474,NA
2023,2,26,LAK,82,47,25,10,104,Western,Pacific,3604.1714,8.8784,48.4095,NA,NA,NA,NA,0.4025313,0.1767819,0.4206868,0.4111976,0.4111976,NA,NA,NA,NA,NA,NA,94.3839,NA
2023,2,1,NJD,82,52,22,8,112,Eastern,Metropolitan,3734.2066,9.1782,49.9725,NA,NA,NA,NA,0.4127147,0.1872085,0.4000768,0.4111976,0.4111976,NA,NA,NA,NA,NA,NA,56.0267,NA
2023,2,1,NJD,82,52,22,8,112,Eastern,Metropolitan,3734.2066,9.1782,49.9725,NA,NA,NA,NA,0.4127147,0.1872085,0.4000768,0.4111976,0.4111976,NA,NA,NA,NA,NA,NA,90.1662,NA
2023,2,19,STL,82,37,38,7,81,Western,Central,3674.6464,9.037,47.886,NA,NA,NA,NA,0.403256,0.175939,0.420805,0.4111976,0.4111976,NA,NA,NA,NA,NA,NA,57.3914,NA
2023,2,19,STL,82,37,38,7,81,Western,Central,3674.6464,9.037,47.886,NA,NA,NA,NA,0.403256,0.175939,0.420805,0.4111976,0.4111976,NA,NA,NA,NA,NA,NA,92.3626,NA
2023,2,18,NSH,82,42,32,8,92,Western,Central,3557.2397,8.7655,48.2268,NA,NA,NA,NA,0.4120543,0.1742062,0.4137395,0.4111976,0.4111976,NA,NA,NA,NA,NA,NA,56.5455,NA
2023,2,18,NSH,82,42,32,8,92,Western,Central,3557.2397,8.7655,48.2268,NA,NA,NA,NA,0.4120543,0.1742062,0.4137395,0.4111976,0.4111976,NA,NA,NA,NA,NA,NA,91.0012,NA
2023,2,28,SJS,82,22,44,16,60,Western,Pacific,3644.2245,8.9656,50.2371,NA,NA,NA,NA,0.3995259,0.181599,0.418875,0.4111976,0.4111976,NA,NA,NA,NA,NA,NA,55.354,NA
2023,2,28,SJS,82,22,44,16,60,Western,Pacific,3644.2245,8.9656,50.2371,NA,NA,NA,NA,0.3995259,0.181599,0.418875,0.4111976,0.4111976,NA,NA,NA,NA,NA,NA,89.0837,NA
2023,2,13,FLA,82,42,32,8,92,Eastern,Atlantic,3708.869,9.188,49.9292,NA,NA,NA,NA,0.4300496,0.1800263,0.389924,0.4111976,0.4111976,NA,NA,NA,NA,NA,NA,57.248,NA
2023,2,13,FLA,82,42,32,8,92,Eastern,Atlantic,3708.869,9.188,49.9292,NA,NA,NA,NA,0.4300496,0.1800263,0.389924,0.4111976,0.4111976,NA,NA,NA,NA,NA,NA,92.1318,NA
2023,2,52,WPG,82,46,33,3,95,Western,Central,3708.379,9.1655,48.4229,NA,NA,NA,NA,0.4245749,0.1758579,0.3995672,0.4111976,0.4111976,NA,NA,NA,NA,NA,NA,57.7836,NA
2023,2,52,WPG,82,46,33,3,95,Western,Central,3708.379,9.1655,48.4229,NA,NA,NA,NA,0.4245749,0.1758579,0.3995672,0.4111976,0.4111976,NA,NA,NA,NA,NA,NA,92.9936,NA
2023,2,55,SEA,82,46,28,8,100,Western,Pacific,3768.0409,9.2916,48.8766,NA,NA,NA,NA,0.4167805,0.1777455,0.405474,0.4111976,0.4111976,NA,NA,NA,NA,NA,NA,58.8231,NA
2023,2,55,SEA,82,46,28,8,100,Western,Pacific,3768.0409,9.2916,48.8766,NA,NA,NA,NA,0.4167805,0.1777455,0.405474,0.4111976,0.4111976,NA,NA,NA,NA,NA,NA,94.6667,NA
2023,2,10,TOR,82,50,21,11,111,Eastern,Atlantic,3713.6442,9.179,48.8642,NA,NA,NA,NA,0.4179741,0.1734608,0.408565,0.4111976,0.4111976,NA,NA,NA,NA,NA,NA,54.6795,NA
2023,2,10,TOR,82,50,21,11,111,Eastern,Atlantic,3713.6442,9.179,48.8642,NA,NA,NA,NA,0.4179741,0.1734608,0.408565,0.4111976,0.4111976,NA,NA,NA,NA,NA,NA,87.9981,NA
2023,2,20,CGY,82,38,27,17,93,Western,Pacific,3861.1712,9.5091,51.2168,NA,NA,NA,NA,0.432293,0.1812608,0.3864462,0.4111976,0.4111976,NA,NA,NA,NA,NA,NA,58.1382,NA
2023,2,20,CGY,82,38,27,17,93,Western,Pacific,3861.1712,9.5091,51.2168,NA,NA,NA,NA,0.432293,0.1812608,0.3864462,0.4111976,0.4111976,NA,NA,NA,NA,NA,NA,93.5644,NA
2023,2,3,NYR,82,47,22,13,107,Eastern,Metropolitan,3698.7261,9.08,48.6159,NA,NA,NA,NA,0.4159782,0.1766868,0.407335,0.4111976,0.4111976,NA,NA,NA,NA,NA,NA,57.1539,NA
2023,2,3,NYR,82,47,22,13,107,Eastern,Metropolitan,3698.7261,9.08,48.6159,NA,NA,NA,NA,0.4159782,0.1766868,0.407335,0.4111976,0.4111976,NA,NA,NA,NA,NA,NA,91.9803,NA
2023,2,16,CHI,82,26,49,7,59,Western,Central,3693.1547,9.0926,48.549,NA,NA,NA,NA,0.3859013,0.1777298,0.4363689,0.4111976,0.4111976,NA,NA,NA,NA,NA,NA,56.7939,NA
2023,2,16,CHI,82,26,49,7,59,Western,Central,3693.1547,9.0926,48.549,NA,NA,NA,NA,0.3859013,0.1777298,0.4363689,0.4111976,0.4111976,NA,NA,NA,NA,NA,NA,91.4009,NA
2023,2,23,VAN,82,38,37,7,83,Western,Pacific,3650.485,8.9567,48.6468,NA,NA,NA,NA,0.4171796,0.1724173,0.4104031,0.4111976,0.4111976,NA,NA,NA,NA,NA,NA,57.8686,NA
2023,2,23,VAN,82,38,37,7,83,Western,Pacific,3650.485,8.9567,48.6468,NA,NA,NA,NA,0.4171796,0.1724173,0.4104031,0.4111976,0.4111976,NA,NA,NA,NA,NA,NA,93.1304,NA
2023,2,53,PHX,82,28,40,14,70,Western,Central,3671.4397,9.0729,48.7475,NA,NA,NA,NA,0.3812859,0.1785675,0.4401466,0.4111976,0.4111976,NA,NA,NA,NA,NA,NA,56.2105,NA
2023,2,53,PHX,82,28,40,14,70,Western,Central,3671.4397,9.0729,48.7475,NA,NA,NA,NA,0.3812859,0.1785675,0.4401466,0.4111976,0.4111976,NA,NA,NA,NA,NA,NA,90.4621,NA
2024,2,21,COL,82,50,25,7,107,Western,Central,3707.9034,9.1587,48.8112,NA,NA,NA,NA,0.4209547,0.1754296,0.4036157,0.4110197,0.4110197,NA,NA,NA,NA,NA,NA,58.1476,NA
2024,2,21,COL,82,50,25,7,107,Western,Central,3707.9034,9.1587,48.8112,NA,NA,NA,NA,0.4209547,0.1754296,0.4036157,0.4110197,0.4110197,NA,NA,NA,NA,NA,NA,93.5795,NA
2024,2,12,CAR,82,52,23,7,111,Eastern,Metropolitan,3755.9637,9.2711,49.4582,NA,NA,NA,NA,0.4626936,0.1865817,0.3507247,0.4110197,0.4110197,NA,NA,NA,NA,NA,NA,59.0386,NA
2024,2,12,CAR,82,52,23,7,111,Eastern,Metropolitan,3755.9637,9.2711,49.4582,NA,NA,NA,NA,0.4626936,0.1865817,0.3507247,0.4110197,0.4110197,NA,NA,NA,NA,NA,NA,95.0134,NA
2024,2,25,DAL,82,52,21,9,113,Western,Central,3846.1158,9.4588,50.8014,NA,NA,NA,NA,0.4199478,0.1873548,0.3926974,0.4110197,0.4110197,NA,NA,NA,NA,NA,NA,56.6543,NA
2024,2,25,DAL,82,52,21,9,113,Western,Central,3846.1158,9.4588,50.8014,NA,NA,NA,NA,0.4199478,0.1873548,0.3926974,0.4110197,0.4110197,NA,NA,NA,NA,NA,NA,91.1763,NA
2024,2,7,BUF,82,39,37,6,84,Eastern,Atlantic,3706.1292,9.1425,48.3185,NA,NA,NA,NA,0.4030275,0.182831,0.4141416,0.4110197,0.4110197,NA,NA,NA,NA,NA,NA,59.2213,NA
2024,2,7,BUF,82,39,37,6,84,Eastern,Atlantic,3706.1292,9.1425,48.3185,NA,NA,NA,NA,0.4030275,0.182831,0.4141416,0.4110197,0.4110197,NA,NA,NA,NA,NA,NA,95.3074,NA
2024,2,14,TBL,82,45,29,8,98,Eastern,Atlantic,3646.5053,8.9924,48.7888,NA,NA,NA,NA,0.4131968,0.1812475,0.4055557,0.4110197,0.4110197,NA,NA,NA,NA,NA,NA,58.3439,NA
2024,2,14,TBL,82,45,29,8,98,Eastern,Atlantic,3646.5053,8.9924,48.7888,NA,NA,NA,NA,0.4131968,0.1812475,0.4055557,0.4110197,0.4110197,NA,NA,NA,NA,NA,NA,93.8954,NA
2024,2,8,MTL,82,30,36,16,76,Eastern,Atlantic,3711.4418,9.1164,49.3306,NA,NA,NA,NA,0.3961912,0.1692598,0.4345491,0.4110197,0.4110197,NA,NA,NA,NA,NA,NA,57.2083,NA
2024,2,8,MTL,82,30,36,16,76,Eastern,Atlantic,3711.4418,9.1164,49.3306,NA,NA,NA,NA,0.3961912,0.1692598,0.4345491,0.4110197,0.4110197,NA,NA,NA,NA,NA,NA,92.0678,NA
2024,2,30,MIN,82,39,34,9,87,Western,Central,3546.8535,8.7418,48.0824,NA,NA,NA,NA,0.4195782,0.1719135,0.4085083,0.4110197,0.4110197,NA,NA,NA,NA,NA,NA,56.8214,NA
2024,2,30,MIN,82,39,34,9,87,Western,Central,3546.8535,8.7418,48.0824,NA,NA,NA,NA,0.4195782,0.1719135,0.4085083,0.4110197,0.4110197,NA,NA,NA,NA,NA,NA,91.4452,NA
2024,2,6,BOS,82,47,20,15,109,Eastern,Atlantic,3721.2101,9.1643,48.7299,NA,NA,NA,NA,0.408207,0.1778804,0.4139126,0.4110197,0.4110197,NA,NA,NA,NA,NA,NA,55.5043,NA
2024,2,6,BOS,82,47,20,15,109,Eastern,Atlantic,3721.2101,9.1643,48.7299,NA,NA,NA,NA,0.408207,0.1778804,0.4139126,0.4110197,0.4110197,NA,NA,NA,NA,NA,NA,89.3256,NA
2024,2,9,OTT,82,37,41,4,78,Eastern,Atlantic,3628.2338,8.9437,49.6389,NA,NA,NA,NA,0.4075714,0.1771879,0.4152407,0.4110197,0.4110197,NA,NA,NA,NA,NA,NA,59.4281,NA
2024,2,9,OTT,82,37,41,4,78,Eastern,Atlantic,3628.2338,8.9437,49.6389,NA,NA,NA,NA,0.4075714,0.1771879,0.4152407,0.4110197,0.4110197,NA,NA,NA,NA,NA,NA,95.6402,NA
2024,2,5,PIT,82,38,32,12,88,Eastern,Metropolitan,3780.9881,9.3171,49.1349,NA,NA,NA,NA,0.416792,0.1786673,0.4045407,0.4110197,0.4110197,NA,NA,NA,NA,NA,NA,56.5912,NA
2024,2,5,PIT,82,38,32,12,88,Eastern,Metropolitan,3780.9881,9.3171,49.1349,NA,NA,NA,NA,0.416792,0.1786673,0.4045407,0.4110197,0.4110197,NA,NA,NA,NA,NA,NA,91.074700000000007,NA
2024,2,4,PHI,82,38,33,11,87,Eastern,Metropolitan,3764.3029,9.2775,50.6178,NA,NA,NA,NA,0.4203722,0.1802417,0.399386,0.4110197,0.4110197,NA,NA,NA,NA,NA,NA,56.8161,NA
2024,2,4,PHI,82,38,33,11,87,Eastern,Metropolitan,3764.3029,9.2775,50.6178,NA,NA,NA,NA,0.4203722,0.1802417,0.399386,0.4110197,0.4110197,NA,NA,NA,NA,NA,NA,91.4366,NA
2024,2,15,WSH,82,40,31,11,91,Eastern,Metropolitan,3781.8152,9.2921,50.5003,NA,NA,NA,NA,0.3797527,0.1758446,0.4444027,0.4110197,0.4110197,NA,NA,NA,NA,NA,NA,57.3272,NA
2024,2,15,WSH,82,40,31,11,91,Eastern,Metropolitan,3781.8152,9.2921,50.5003,NA,NA,NA,NA,0.3797527,0.1758446,0.4444027,0.4110197,0.4110197,NA,NA,NA,NA,NA,NA,92.2592,NA
2024,2,54,VGK,82,45,29,8,98,Western,Pacific,3707.8632,9.1158,49.0721,NA,NA,NA,NA,0.413745,0.1818676,0.4043874,0.4110197,0.4110197,NA,NA,NA,NA,NA,NA,58.4905,NA
2024,2,54,VGK,82,45,29,8,98,Western,Pacific,3707.8632,9.1158,49.0721,NA,NA,NA,NA,0.413745,0.1818676,0.4043874,0.4110197,0.4110197,NA,NA,NA,NA,NA,NA,94.1313,NA
2024,2,22,EDM,82,49,27,6,104,Western,Pacific,3682.6607,9.0937,48.9762,NA,NA,NA,NA,0.4365228,0.1749417,0.3885356,0.4110197,0.4110197,NA,NA,NA,NA,NA,NA,56.3474,NA
2024,2,22,EDM,82,49,27,6,104,Western,Pacific,3682.6607,9.0937,48.9762,NA,NA,NA,NA,0.4365228,0.1749417,0.3885356,0.4110197,0.4110197,NA,NA,NA,NA,NA,NA,90.6823,NA
2024,2,17,DET,82,41,32,9,91,Eastern,Atlantic,3647.2134,8.9741,49.5884,NA,NA,NA,NA,0.4084441,0.1754631,0.4160928,0.4110197,0.4110197,NA,NA,NA,NA,NA,NA,58.524,NA
2024,2,17,DET,82,41,32,9,91,Eastern,Atlantic,3647.2134,8.9741,49.5884,NA,NA,NA,NA,0.4084441,0.1754631,0.4160928,0.4110197,0.4110197,NA,NA,NA,NA,NA,NA,94.1853,NA
2024,2,29,CBJ,82,27,43,12,66,Eastern,Metropolitan,3717.1554,9.1416,48.1485,NA,NA,NA,NA,0.3904612,0.1742034,0.4353354,0.4110197,0.4110197,NA,NA,NA,NA,NA,NA,58.9765,NA
2024,2,29,CBJ,82,27,43,12,66,Eastern,Metropolitan,3717.1554,9.1416,48.1485,NA,NA,NA,NA,0.3904612,0.1742034,0.4353354,0.4110197,0.4110197,NA,NA,NA,NA,NA,NA,94.9134,NA
2024,2,24,ANA,82,27,50,5,59,Western,Pacific,3617.9821,8.9953,47.9408,NA,NA,NA,NA,0.3873876,0.1727727,0.4398397,0.4110197,0.4110197,NA,NA,NA,NA,NA,NA,57.3947,NA
2024,2,24,ANA,82,27,50,5,59,Western,Pacific,3617.9821,8.9953,47.9408,NA,NA,NA,NA,0.3873876,0.1727727,0.4398397,0.4110197,0.4110197,NA,NA,NA,NA,NA,NA,92.3678,NA
2024,2,2,NYI,82,39,27,16,94,Eastern,Metropolitan,3718.3804,9.1331,48.2421,NA,NA,NA,NA,0.3937669,0.1748857,0.4313475,0.4110197,0.4110197,NA,NA,NA,NA,NA,NA,58.3072,NA
2024,2,2,NYI,82,39,27,16,94,Eastern,Metropolitan,3718.3804,9.1331,48.2421,NA,NA,NA,NA,0.3937669,0.1748857,0.4313475,0.4110197,0.4110197,NA,NA,NA,NA,NA,NA,93.8364,NA
2024,2,26,LAK,82,44,27,11,99,Western,Pacific,3690.0591,9.0956,49.747,NA,NA,NA,NA,0.4082482,0.1772896,0.4144622,0.4110197,0.4110197,NA,NA,NA,NA,NA,NA,59.0275,NA
2024,2,26,LAK,82,44,27,11,99,Western,Pacific,3690.0591,9.0956,49.747,NA,NA,NA,NA,0.4082482,0.1772896,0.4144622,0.4110197,0.4110197,NA,NA,NA,NA,NA,NA,94.9955,NA
2024,2,1,NJD,82,38,39,5,81,Eastern,Metropolitan,3760.9437,9.292,48.9813,NA,NA,NA,NA,0.4026119,0.1853909,0.4119972,0.4110197,0.4110197,NA,NA,NA,NA,NA,NA,56.3806,NA
2024,2,1,NJD,82,38,39,5,81,Eastern,Metropolitan,3760.9437,9.292,48.9813,NA,NA,NA,NA,0.4026119,0.1853909,0.4119972,0.4110197,0.4110197,NA,NA,NA,NA,NA,NA,90.7357,NA
2024,2,19,STL,82,43,33,6,92,Western,Central,3692.1356,9.0757,49.71,NA,NA,NA,NA,0.4031534,0.1754113,0.4214353,0.4110197,0.4110197,NA,NA,NA,NA,NA,NA,58.0607,NA
2024,2,19,STL,82,43,33,6,92,Western,Central,3692.1356,9.0757,49.71,NA,NA,NA,NA,0.4031534,0.1754113,0.4214353,0.4110197,0.4110197,NA,NA,NA,NA,NA,NA,93.4396,NA
2024,2,18,NSH,82,47,30,5,99,Western,Central,3735.2046,9.2324,49.5912,NA,NA,NA,NA,0.4343025,0.1855722,0.3801252,0.4110197,0.4110197,NA,NA,NA,NA,NA,NA,56.1174,NA
2024,2,18,NSH,82,47,30,5,99,Western,Central,3735.2046,9.2324,49.5912,NA,NA,NA,NA,0.4343025,0.1855722,0.3801252,0.4110197,0.4110197,NA,NA,NA,NA,NA,NA,90.3121,NA
2024,2,28,SJS,82,19,54,9,47,Western,Pacific,3663.7374,9.036,48.0996,NA,NA,NA,NA,0.3726964,0.1736394,0.4536641,0.4110197,0.4110197,NA,NA,NA,NA,NA,NA,57.4817,NA
2024,2,28,SJS,82,19,54,9,47,Western,Pacific,3663.7374,9.036,48.0996,NA,NA,NA,NA,0.3726964,0.1736394,0.4536641,0.4110197,0.4110197,NA,NA,NA,NA,NA,NA,92.5079,NA
2024,2,13,FLA,82,52,24,6,110,Eastern,Atlantic,3759.9536,9.3182,49.7366,NA,NA,NA,NA,0.4461172,0.1767565,0.3771263,0.4110197,0.4110197,NA,NA,NA,NA,NA,NA,57.0854,NA
2024,2,13,FLA,82,52,24,6,110,Eastern,Atlantic,3759.9536,9.3182,49.7366,NA,NA,NA,NA,0.4461172,0.1767565,0.3771263,0.4110197,0.4110197,NA,NA,NA,NA,NA,NA,91.8701,NA
2024,2,52,WPG,82,52,24,6,110,Western,Central,3730.3251,9.2037,49.5554,NA,NA,NA,NA,0.4170035,0.1774427,0.4055538,0.4110197,0.4110197,NA,NA,NA,NA,NA,NA,57.6987,NA
2024,2,52,WPG,82,52,24,6,110,Western,Central,3730.3251,9.2037,49.5554,NA,NA,NA,NA,0.4170035,0.1774427,0.4055538,0.4110197,0.4110197,NA,NA,NA,NA,NA,NA,92.857,NA
2024,2,55,SEA,82,34,35,13,81,Western,Pacific,3759.5532,9.2261,49.1521,NA,NA,NA,NA,0.4161377,0.1742014,0.4096609,0.4110197,0.4110197,NA,NA,NA,NA,NA,NA,59.4803,NA
2024,2,55,SEA,82,34,35,13,81,Western,Pacific,3759.5532,9.2261,49.1521,NA,NA,NA,NA,0.4161377,0.1742014,0.4096609,0.4110197,0.4110197,NA,NA,NA,NA,NA,NA,95.7243,NA
2024,2,10,TOR,82,46,26,10,102,Eastern,Atlantic,3643.8324,8.9474,48.9227,NA,NA,NA,NA,0.4123192,0.1786591,0.4090217,0.4110197,0.4110197,NA,NA,NA,NA,NA,NA,55.5091,NA
2024,2,10,TOR,82,46,26,10,102,Eastern,Atlantic,3643.8324,8.9474,48.9227,NA,NA,NA,NA,0.4123192,0.1786591,0.4090217,0.4110197,0.4110197,NA,NA,NA,NA,NA,NA,89.3333,NA
2024,2,20,CGY,82,38,39,5,81,Western,Pacific,3777.4452,9.3251,51.1313,NA,NA,NA,NA,0.4164377,0.1782702,0.4052922,0.4110197,0.4110197,NA,NA,NA,NA,NA,NA,57.2744,NA
2024,2,20,CGY,82,38,39,5,81,Western,Pacific,3777.4452,9.3251,51.1313,NA,NA,NA,NA,0.4164377,0.1782702,0.4052922,0.4110197,0.4110197,NA,NA,NA,NA,NA,NA,92.1742,NA
2024,2,3,NYR,82,55,23,4,114,Eastern,Metropolitan,3701.5278,9.1165,48.7282,NA,NA,NA,NA,0.4148803,0.182205,0.4029146,0.4110197,0.4110197,NA,NA,NA,NA,NA,NA,58.1515,NA
2024,2,3,NYR,82,55,23,4,114,Eastern,Metropolitan,3701.5278,9.1165,48.7282,NA,NA,NA,NA,0.4148803,0.182205,0.4029146,0.4110197,0.4110197,NA,NA,NA,NA,NA,NA,93.5857,NA
2024,2,16,CHI,82,23,53,6,52,Western,Central,3753.608,9.2628,50.1416,NA,NA,NA,NA,0.3893204,0.177318,0.4333616,0.4110197,0.4110197,NA,NA,NA,NA,NA,NA,57.4735,NA
2024,2,16,CHI,82,23,53,6,52,Western,Central,3753.608,9.2628,50.1416,NA,NA,NA,NA,0.3893204,0.177318,0.4333616,0.4110197,0.4110197,NA,NA,NA,NA,NA,NA,92.4946,NA
2024,2,23,VAN,82,50,23,9,109,Western,Pacific,3631.3143,8.9696,47.5058,NA,NA,NA,NA,0.4275565,0.1713064,0.4011372,0.4110197,0.4110197,NA,NA,NA,NA,NA,NA,58.2349,NA
2024,2,23,VAN,82,50,23,9,109,Western,Pacific,3631.3143,8.9696,47.5058,NA,NA,NA,NA,0.4275565,0.1713064,0.4011372,0.4110197,0.4110197,NA,NA,NA,NA,NA,NA,93.7199,NA
2024,2,53,PHX,82,36,41,5,77,Western,Central,3696.8004,9.1385,48.0363,NA,NA,NA,NA,0.3941334,0.182581,0.4232855,0.4110197,0.4110197,NA,NA,NA,NA,NA,NA,56.3238,NA
2024,2,53,PHX,82,36,41,5,77,Western,Central,3696.8004,9.1385,48.0363,NA,NA,NA,NA,0.3941334,0.182581,0.4232855,0.4110197,0.4110197,NA,NA,NA,NA,NA,NA,90.6444,NA
2025,2,21,COL,82,49,29,4,102,Western,Central,3767.1868,9.2523,50.5423,NA,NA,NA,NA,0.4250812,0.1818162,0.3931026,0.410504,0.410504,NA,NA,NA,NA,NA,NA,61.3501,NA
2025,2,21,COL,82,49,29,4,102,Western,Central,3767.1868,9.2523,50.5423,NA,NA,NA,NA,0.4250812,0.1818162,0.3931026,0.410504,0.410504,NA,NA,NA,NA,NA,NA,98.7334,NA
2025,2,12,CAR,82,47,30,5,99,Eastern,Metropolitan,3728.0129,9.2161,48.8808,NA,NA,NA,NA,0.4605141,0.1849447,0.3545412,0.410504,0.410504,NA,NA,NA,NA,NA,NA,61.969,NA
2025,2,12,CAR,82,47,30,5,99,Eastern,Metropolitan,3728.0129,9.2161,48.8808,NA,NA,NA,NA,0.4605141,0.1849447,0.3545412,0.410504,0.410504,NA,NA,NA,NA,NA,NA,99.7294,NA
2025,2,25,DAL,82,50,26,6,106,Western,Central,3762.8073,9.2724,49.5956,NA,NA,NA,NA,0.406759,0.1873355,0.4059055,0.410504,0.410504,NA,NA,NA,NA,NA,NA,60.3263,NA
2025,2,25,DAL,82,50,26,6,106,Western,Central,3762.8073,9.2724,49.5956,NA,NA,NA,NA,0.406759,0.1873355,0.4059055,0.410504,0.410504,NA,NA,NA,NA,NA,NA,97.0858,NA
2025,2,7,BUF,82,36,39,7,79,Eastern,Atlantic,3779.2441,9.3123,49.9817,NA,NA,NA,NA,0.4072036,0.1776973,0.4150991,0.410504,0.410504,NA,NA,NA,NA,NA,NA,62.561,NA
2025,2,7,BUF,82,36,39,7,79,Eastern,Atlantic,3779.2441,9.3123,49.9817,NA,NA,NA,NA,0.4072036,0.1776973,0.4150991,0.410504,0.410504,NA,NA,NA,NA,NA,NA,100.6822,NA
2025,2,14,TBL,82,47,27,8,102,Eastern,Atlantic,3670.5656,9.0326,48.3558,NA,NA,NA,NA,0.4128426,0.1822938,0.4048636,0.410504,0.410504,NA,NA,NA,NA,NA,NA,60.6355,NA
2025,2,14,TBL,82,47,27,8,102,Eastern,Atlantic,3670.5656,9.0326,48.3558,NA,NA,NA,NA,0.4128426,0.1822938,0.4048636,0.410504,0.410504,NA,NA,NA,NA,NA,NA,97.5834,NA
2025,2,8,MTL,82,40,31,11,91,Eastern,Atlantic,3730.9968,9.1955,49.8887,NA,NA,NA,NA,0.3998802,0.1725628,0.427557,0.410504,0.410504,NA,NA,NA,NA,NA,NA,61.5797,NA
2025,2,8,MTL,82,40,31,11,91,Eastern,Atlantic,3730.9968,9.1955,49.8887,NA,NA,NA,NA,0.3998802,0.1725628,0.427557,0.410504,0.410504,NA,NA,NA,NA,NA,NA,99.1029,NA
2025,2,30,MIN,82,45,30,7,97,Western,Central,3680.1358,9.0364,49.5048,NA,NA,NA,NA,0.4048793,0.1766954,0.4184254,0.410504,0.410504,NA,NA,NA,NA,NA,NA,61.1139,NA
2025,2,30,MIN,82,45,30,7,97,Western,Central,3680.1358,9.0364,49.5048,NA,NA,NA,NA,0.4048793,0.1766954,0.4184254,0.410504,0.410504,NA,NA,NA,NA,NA,NA,98.3533,NA
2025,2,6,BOS,82,33,39,10,76,Eastern,Atlantic,3734.8904000000002,9.1953,49.8077,NA,NA,NA,NA,0.4122997,0.1774242,0.4102761,0.410504,0.410504,NA,NA,NA,NA,NA,NA,61.0768,NA
2025,2,6,BOS,82,33,39,10,76,Eastern,Atlantic,3734.8904000000002,9.1953,49.8077,NA,NA,NA,NA,0.4122997,0.1774242,0.4102761,0.410504,0.410504,NA,NA,NA,NA,NA,NA,98.2935,NA
2025,2,9,OTT,82,45,30,7,97,Eastern,Atlantic,3735.0204,9.2197,48.672,NA,NA,NA,NA,0.4176958,0.175396,0.4069082,0.410504,0.410504,NA,NA,NA,NA,NA,NA,62.1294,NA
2025,2,9,OTT,82,45,30,7,97,Eastern,Atlantic,3735.0204,9.2197,48.672,NA,NA,NA,NA,0.4176958,0.175396,0.4069082,0.410504,0.410504,NA,NA,NA,NA,NA,NA,99.9876,NA
2025,2,5,PIT,82,34,36,12,80,Eastern,Metropolitan,3757.3968,9.2351,48.6686,NA,NA,NA,NA,0.4224905,0.1762419,0.4012677,0.410504,0.410504,NA,NA,NA,NA,NA,NA,58.9728,NA
2025,2,5,PIT,82,34,36,12,80,Eastern,Metropolitan,3757.3968,9.2351,48.6686,NA,NA,NA,NA,0.4224905,0.1762419,0.4012677,0.410504,0.410504,NA,NA,NA,NA,NA,NA,94.9075,NA
2025,2,4,PHI,82,33,39,10,76,Eastern,Metropolitan,3805.8885,9.3234,49.7143,NA,NA,NA,NA,0.4049171,0.1806334,0.4144496,0.410504,0.410504,NA,NA,NA,NA,NA,NA,59.6772,NA
2025,2,4,PHI,82,33,39,10,76,Eastern,Metropolitan,3805.8885,9.3234,49.7143,NA,NA,NA,NA,0.4049171,0.1806334,0.4144496,0.410504,0.410504,NA,NA,NA,NA,NA,NA,96.0412,NA
2025,2,15,WSH,82,51,22,9,111,Eastern,Metropolitan,3657.5479,9.0171,48.2712,NA,NA,NA,NA,0.3948485,0.1752379,0.4299136,0.410504,0.410504,NA,NA,NA,NA,NA,NA,62.6871,NA
2025,2,15,WSH,82,51,22,9,111,Eastern,Metropolitan,3657.5479,9.0171,48.2712,NA,NA,NA,NA,0.3948485,0.1752379,0.4299136,0.410504,0.410504,NA,NA,NA,NA,NA,NA,100.885,NA
2025,2,54,VGK,82,50,22,10,110,Western,Pacific,3744.2921,9.17,49.2444,NA,NA,NA,NA,0.4158851,0.1846814,0.3994334,0.410504,0.410504,NA,NA,NA,NA,NA,NA,61.5636,NA
2025,2,54,VGK,82,50,22,10,110,Western,Pacific,3744.2921,9.17,49.2444,NA,NA,NA,NA,0.4158851,0.1846814,0.3994334,0.410504,0.410504,NA,NA,NA,NA,NA,NA,99.0771,NA
2025,2,22,EDM,82,48,29,5,101,Western,Pacific,3739.6718,9.2069,48.8317,NA,NA,NA,NA,0.4291742,0.1731538,0.397672,0.410504,0.410504,NA,NA,NA,NA,NA,NA,61.1464,NA
2025,2,22,EDM,82,48,29,5,101,Western,Pacific,3739.6718,9.2069,48.8317,NA,NA,NA,NA,0.4291742,0.1731538,0.397672,0.410504,0.410504,NA,NA,NA,NA,NA,NA,98.4056,NA
2025,2,59,UTA,82,38,31,13,89,Western,Central,3756.1424,9.245,49.4961,NA,NA,NA,NA,0.4099686,0.1837407,0.4062907,0.410504,0.410504,NA,NA,NA,NA,NA,NA,60.8436,NA
2025,2,59,UTA,82,38,31,13,89,Western,Central,3756.1424,9.245,49.4961,NA,NA,NA,NA,0.4099686,0.1837407,0.4062907,0.410504,0.410504,NA,NA,NA,NA,NA,NA,97.9183,NA
2025,2,17,DET,82,39,35,8,86,Eastern,Atlantic,3780.7833,9.2726,49.7414,NA,NA,NA,NA,0.4048176,0.1746694,0.4205131,0.410504,0.410504,NA,NA,NA,NA,NA,NA,60.8251,NA
2025,2,17,DET,82,39,35,8,86,Eastern,Atlantic,3780.7833,9.2726,49.7414,NA,NA,NA,NA,0.4048176,0.1746694,0.4205131,0.410504,0.410504,NA,NA,NA,NA,NA,NA,97.8884,NA
2025,2,29,CBJ,82,40,33,9,89,Eastern,Metropolitan,3769.0951,9.2626,50.4709,NA,NA,NA,NA,0.3895847,0.1821989,0.4282164,0.410504,0.410504,NA,NA,NA,NA,NA,NA,60.5378,NA
2025,2,29,CBJ,82,40,33,9,89,Eastern,Metropolitan,3769.0951,9.2626,50.4709,NA,NA,NA,NA,0.3895847,0.1821989,0.4282164,0.410504,0.410504,NA,NA,NA,NA,NA,NA,97.4261,NA
2025,2,24,ANA,82,35,37,10,80,Western,Pacific,3688.0445,9.077,48.5711,NA,NA,NA,NA,0.3855595,0.174937,0.4395034,0.410504,0.410504,NA,NA,NA,NA,NA,NA,61.713,NA
2025,2,24,ANA,82,35,37,10,80,Western,Pacific,3688.0445,9.077,48.5711,NA,NA,NA,NA,0.3855595,0.174937,0.4395034,0.410504,0.410504,NA,NA,NA,NA,NA,NA,99.3174,NA
2025,2,2,NYI,82,35,35,12,82,Eastern,Metropolitan,3755.721,9.1945,49.1851,NA,NA,NA,NA,0.4024195,0.1722399,0.4253406,0.410504,0.410504,NA,NA,NA,NA,NA,NA,60.5851,NA
2025,2,2,NYI,82,35,35,12,82,Eastern,Metropolitan,3755.721,9.1945,49.1851,NA,NA,NA,NA,0.4024195,0.1722399,0.4253406,0.410504,0.410504,NA,NA,NA,NA,NA,NA,97.5022,NA
2025,2,26,LAK,82,48,25,9,105,Western,Pacific,3741.3686,9.2366,49.1183,NA,NA,NA,NA,0.4072334,0.1857468,0.4070198,0.410504,0.410504,NA,NA,NA,NA,NA,NA,62.0734,NA
2025,2,26,LAK,82,48,25,9,105,Western,Pacific,3741.3686,9.2366,49.1183,NA,NA,NA,NA,0.4072334,0.1857468,0.4070198,0.410504,0.410504,NA,NA,NA,NA,NA,NA,99.8975,NA
2025,2,1,NJD,82,42,33,7,91,Eastern,Metropolitan,3758.9839,9.2685,48.9621,NA,NA,NA,NA,0.411671,0.1814732,0.4068558,0.410504,0.410504,NA,NA,NA,NA,NA,NA,59.1766,NA
2025,2,1,NJD,82,42,33,7,91,Eastern,Metropolitan,3758.9839,9.2685,48.9621,NA,NA,NA,NA,0.411671,0.1814732,0.4068558,0.410504,0.410504,NA,NA,NA,NA,NA,NA,95.2355,NA
2025,2,19,STL,82,44,30,8,96,Western,Central,3756.5302,9.208,49.2303,NA,NA,NA,NA,0.4158059,0.1797345,0.4044596,0.410504,0.410504,NA,NA,NA,NA,NA,NA,61.4112,NA
2025,2,19,STL,82,44,30,8,96,Western,Central,3756.5302,9.208,49.2303,NA,NA,NA,NA,0.4158059,0.1797345,0.4044596,0.410504,0.410504,NA,NA,NA,NA,NA,NA,98.8318,NA
2025,2,18,NSH,82,30,44,8,68,Western,Central,3748.0075,9.2603,49.2835,NA,NA,NA,NA,0.4286026,0.1864219,0.3849755,0.410504,0.410504,NA,NA,NA,NA,NA,NA,60.6164,NA
2025,2,18,NSH,82,30,44,8,68,Western,Central,3748.0075,9.2603,49.2835,NA,NA,NA,NA,0.4286026,0.1864219,0.3849755,0.410504,0.410504,NA,NA,NA,NA,NA,NA,97.5526,NA
2025,2,28,SJS,82,20,50,12,52,Western,Pacific,3656.4458,9,49.165,NA,NA,NA,NA,0.3945065,0.1749554,0.4305381,0.410504,0.410504,NA,NA,NA,NA,NA,NA,61.9586,NA
2025,2,28,SJS,82,20,50,12,52,Western,Pacific,3656.4458,9,49.165,NA,NA,NA,NA,0.3945065,0.1749554,0.4305381,0.410504,0.410504,NA,NA,NA,NA,NA,NA,99.7127,NA
2025,2,13,FLA,82,47,31,4,98,Eastern,Atlantic,3783.9993,9.341,51.0058,NA,NA,NA,NA,0.4388513,0.1767766,0.3843721,0.410504,0.410504,NA,NA,NA,NA,NA,NA,60.1685,NA
2025,2,13,FLA,82,47,31,4,98,Eastern,Atlantic,3783.9993,9.341,51.0058,NA,NA,NA,NA,0.4388513,0.1767766,0.3843721,0.410504,0.410504,NA,NA,NA,NA,NA,NA,96.8318,NA
2025,2,52,WPG,82,56,22,4,116,Western,Central,3769.9417,9.2823,50.1217,NA,NA,NA,NA,0.4120536,0.1768346,0.4111117,0.410504,0.410504,NA,NA,NA,NA,NA,NA,61.1676,NA
2025,2,52,WPG,82,56,22,4,116,Western,Central,3769.9417,9.2823,50.1217,NA,NA,NA,NA,0.4120536,0.1768346,0.4111117,0.410504,0.410504,NA,NA,NA,NA,NA,NA,98.4397,NA
2025,2,55,SEA,82,35,41,6,76,Western,Pacific,3751.5293,9.213,49.5542,NA,NA,NA,NA,0.4011439,0.1764715,0.4223846,0.410504,0.410504,NA,NA,NA,NA,NA,NA,63.3596,NA
2025,2,55,SEA,82,35,41,6,76,Western,Pacific,3751.5293,9.213,49.5542,NA,NA,NA,NA,0.4011439,0.1764715,0.4223846,0.410504,0.410504,NA,NA,NA,NA,NA,NA,101.9675,NA
2025,2,10,TOR,82,52,26,4,108,Eastern,Atlantic,3730.8429,9.2046,49.6428,NA,NA,NA,NA,0.400854,0.1780814,0.4210646,0.410504,0.410504,NA,NA,NA,NA,NA,NA,60.5777,NA
2025,2,10,TOR,82,52,26,4,108,Eastern,Atlantic,3730.8429,9.2046,49.6428,NA,NA,NA,NA,0.400854,0.1780814,0.4210646,0.410504,0.410504,NA,NA,NA,NA,NA,NA,97.4903,NA
2025,2,20,CGY,82,41,27,14,96,Western,Pacific,3801.8382,9.328,50.2194,NA,NA,NA,NA,0.4166404,0.1833529,0.4000067,0.410504,0.410504,NA,NA,NA,NA,NA,NA,60.6108,NA
2025,2,20,CGY,82,41,27,14,96,Western,Pacific,3801.8382,9.328,50.2194,NA,NA,NA,NA,0.4166404,0.1833529,0.4000067,0.410504,0.410504,NA,NA,NA,NA,NA,NA,97.5437,NA
2025,2,3,NYR,82,39,36,7,85,Eastern,Metropolitan,3721.907,9.1959,49.6672,NA,NA,NA,NA,0.4002586,0.1797516,0.4199897,0.410504,0.410504,NA,NA,NA,NA,NA,NA,61.0157,NA
2025,2,3,NYR,82,39,36,7,85,Eastern,Metropolitan,3721.907,9.1959,49.6672,NA,NA,NA,NA,0.4002586,0.1797516,0.4199897,0.410504,0.410504,NA,NA,NA,NA,NA,NA,98.1953,NA
2025,2,16,CHI,82,25,46,11,61,Western,Central,3722.1999,9.1629,48.4306,NA,NA,NA,NA,0.388002,0.1786369,0.4333611,0.410504,0.410504,NA,NA,NA,NA,NA,NA,61.2001,NA
2025,2,16,CHI,82,25,46,11,61,Western,Central,3722.1999,9.1629,48.4306,NA,NA,NA,NA,0.388002,0.1786369,0.4333611,0.410504,0.410504,NA,NA,NA,NA,NA,NA,98.492,NA
2025,2,23,VAN,82,38,30,14,90,Western,Pacific,3740.0075,9.1851,49.4984,NA,NA,NA,NA,0.4138786,0.175673,0.4104484,0.410504,0.410504,NA,NA,NA,NA,NA,NA,61.6303,NA
2025,2,23,VAN,82,38,30,14,90,Western,Pacific,3740.0075,9.1851,49.4984,NA,NA,NA,NA,0.4138786,0.175673,0.4104484,0.410504,0.410504,NA,NA,NA,NA,NA,NA,99.1843,NA
2026,2,21,COL,82,55,16,11,121,Western,Central,3821.1555,9.3988,51.1243,NA,NA,NA,NA,0.4280848,0.1819303,0.3899849,0.4154386,0.4154386,NA,NA,NA,NA,NA,NA,60.3635,NA
2026,2,21,COL,82,55,16,11,121,Western,Central,3821.1555,9.3988,51.1243,NA,NA,NA,NA,0.4280848,0.1819303,0.3899849,0.4154386,0.4154386,NA,NA,NA,NA,NA,NA,97.1457,NA
2026,2,12,CAR,82,53,22,7,113,Eastern,Metropolitan,3764.1643,9.2462,50.8812,NA,NA,NA,NA,0.4554579,0.1836144,0.3609277,0.4154386,0.4154386,NA,NA,NA,NA,NA,NA,59.5162,NA
2026,2,12,CAR,82,53,22,7,113,Eastern,Metropolitan,3764.1643,9.2462,50.8812,NA,NA,NA,NA,0.4554579,0.1836144,0.3609277,0.4154386,0.4154386,NA,NA,NA,NA,NA,NA,95.7821,NA
2026,2,25,DAL,82,50,20,12,112,Western,Central,3681.8,9.0486,49.0504,NA,NA,NA,NA,0.4099951,0.1772978,0.412707,0.4154386,0.4154386,NA,NA,NA,NA,NA,NA,56.19,NA
2026,2,25,DAL,82,50,20,12,112,Western,Central,3681.8,9.0486,49.0504,NA,NA,NA,NA,0.4099951,0.1772978,0.412707,0.4154386,0.4154386,NA,NA,NA,NA,NA,NA,90.4291,NA
2026,2,7,BUF,82,50,23,9,109,Eastern,Atlantic,3773.4696,9.3121,49.7376,NA,NA,NA,NA,0.4083835,0.1774213,0.4141952,0.4154386,0.4154386,NA,NA,NA,NA,NA,NA,59.7842,NA
2026,2,7,BUF,82,50,23,9,109,Eastern,Atlantic,3773.4696,9.3121,49.7376,NA,NA,NA,NA,0.4083835,0.1774213,0.4141952,0.4154386,0.4154386,NA,NA,NA,NA,NA,NA,96.2134,NA
2026,2,14,TBL,82,50,26,6,106,Eastern,Atlantic,3670.945,9.0657,47.8975,NA,NA,NA,NA,0.4126232,0.1828631,0.4045137,0.4154386,0.4154386,NA,NA,NA,NA,NA,NA,58.7606,NA
2026,2,14,TBL,82,50,26,6,106,Eastern,Atlantic,3670.945,9.0657,47.8975,NA,NA,NA,NA,0.4126232,0.1828631,0.4045137,0.4154386,0.4154386,NA,NA,NA,NA,NA,NA,94.5661,NA
2026,2,8,MTL,82,48,24,10,106,Eastern,Atlantic,3708.9884,9.1123,50.0517,NA,NA,NA,NA,0.4113299,0.1745775,0.4140927,0.4154386,0.4154386,NA,NA,NA,NA,NA,NA,58.1302,NA
2026,2,8,MTL,82,48,24,10,106,Eastern,Atlantic,3708.9884,9.1123,50.0517,NA,NA,NA,NA,0.4113299,0.1745775,0.4140927,0.4154386,0.4154386,NA,NA,NA,NA,NA,NA,93.5515,NA
2026,2,30,MIN,82,46,24,12,104,Western,Central,3720.7269,9.1059,48.7957,NA,NA,NA,NA,0.4131192,0.1748984,0.4119824,0.4154386,0.4154386,NA,NA,NA,NA,NA,NA,57.2251,NA
2026,2,30,MIN,82,46,24,12,104,Western,Central,3720.7269,9.1059,48.7957,NA,NA,NA,NA,0.4131192,0.1748984,0.4119824,0.4154386,0.4154386,NA,NA,NA,NA,NA,NA,92.0949,NA
2026,2,6,BOS,82,45,27,10,100,Eastern,Atlantic,3687.0224,9.0935,48.6297,NA,NA,NA,NA,0.3966718,0.1834773,0.419851,0.4154386,0.4154386,NA,NA,NA,NA,NA,NA,58.3443,NA
2026,2,6,BOS,82,45,27,10,100,Eastern,Atlantic,3687.0224,9.0935,48.6297,NA,NA,NA,NA,0.3966718,0.1834773,0.419851,0.4154386,0.4154386,NA,NA,NA,NA,NA,NA,93.8961,NA
2026,2,9,OTT,82,44,27,11,99,Eastern,Atlantic,3685.9017,9.0881,49.2368,NA,NA,NA,NA,0.4343514,0.1753455,0.3903032,0.4154386,0.4154386,NA,NA,NA,NA,NA,NA,58.8608,NA
2026,2,9,OTT,82,44,27,11,99,Eastern,Atlantic,3685.9017,9.0881,49.2368,NA,NA,NA,NA,0.4343514,0.1753455,0.3903032,0.4154386,0.4154386,NA,NA,NA,NA,NA,NA,94.7272,NA
2026,2,5,PIT,82,41,25,16,98,Eastern,Metropolitan,3724.79,9.1343,49.0615,NA,NA,NA,NA,0.414162,0.1772961,0.4085419,0.4154386,0.4154386,NA,NA,NA,NA,NA,NA,57.1773,NA
2026,2,5,PIT,82,41,25,16,98,Eastern,Metropolitan,3724.79,9.1343,49.0615,NA,NA,NA,NA,0.414162,0.1772961,0.4085419,0.4154386,0.4154386,NA,NA,NA,NA,NA,NA,92.018,NA
2026,2,4,PHI,82,43,27,12,98,Eastern,Metropolitan,3774.1004,9.2407,49.6787,NA,NA,NA,NA,0.4078002,0.1793831,0.4128167,0.4154386,0.4154386,NA,NA,NA,NA,NA,NA,57.8063,NA
2026,2,4,PHI,82,43,27,12,98,Eastern,Metropolitan,3774.1004,9.2407,49.6787,NA,NA,NA,NA,0.4078002,0.1793831,0.4128167,0.4154386,0.4154386,NA,NA,NA,NA,NA,NA,93.0302,NA
2026,2,15,WSH,82,43,30,9,95,Eastern,Metropolitan,3615.846,8.9153,48.6544,NA,NA,NA,NA,0.3967199,0.1748335,0.4284466,0.4154386,0.4154386,NA,NA,NA,NA,NA,NA,58.4976,NA
2026,2,15,WSH,82,43,30,9,95,Eastern,Metropolitan,3615.846,8.9153,48.6544,NA,NA,NA,NA,0.3967199,0.1748335,0.4284466,0.4154386,0.4154386,NA,NA,NA,NA,NA,NA,94.1428,NA
2026,2,54,VGK,82,39,26,17,95,Western,Pacific,3744.5583,9.1513,49.4041,NA,NA,NA,NA,0.4228657,0.1836792,0.3934551,0.4154386,0.4154386,NA,NA,NA,NA,NA,NA,56.6474,NA
2026,2,54,VGK,82,39,26,17,95,Western,Pacific,3744.5583,9.1513,49.4041,NA,NA,NA,NA,0.4228657,0.1836792,0.3934551,0.4154386,0.4154386,NA,NA,NA,NA,NA,NA,91.1652,NA
2026,2,22,EDM,82,41,30,11,93,Western,Pacific,3727.8392,9.1695,49.0455,NA,NA,NA,NA,0.4183176,0.1764485,0.4052339,0.4154386,0.4154386,NA,NA,NA,NA,NA,NA,57.6473,NA
2026,2,22,EDM,82,41,30,11,93,Western,Pacific,3727.8392,9.1695,49.0455,NA,NA,NA,NA,0.4183176,0.1764485,0.4052339,0.4154386,0.4154386,NA,NA,NA,NA,NA,NA,92.7743,NA
2026,2,59,UTA,82,43,33,6,92,Western,Central,3665.2568,9.0689,48.4616,NA,NA,NA,NA,0.4139299,0.1803685,0.4057016,0.4154386,0.4154386,NA,NA,NA,NA,NA,NA,57.7972,NA
2026,2,59,UTA,82,43,33,6,92,Western,Central,3665.2568,9.0689,48.4616,NA,NA,NA,NA,0.4139299,0.1803685,0.4057016,0.4154386,0.4154386,NA,NA,NA,NA,NA,NA,93.0156,NA
2026,2,17,DET,82,41,31,10,92,Eastern,Atlantic,3739.8122,9.1906,49.6941,NA,NA,NA,NA,0.4001083,0.1743944,0.4254973,0.4154386,0.4154386,NA,NA,NA,NA,NA,NA,58.579,NA
2026,2,17,DET,82,41,31,10,92,Eastern,Atlantic,3739.8122,9.1906,49.6941,NA,NA,NA,NA,0.4001083,0.1743944,0.4254973,0.4154386,0.4154386,NA,NA,NA,NA,NA,NA,94.2737,NA
2026,2,29,CBJ,82,40,30,12,92,Eastern,Metropolitan,3745.9791,9.1895,49.8973,NA,NA,NA,NA,0.4024614,0.1813819,0.4161567,0.4154386,0.4154386,NA,NA,NA,NA,NA,NA,58.6091,NA
2026,2,29,CBJ,82,40,30,12,92,Eastern,Metropolitan,3745.9791,9.1895,49.8973,NA,NA,NA,NA,0.4024614,0.1813819,0.4161567,0.4154386,0.4154386,NA,NA,NA,NA,NA,NA,94.3223,NA
2026,2,24,ANA,82,43,33,6,92,Western,Pacific,3782.9376,9.2843,49.9698,NA,NA,NA,NA,0.4161612,0.1841584,0.3996803,0.4154386,0.4154386,NA,NA,NA,NA,NA,NA,58.2126,NA
2026,2,24,ANA,82,43,33,6,92,Western,Pacific,3782.9376,9.2843,49.9698,NA,NA,NA,NA,0.4161612,0.1841584,0.3996803,0.4154386,0.4154386,NA,NA,NA,NA,NA,NA,93.6841,NA
2026,2,2,NYI,82,43,34,5,91,Eastern,Metropolitan,3711.3898,9.0965,48.9083,NA,NA,NA,NA,0.4022938,0.172045,0.4256612,0.4154386,0.4154386,NA,NA,NA,NA,NA,NA,59.3228,NA
2026,2,2,NYI,82,43,34,5,91,Eastern,Metropolitan,3711.3898,9.0965,48.9083,NA,NA,NA,NA,0.4022938,0.172045,0.4256612,0.4154386,0.4154386,NA,NA,NA,NA,NA,NA,95.4707,NA
2026,2,26,LAK,82,35,27,20,90,Western,Pacific,3710.2629,9.071,50.4977,NA,NA,NA,NA,0.4067906,0.1820358,0.4111736,0.4154386,0.4154386,NA,NA,NA,NA,NA,NA,58.2218,NA
2026,2,26,LAK,82,35,27,20,90,Western,Pacific,3710.2629,9.071,50.4977,NA,NA,NA,NA,0.4067906,0.1820358,0.4111736,0.4154386,0.4154386,NA,NA,NA,NA,NA,NA,93.6989,NA
2026,2,1,NJD,82,42,37,3,87,Eastern,Metropolitan,3772.3996,9.2637,49.4242,NA,NA,NA,NA,0.4089296,0.1812232,0.4098472,0.4154386,0.4154386,NA,NA,NA,NA,NA,NA,56.9464,NA
2026,2,1,NJD,82,42,37,3,87,Eastern,Metropolitan,3772.3996,9.2637,49.4242,NA,NA,NA,NA,0.4089296,0.1812232,0.4098472,0.4154386,0.4154386,NA,NA,NA,NA,NA,NA,91.6464,NA
2026,2,19,STL,82,37,33,12,86,Western,Central,3754.8905,9.2336,49.8535,NA,NA,NA,NA,0.4103319,0.1775436,0.4121245,0.4154386,0.4154386,NA,NA,NA,NA,NA,NA,58.7224,NA
2026,2,19,STL,82,37,33,12,86,Western,Central,3754.8905,9.2336,49.8535,NA,NA,NA,NA,0.4103319,0.1775436,0.4121245,0.4154386,0.4154386,NA,NA,NA,NA,NA,NA,94.5046,NA
2026,2,18,NSH,82,38,34,10,86,Western,Central,3725.1948,9.1743,48.8245,NA,NA,NA,NA,0.4201301,0.1804958,0.3993741,0.4154386,0.4154386,NA,NA,NA,NA,NA,NA,57.0699,NA
2026,2,18,NSH,82,38,34,10,86,Western,Central,3725.1948,9.1743,48.8245,NA,NA,NA,NA,0.4201301,0.1804958,0.3993741,0.4154386,0.4154386,NA,NA,NA,NA,NA,NA,91.8451,NA
2026,2,28,SJS,82,39,35,8,86,Western,Pacific,3654.7477,9.0016,48.9771,NA,NA,NA,NA,0.4049875,0.1766924,0.4183202,0.4154386,0.4154386,NA,NA,NA,NA,NA,NA,57.2147,NA
2026,2,28,SJS,82,39,35,8,86,Western,Pacific,3654.7477,9.0016,48.9771,NA,NA,NA,NA,0.4049875,0.1766924,0.4183202,0.4154386,0.4154386,NA,NA,NA,NA,NA,NA,92.0782,NA
2026,2,13,FLA,82,40,38,4,84,Eastern,Atlantic,3774.9398,9.3275,50.1689,NA,NA,NA,NA,0.4215775,0.1781063,0.4003162,0.4154386,0.4154386,NA,NA,NA,NA,NA,NA,56.1655,NA
2026,2,13,FLA,82,40,38,4,84,Eastern,Atlantic,3774.9398,9.3275,50.1689,NA,NA,NA,NA,0.4215775,0.1781063,0.4003162,0.4154386,0.4154386,NA,NA,NA,NA,NA,NA,90.3896,NA
2026,2,52,WPG,82,35,35,12,82,Western,Central,3741.1543,9.1979,49.0158,NA,NA,NA,NA,0.4050782,0.1758144,0.4191074,0.4154386,0.4154386,NA,NA,NA,NA,NA,NA,57.6992,NA
2026,2,52,WPG,82,35,35,12,82,Western,Central,3741.1543,9.1979,49.0158,NA,NA,NA,NA,0.4050782,0.1758144,0.4191074,0.4154386,0.4154386,NA,NA,NA,NA,NA,NA,92.8578,NA
2026,2,55,SEA,82,34,37,11,79,Western,Pacific,3792.2377,9.296,50.3667,NA,NA,NA,NA,0.3968593,0.1790506,0.4240902,0.4154386,0.4154386,NA,NA,NA,NA,NA,NA,59.6224,NA
2026,2,55,SEA,82,34,37,11,79,Western,Pacific,3792.2377,9.296,50.3667,NA,NA,NA,NA,0.3968593,0.1790506,0.4240902,0.4154386,0.4154386,NA,NA,NA,NA,NA,NA,95.953,NA
2026,2,10,TOR,82,32,36,14,78,Eastern,Atlantic,3713.8277,9.1223,48.2052,NA,NA,NA,NA,0.3893713,0.1784391,0.4321896,0.4154386,0.4154386,NA,NA,NA,NA,NA,NA,57.836,NA
2026,2,10,TOR,82,32,36,14,78,Eastern,Atlantic,3713.8277,9.1223,48.2052,NA,NA,NA,NA,0.3893713,0.1784391,0.4321896,0.4154386,0.4154386,NA,NA,NA,NA,NA,NA,93.078,NA
2026,2,20,CGY,82,34,39,9,77,Western,Pacific,3778.2544,9.312,50.3905,NA,NA,NA,NA,0.403754,0.1838297,0.4124164,0.4154386,0.4154386,NA,NA,NA,NA,NA,NA,57.6882,NA
2026,2,20,CGY,82,34,39,9,77,Western,Pacific,3778.2544,9.312,50.3905,NA,NA,NA,NA,0.403754,0.1838297,0.4124164,0.4154386,0.4154386,NA,NA,NA,NA,NA,NA,92.8401,NA
2026,2,3,NYR,82,34,39,9,77,Eastern,Metropolitan,3661.5234,9.0124,48.6138,NA,NA,NA,NA,0.4157731,0.1739155,0.4103114,0.4154386,0.4154386,NA,NA,NA,NA,NA,NA,58.1437,NA
2026,2,3,NYR,82,34,39,9,77,Eastern,Metropolitan,3661.5234,9.0124,48.6138,NA,NA,NA,NA,0.4157731,0.1739155,0.4103114,0.4154386,0.4154386,NA,NA,NA,NA,NA,NA,93.5733,NA
2026,2,16,CHI,82,29,39,14,72,Western,Central,3722.9459,9.1565,48.7531,NA,NA,NA,NA,0.3949237,0.1797199,0.4253564,0.4154386,0.4154386,NA,NA,NA,NA,NA,NA,59.651,NA
2026,2,16,CHI,82,29,39,14,72,Western,Central,3722.9459,9.1565,48.7531,NA,NA,NA,NA,0.3949237,0.1797199,0.4253564,0.4154386,0.4154386,NA,NA,NA,NA,NA,NA,95.9989,NA
2026,2,23,VAN,82,25,49,8,58,Western,Pacific,3715.343,9.1117,49.0187,NA,NA,NA,NA,0.3988662,0.1734079,0.4277259,0.4154386,0.4154386,NA,NA,NA,NA,NA,NA,58.7904,NA
2026,2,23,VAN,82,25,49,8,58,Western,Pacific,3715.343,9.1117,49.0187,NA,NA,NA,NA,0.3988662,0.1734079,0.4277259,0.4154386,0.4154386,NA,NA,NA,NA,NA,NA,94.614,NA
