"category","pos_group","age_int","mean_delta","n","curve_value"
"defence_g","Defensemen",18,0.129859694862179,8,0.0176654252924566
"defence_g","Defensemen",19,0.0645541178372293,34,0.0822195431296859
"defence_g","Defensemen",20,0.00948987095365264,73,0.0917094140833385
"defence_g","Defensemen",21,0.0254297947344819,114,0.11713920881782
"defence_g","Defensemen",22,-0.0413363233240194,180,0.075802885493801
"defence_g","Defensemen",23,-0.0670246744703007,205,0.00877821102350034
"defence_g","Defensemen",24,0.0389151113592283,211,0.0476933223827287
"defence_g","Defensemen",25,-0.040882700728688,222,0.00681062165404062
"defence_g","Defensemen",26,-0.0162946894667807,224,-0.0094840678127401
"defence_g","Defensemen",27,0.0094840678127401,212,0
"defence_g","Defensemen",28,-0.0299685416900749,186,-0.0299685416900749
"defence_g","Defensemen",29,0.0530989068303587,173,0.0231303651402838
"defence_g","Defensemen",30,-0.0143321908299231,149,0.00879817431036068
"defence_g","Defensemen",31,-0.0125054856277001,123,-0.00370731131733945
"defence_g","Defensemen",32,-0.0511462819674037,105,-0.0548535932847431
"defence_g","Defensemen",33,-0.120322582076053,86,-0.175176175360796
"defence_g","Defensemen",34,0.071849602005443,57,-0.103326573355353
"defence_g","Defensemen",35,0.0618809950214215,43,-0.0414455783339316
"defence_g","Defensemen",36,-0.0335966206218528,30,-0.0750421989557844
"defence_g","Defensemen",37,0.0185635221094545,18,-0.0564786768463299
"defence_g","Defensemen",38,-0.446568427390477,9,-0.503047104236807
"defence_g","Defensemen",39,0.645891165359058,2,0.142844061122251
"defence_g","Defensemen",40,-0.022203509000452,2,0.120640552121799
"defence_g","Defensemen",41,0.325714562156736,1,0.446355114278535
"defence_g","Defensemen",42,0.122163167940017,1,0.568518282218552
"defence_g","Defensemen",43,0.223510807164249,1,0.792029089382801
"defence_g","Forwards",18,0.143324651331382,31,0.14277866090759
"defence_g","Forwards",19,-0.0431414881462527,84,0.0996371727613377
"defence_g","Forwards",20,-0.0546179310732807,141,0.0450192416880571
"defence_g","Forwards",21,-0.00743703319750964,217,0.0375822084905474
"defence_g","Forwards",22,-0.0344122786338759,310,0.0031699298566715
"defence_g","Forwards",23,0.0210106200480676,382,0.0241805499047391
"defence_g","Forwards",24,-0.00483130809781281,400,0.0193492418069263
"defence_g","Forwards",25,-0.0176104076055288,401,0.00173883420139745
"defence_g","Forwards",26,-0.0159047805056444,396,-0.0141659463042469
"defence_g","Forwards",27,0.0141659463042469,377,0
"defence_g","Forwards",28,-0.0485442623272602,343,-0.0485442623272602
"defence_g","Forwards",29,0.133290600118049,284,0.0847463377907884
"defence_g","Forwards",30,-0.036652617271644,264,0.0480937205191444
"defence_g","Forwards",31,0.0524369864398901,211,0.100530706959035
"defence_g","Forwards",32,0.0267002091464258,157,0.12723091610546
"defence_g","Forwards",33,-0.107998589702818,125,0.0192323264026425
"defence_g","Forwards",34,0.174853699845925,95,0.194086026248567
"defence_g","Forwards",35,0.0346452641284592,69,0.228731290377026
"defence_g","Forwards",36,-0.152537655581934,37,0.0761936347950924
"defence_g","Forwards",37,0.186474850594511,25,0.262668485389603
"defence_g","Forwards",38,0.132092262184036,14,0.394760747573639
"defence_g","Forwards",39,-0.0209890835144516,6,0.373771664059188
"defence_g","Forwards",40,0.248305321198776,6,0.622076985257964
"defence_g","Forwards",41,-0.384769363239768,2,0.237307622018196
"defence_g","Forwards",42,0.160735327840428,2,0.398042949858624
"defence_g","Forwards",43,0.666253407609691,1,1.06429635746831
"defence_xg","Defensemen",18,-0.00292221429485752,8,-0.00665716039918689
"defence_xg","Defensemen",19,0.0113649526035075,34,0.00470779220432061
"defence_xg","Defensemen",20,0.00325710184986241,73,0.00796489405418302
"defence_xg","Defensemen",21,-0.00276494268463607,114,0.00519995136954694
"defence_xg","Defensemen",22,-0.000843259579816231,180,0.00435669178973071
"defence_xg","Defensemen",23,0.000525713277998076,205,0.00488240506772879
"defence_xg","Defensemen",24,-0.00514360070524779,211,-0.000261195637518997
"defence_xg","Defensemen",25,0.000311395625943064,222,5.01999884240665e-05
"defence_xg","Defensemen",26,0.000224616522718279,224,0.000274816511142346
"defence_xg","Defensemen",27,-0.000274816511142346,212,0
"defence_xg","Defensemen",28,0.00624750872689971,186,0.00624750872689971
"defence_xg","Defensemen",29,-0.00134949224782603,173,0.00489801647907368
"defence_xg","Defensemen",30,0.000265693447371754,149,0.00516370992644544
"defence_xg","Defensemen",31,0.000393244114485485,123,0.00555695404093092
"defence_xg","Defensemen",32,0.00999673208854969,105,0.0155536861294806
"defence_xg","Defensemen",33,-0.00363719872831703,86,0.0119164874011636
"defence_xg","Defensemen",34,0.00691877368987471,57,0.0188352610910383
"defence_xg","Defensemen",35,-0.00524297077871501,43,0.0135922903123233
"defence_xg","Defensemen",36,-0.00673476901017944,30,0.00685752130214383
"defence_xg","Defensemen",37,0.00461398988837434,18,0.0114715111905182
"defence_xg","Defensemen",38,-0.0349610403698348,9,-0.0234895291793166
"defence_xg","Defensemen",39,0.0527159335282517,2,0.0292264043489351
"defence_xg","Defensemen",40,0.0050563584974832,2,0.0342827628464183
"defence_xg","Defensemen",41,0.0858686039186161,1,0.120151366765034
"defence_xg","Defensemen",42,0.0307793620016934,1,0.150930728766728
"defence_xg","Defensemen",43,-0.106937298017204,1,0.0439934307495238
"defence_xg","Forwards",18,0.0222125648443164,31,0.0179869932005541
"defence_xg","Forwards",19,-0.00688083381592829,84,0.0111061593846258
"defence_xg","Forwards",20,-0.00109879454647197,141,0.0100073648381539
"defence_xg","Forwards",21,-0.0103525910995026,217,-0.000345226261348763
"defence_xg","Forwards",22,-0.00285261989803197,310,-0.00319784615938074
"defence_xg","Forwards",23,0.00203491676583621,382,-0.00116292939354452
"defence_xg","Forwards",24,0.00121726769707167,400,5.43383035271523e-05
"defence_xg","Forwards",25,0.00171417583332239,401,0.00176851413684954
"defence_xg","Forwards",26,-0.00131655164485088,396,0.00045196249199865
"defence_xg","Forwards",27,-0.00045196249199865,377,0
"defence_xg","Forwards",28,-0.000664148556328256,343,-0.000664148556328254
"defence_xg","Forwards",29,0.00885282687930894,284,0.00818867832298069
"defence_xg","Forwards",30,-0.00408184254948857,264,0.00410683577349211
"defence_xg","Forwards",31,0.00105168655858714,211,0.00515852233207925
"defence_xg","Forwards",32,0.00862117870888311,157,0.0137797010409624
"defence_xg","Forwards",33,-0.00837716549949864,125,0.00540253554146372
"defence_xg","Forwards",34,0.00538664053651915,95,0.0107891760779829
"defence_xg","Forwards",35,3.08267289514249e-05,69,0.0108200028069343
"defence_xg","Forwards",36,-0.00455086229426711,37,0.00626914051266718
"defence_xg","Forwards",37,-0.00578514779259699,25,0.000483992720070187
"defence_xg","Forwards",38,-0.00340487865658047,14,-0.00292088593651028
"defence_xg","Forwards",39,-0.0357436940255885,6,-0.0386645799620988
"defence_xg","Forwards",40,0.00504637112439728,6,-0.0336182088377015
"defence_xg","Forwards",41,0.0499440453782264,2,0.0163258365405249
"defence_xg","Forwards",42,0.0411241639564607,2,0.0574500004969856
"defence_xg","Forwards",43,0.0289466033000225,1,0.086396603797008
"finishing","Defensemen",18,-0.103563455927537,3,0.0675043031423218
"finishing","Defensemen",19,-0.0719685715618455,9,-0.00446426841952374
"finishing","Defensemen",20,0.030358132241906,24,0.0258938638223823
"finishing","Defensemen",21,0.0119345633312088,31,0.0378284271535911
"finishing","Defensemen",22,-0.00754348963490748,45,0.0302849375186836
"finishing","Defensemen",23,-0.0258287002815969,56,0.00445623723708666
"finishing","Defensemen",24,-0.00566877631546264,57,-0.00121253907837598
"finishing","Defensemen",25,0.0263852715231292,59,0.0251727324447532
"finishing","Defensemen",26,-0.0210196975535384,63,0.00415303489121482
"finishing","Defensemen",27,-0.00415303489121482,59,0
"finishing","Defensemen",28,0.00523251990940467,54,0.00523251990940467
"finishing","Defensemen",29,0.030398462437008,52,0.0356309823464127
"finishing","Defensemen",30,-0.00328362096250532,33,0.0323473613839074
"finishing","Defensemen",31,-0.00222598996007634,27,0.030121371423831
"finishing","Defensemen",32,-0.0270891176693085,19,0.00303225375452248
"finishing","Defensemen",33,-0.066967706000928,14,-0.0639354522464056
"finishing","Defensemen",34,-0.0308807235153587,11,-0.0948161757617642
"finishing","Defensemen",35,0.0832297270144322,9,-0.011586448747332
"finishing","Defensemen",36,-0.0908400721287762,8,-0.102426520876108
"finishing","Defensemen",37,-0.00827846926450436,5,-0.110704990140613
"finishing","Defensemen",38,-0.00265459860348003,2,-0.113359588744093
"finishing","Defensemen",39,-0.0450740407492643,1,-0.158433629493357
"finishing","Defensemen",40,-0.0321922040914083,2,-0.190625833584765
"finishing","Forwards",18,0.0657693959873853,12,0.0818836067747428
"finishing","Forwards",19,-0.0247885433562775,47,0.0570950634184653
"finishing","Forwards",20,-0.00157401761870011,77,0.0555210457997651
"finishing","Forwards",21,0.0125845259772337,107,0.0681055717769988
"finishing","Forwards",22,0.0217382515864092,141,0.089843823363408
"finishing","Forwards",23,-0.0236060396992188,167,0.0662377836641892
"finishing","Forwards",24,-0.0336398525476368,189,0.0325979311165524
"finishing","Forwards",25,-0.00530430099375655,199,0.0272936301227958
"finishing","Forwards",26,-0.0161555407266975,191,0.0111380893960983
"finishing","Forwards",27,-0.0111380893960983,171,0
"finishing","Forwards",28,-0.0229541525695379,162,-0.0229541525695379
"finishing","Forwards",29,-0.00361190864716629,131,-0.0265660612167041
"finishing","Forwards",30,-0.0237655563022397,123,-0.0503316175189438
"finishing","Forwards",31,-0.0015660176807562,101,-0.0518976351997
"finishing","Forwards",32,-0.0336304693337676,67,-0.0855281045334677
"finishing","Forwards",33,-0.0228370664615969,52,-0.108365170995065
"finishing","Forwards",34,0.00339755492991574,46,-0.104967616065149
"finishing","Forwards",35,-0.0509073002637146,33,-0.155874916328863
"finishing","Forwards",36,0.023766178429755,16,-0.132108737899108
"finishing","Forwards",37,-0.112674678995718,9,-0.244783416894827
"finishing","Forwards",38,-0.166222219672983,8,-0.41100563656781
"finishing","Forwards",39,0.0419089415060756,2,-0.369096695061734
"finishing","Forwards",40,-0.0926856117022008,2,-0.461782306763935
"finishing","Forwards",41,0.160327837125204,1,-0.301454469638731
"finishing","Forwards",42,0.363297404720685,1,0.0618429350819535
"finishing","Forwards",43,-0.479977180760827,1,-0.418134245678874
"offence_g","Defensemen",18,0.0184708133937336,8,0.244939261310338
"offence_g","Defensemen",19,-0.188252601212046,34,0.0566866600982918
"offence_g","Defensemen",20,0.102952392060965,73,0.159639052159257
"offence_g","Defensemen",21,-0.0556006371212595,114,0.104038415037997
"offence_g","Defensemen",22,-0.0506282981853259,180,0.0534101168526713
"offence_g","Defensemen",23,0.0168009299502281,205,0.0702110468028994
"offence_g","Defensemen",24,-0.0343684956137565,211,0.0358425511891428
"offence_g","Defensemen",25,-0.0321560371063677,222,0.00368651408277512
"offence_g","Defensemen",26,-0.0269528706253227,224,-0.0232663565425476
"offence_g","Defensemen",27,0.0232663565425476,212,0
"offence_g","Defensemen",28,-0.0415730833475112,186,-0.0415730833475112
"offence_g","Defensemen",29,0.00052505174115715,173,-0.0410480316063541
"offence_g","Defensemen",30,0.00993260750428189,149,-0.0311154241020722
"offence_g","Defensemen",31,-0.180676630761382,123,-0.211792054863455
"offence_g","Defensemen",32,0.0654813692161348,105,-0.14631068564732
"offence_g","Defensemen",33,-0.0228238091386252,86,-0.169134494785945
"offence_g","Defensemen",34,0.0221874395419636,57,-0.146947055243981
"offence_g","Defensemen",35,0.0201746757205379,43,-0.126772379523443
"offence_g","Defensemen",36,-0.0683952619898683,30,-0.195167641513312
"offence_g","Defensemen",37,0.0719185605013614,18,-0.12324908101195
"offence_g","Defensemen",38,-0.0330935707517972,9,-0.156342651763748
"offence_g","Defensemen",39,-0.112641617150452,2,-0.2689842689142
"offence_g","Defensemen",40,0.10000380717928,2,-0.168980461734919
"offence_g","Defensemen",41,-0.0835027912364456,1,-0.252483252971365
"offence_g","Defensemen",42,-0.802443601544666,1,-1.05492685451603
"offence_g","Defensemen",43,0.41922104039822,1,-0.635705814117811
"offence_g","Forwards",18,-0.0542795553252307,31,0.0664051437441689
"offence_g","Forwards",19,0.067623307405257,84,0.134028451149426
"offence_g","Forwards",20,0.141211061449424,141,0.27523951259885
"offence_g","Forwards",21,-0.104585158110375,217,0.170654354488475
"offence_g","Forwards",22,0.0835796664543484,310,0.254234020942823
"offence_g","Forwards",23,-0.0302947294769644,382,0.223939291465859
"offence_g","Forwards",24,-0.0683995150243263,400,0.155539776441533
"offence_g","Forwards",25,-0.0430930603913679,401,0.112446716050165
"offence_g","Forwards",26,-0.0524039433627002,396,0.0600427726874645
"offence_g","Forwards",27,-0.0600427726874645,377,0
"offence_g","Forwards",28,-0.0819926251476684,343,-0.0819926251476684
"offence_g","Forwards",29,-0.0703948745757964,284,-0.152387499723465
"offence_g","Forwards",30,-0.0296054217761008,264,-0.181992921499566
"offence_g","Forwards",31,-0.0670557547153018,211,-0.249048676214867
"offence_g","Forwards",32,-0.224195111743971,157,-0.473243787958839
"offence_g","Forwards",33,-0.154024503981353,125,-0.627268291940191
"offence_g","Forwards",34,-0.0322736274593061,95,-0.659541919399497
"offence_g","Forwards",35,-0.140957083961399,69,-0.800499003360896
"offence_g","Forwards",36,-0.210030638750114,37,-1.01052964211101
"offence_g","Forwards",37,-0.486299776974085,25,-1.4968294190851
"offence_g","Forwards",38,-0.157164035972261,14,-1.65399345505736
"offence_g","Forwards",39,0.158086329650666,6,-1.49590712540669
"offence_g","Forwards",40,-0.413605745494267,6,-1.90951287090096
"offence_g","Forwards",41,-0.769742571160651,2,-2.67925544206161
"offence_g","Forwards",42,0.293778659941124,2,-2.38547678212048
"offence_g","Forwards",43,-0.222299292156977,1,-2.60777607427746
"offence_xg","Defensemen",18,-0.00151906938616885,8,0.0154860440572716
"offence_xg","Defensemen",19,-0.010507961489367,34,0.00497808256790454
"offence_xg","Defensemen",20,0.00373097682784991,73,0.00870905939575445
"offence_xg","Defensemen",21,0.00140139839883153,114,0.010110457794586
"offence_xg","Defensemen",22,-0.00754401711958327,180,0.00256644067500271
"offence_xg","Defensemen",23,0.00824272068678212,205,0.0108091613617848
"offence_xg","Defensemen",24,-0.00288360385376358,211,0.00792555750802125
"offence_xg","Defensemen",25,-0.0080790154369823,222,-0.000153457928961046
"offence_xg","Defensemen",26,-0.00348858943954061,224,-0.00364204736850166
"offence_xg","Defensemen",27,0.00364204736850166,212,0
"offence_xg","Defensemen",28,0.00597014002126554,186,0.00597014002126554
"offence_xg","Defensemen",29,-0.00223892506978697,173,0.00373121495147857
"offence_xg","Defensemen",30,0.000121596611332693,149,0.00385281156281126
"offence_xg","Defensemen",31,-0.00933607114151583,123,-0.00548325957870456
"offence_xg","Defensemen",32,-0.00858412392942523,105,-0.0140673835081298
"offence_xg","Defensemen",33,0.00430346102266552,86,-0.00976392248546427
"offence_xg","Defensemen",34,0.00293342404963797,57,-0.0068304984358263
"offence_xg","Defensemen",35,-0.0160307743289968,43,-0.0228612727648231
"offence_xg","Defensemen",36,0.00437831656247385,30,-0.0184829562023493
"offence_xg","Defensemen",37,0.012495877346453,18,-0.00598707885589631
"offence_xg","Defensemen",38,0.0404249634346085,9,0.0344378845787122
"offence_xg","Defensemen",39,0.0257096487218428,2,0.060147533300555
"offence_xg","Defensemen",40,-0.0520405802160126,2,0.00810695308454242
"offence_xg","Defensemen",41,-0.0418033735472921,1,-0.0336964204627496
"offence_xg","Defensemen",42,0.0460478548196447,1,0.0123514343568951
"offence_xg","Defensemen",43,0.00891052823648366,1,0.0212619625933787
"offence_xg","Forwards",18,-0.0192975116107033,31,0.00439972305379694
"offence_xg","Forwards",19,0.00521460029301573,84,0.00961432334681267
"offence_xg","Forwards",20,0.00153660149655301,141,0.0111509248433657
"offence_xg","Forwards",21,0.00234044274638728,217,0.013491367589753
"offence_xg","Forwards",22,0.0108404724848279,310,0.0243318400745809
"offence_xg","Forwards",23,-0.00667340833006918,382,0.0176584317445117
"offence_xg","Forwards",24,-0.00126549080456548,400,0.0163929409399462
"offence_xg","Forwards",25,-0.00468577072556545,401,0.0117071702143807
"offence_xg","Forwards",26,-0.00623608530772009,396,0.00547108490666066
"offence_xg","Forwards",27,-0.00547108490666066,377,0
"offence_xg","Forwards",28,-4.3763608879615e-05,343,-4.37636088796147e-05
"offence_xg","Forwards",29,-0.00984485320654667,284,-0.00988861681542628
"offence_xg","Forwards",30,-0.0125203796378156,264,-0.0224089964532419
"offence_xg","Forwards",31,0.00268461932108389,211,-0.019724377132158
"offence_xg","Forwards",32,-0.01932367010203,157,-0.039048047234188
"offence_xg","Forwards",33,0.00072132724950885,125,-0.0383267199846791
"offence_xg","Forwards",34,-0.016123987655373,95,-0.0544507076400521
"offence_xg","Forwards",35,0.00962072550051922,69,-0.0448299821395329
"offence_xg","Forwards",36,-0.0209573610485415,37,-0.0657873431880744
"offence_xg","Forwards",37,-0.0141210318134453,25,-0.0799083750015197
"offence_xg","Forwards",38,-0.0149860450048249,14,-0.0948944200063446
"offence_xg","Forwards",39,-0.00491413761110022,6,-0.0998085576174449
"offence_xg","Forwards",40,-0.0206252116412706,6,-0.120433769258716
"offence_xg","Forwards",41,-0.0716756911490069,2,-0.192109460407722
"offence_xg","Forwards",42,0.0602688268771054,2,-0.131840633530617
"offence_xg","Forwards",43,-0.0208412381134487,1,-0.152681871644066
"pk","Defensemen",18,-0.120616788150731,1,-0.0196042132234884
"pk","Defensemen",19,0.0335279063166309,15,0.0139236930931424
"pk","Defensemen",20,0.0223179132519826,34,0.036241606345125
"pk","Defensemen",21,-0.0185729241683556,66,0.0176686821767694
"pk","Defensemen",22,0.00946423990695167,101,0.0271329220837211
"pk","Defensemen",23,0.000210536660781781,124,0.0273434587445028
"pk","Defensemen",24,-0.00148948851443817,137,0.0258539702300647
"pk","Defensemen",25,-0.0105647652366515,145,0.0152892049934132
"pk","Defensemen",26,-0.00284036545745521,163,0.012448839535958
"pk","Defensemen",27,-0.012448839535958,161,0
"pk","Defensemen",28,0.0120274111747187,145,0.0120274111747187
"pk","Defensemen",29,-0.0193743005728018,138,-0.00734688939808309
"pk","Defensemen",30,-4.43947052978852e-06,118,-0.00735132886861288
"pk","Defensemen",31,-0.00354836384923435,101,-0.0108996927178472
"pk","Defensemen",32,8.21284480548719e-05,91,-0.0108175642697924
"pk","Defensemen",33,0.01821293674673,71,0.00739537247693759
"pk","Defensemen",34,-0.00933296847737443,46,-0.00193759600043684
"pk","Defensemen",35,-0.0221306205824529,34,-0.0240682165828898
"pk","Defensemen",36,0.0514767736736559,21,0.0274085570907661
"pk","Defensemen",37,0.0204942567413236,13,0.0479028138320897
"pk","Defensemen",38,0.0230464878607603,7,0.0709493016928501
"pk","Defensemen",39,-0.12523188442481,1,-0.0542825827319602
"pk","Defensemen",40,0.0283262368042893,2,-0.0259563459276708
"pk","Defensemen",41,-0.180979605661381,1,-0.206935951589052
"pk","Defensemen",42,0.00989231398201358,1,-0.197043637607039
"pk","Defensemen",43,0.127793237302879,1,-0.0692504003041595
"pk","Forwards",18,0.0798941475213596,4,0.0163407714981047
"pk","Forwards",19,-0.0179027648133965,10,-0.00156199331529186
"pk","Forwards",20,-0.0274516522154646,27,-0.0290136455307564
"pk","Forwards",21,0.0338601699000517,49,0.00484652436929528
"pk","Forwards",22,-0.00902724926531563,82,-0.00418072489602036
"pk","Forwards",23,0.0114010758557584,127,0.00722035095973809
"pk","Forwards",24,-0.00407478689183368,155,0.00314556406790441
"pk","Forwards",25,0.0187822148820539,185,0.0219277789499583
"pk","Forwards",26,-0.0191240430347719,192,0.0028037359151864
"pk","Forwards",27,-0.0028037359151864,178,0
"pk","Forwards",28,0.00459670233577544,169,0.00459670233577544
"pk","Forwards",29,0.0114721316443569,151,0.0160688339801324
"pk","Forwards",30,-0.0268255924204399,131,-0.0107567584403075
"pk","Forwards",31,0.0299079590320858,92,0.0191512005917783
"pk","Forwards",32,-0.00321639707233871,70,0.0159348035194396
"pk","Forwards",33,-0.0030449363565721,60,0.0128898671628675
"pk","Forwards",34,-0.0115790796132987,44,0.00131078754956879
"pk","Forwards",35,-0.00396641773050947,31,-0.00265563018094068
"pk","Forwards",36,0.047899058129763,13,0.0452434279488223
"pk","Forwards",37,-0.0502218549679105,6,-0.00497842701908821
"pk","Forwards",38,-0.103176028222825,3,-0.108154455241913
"pk","Forwards",39,0.129310374290124,1,0.0211559190482109
"pk","Forwards",40,-0.0447143018075431,1,-0.0235583827593322
"pp","Defensemen",18,0.0893492617922299,5,0.0639265971285641
"pp","Defensemen",19,-0.0225728890813968,26,0.0413537080471673
"pp","Defensemen",20,-0.0158946087827373,52,0.02545909926443
"pp","Defensemen",21,0.0145191565035367,62,0.0399782557679668
"pp","Defensemen",22,-0.00855516869536225,93,0.0314230870726045
"pp","Defensemen",23,0.00847387702456498,91,0.0398969640971695
"pp","Defensemen",24,-0.0303094063230973,86,0.00958755777407218
"pp","Defensemen",25,0.0137672384990157,89,0.0233547962730879
"pp","Defensemen",26,-0.0282228828702538,94,-0.00486808659716585
"pp","Defensemen",27,0.00486808659716585,94,0
"pp","Defensemen",28,0.0294095399928028,86,0.0294095399928028
"pp","Defensemen",29,-0.0141122935638189,71,0.0152972464289839
"pp","Defensemen",30,-0.0259972076205281,58,-0.0106999611915442
"pp","Defensemen",31,0.0142013044502908,47,0.00350134325874662
"pp","Defensemen",32,0.0204128536054242,35,0.0239141968641708
"pp","Defensemen",33,-0.00231181173133417,32,0.0216023851328366
"pp","Defensemen",34,-0.0846408555645529,23,-0.0630384704317162
"pp","Defensemen",35,0.0881399823185518,17,0.0251015118868356
"pp","Defensemen",36,-0.0318684256499591,18,-0.00676691376312354
"pp","Defensemen",37,0.0318871938816134,11,0.0251202801184899
"pp","Defensemen",38,-0.0171560231065773,5,0.00796425701191253
"pp","Defensemen",39,-0.0977122416275961,1,-0.0897479846156836
"pp","Defensemen",40,-0.0603290994934828,1,-0.150077084109166
"pp","Forwards",18,0.010969951315342,28,-0.0112912898133425
"pp","Forwards",19,-0.0193756644012227,68,-0.0306669542145652
"pp","Forwards",20,0.0210834123786713,115,-0.00958354183589393
"pp","Forwards",21,-0.00190662555257884,152,-0.0114901673884728
"pp","Forwards",22,0.00570862691890146,196,-0.00578154046957131
"pp","Forwards",23,-0.018802484417779,219,-0.0245840248873503
"pp","Forwards",24,0.00396539629290901,231,-0.0206186285944413
"pp","Forwards",25,0.0087993867759805,241,-0.0118192418184608
"pp","Forwards",26,0.00212487734753443,242,-0.00969436447092633
"pp","Forwards",27,0.00969436447092633,229,0
"pp","Forwards",28,-0.036754479030138,225,-0.036754479030138
"pp","Forwards",29,0.000751962009053489,187,-0.0360025170210845
"pp","Forwards",30,0.0011935315695156,178,-0.0348089854515689
"pp","Forwards",31,-0.0182770978558413,147,-0.0530860833074102
"pp","Forwards",32,-0.0199182974979857,111,-0.0730043808053959
"pp","Forwards",33,0.00134375685522891,86,-0.071660623950167
"pp","Forwards",34,0.00558103310486178,67,-0.0660795908453052
"pp","Forwards",35,-0.0264057465384226,48,-0.0924853373837278
"pp","Forwards",36,0.0474548287224195,28,-0.0450305086613083
"pp","Forwards",37,-0.0217398978304659,20,-0.0667704064917742
"pp","Forwards",38,0.00442478899531539,11,-0.0623456174964588
"pp","Forwards",39,0.243442068388863,5,0.181096450892404
"pp","Forwards",40,-0.235129352524201,5,-0.0540329016317964
"pp","Forwards",41,0.00345938134906871,2,-0.0505735202827277
"pp","Forwards",42,-0.0607069815317087,2,-0.111280501814436
"pp","Forwards",43,-0.164138154497553,1,-0.275418656311989
"shot_vol_def","Defensemen",18,0.441531286658504,8,1.60124936720912
"shot_vol_def","Defensemen",19,-0.413381017731348,34,1.18786834947777
"shot_vol_def","Defensemen",20,-0.503017101265052,73,0.68485124821272
"shot_vol_def","Defensemen",21,-0.253031719903096,114,0.431819528309624
"shot_vol_def","Defensemen",22,0.296526861187213,180,0.728346389496837
"shot_vol_def","Defensemen",23,-0.669390296424969,205,0.0589560930718678
"shot_vol_def","Defensemen",24,0.0581040774978516,211,0.117060170569719
"shot_vol_def","Defensemen",25,0.198096850318472,222,0.315157020888191
"shot_vol_def","Defensemen",26,-0.39633915794057,224,-0.0811821370523791
"shot_vol_def","Defensemen",27,0.0811821370523791,212,0
"shot_vol_def","Defensemen",28,-0.0593537756829789,186,-0.0593537756829789
"shot_vol_def","Defensemen",29,-0.95272800926984,173,-1.01208178495282
"shot_vol_def","Defensemen",30,0.32412876797677,149,-0.687953016976049
"shot_vol_def","Defensemen",31,-0.506113984919807,123,-1.19406700189586
"shot_vol_def","Defensemen",32,0.0251612293670375,105,-1.16890577252882
"shot_vol_def","Defensemen",33,0.014374225820582,86,-1.15453154670824
"shot_vol_def","Defensemen",34,-0.261240705652531,57,-1.41577225236077
"shot_vol_def","Defensemen",35,0.0226937126950429,43,-1.39307853966572
"shot_vol_def","Defensemen",36,0.0171927848809478,30,-1.37588575478478
"shot_vol_def","Defensemen",37,-0.156622949166171,18,-1.53250870395095
"shot_vol_def","Defensemen",38,0.475498032011456,9,-1.05701067193949
"shot_vol_def","Defensemen",39,-0.562760168022387,2,-1.61977083996188
"shot_vol_def","Defensemen",40,0.0924388037811898,2,-1.52733203618069
"shot_vol_def","Defensemen",41,-2.5053827861132,1,-4.03271482229389
"shot_vol_def","Defensemen",42,3.34520563572736,1,-0.687509186566535
"shot_vol_def","Defensemen",43,-2.59119769233374,1,-3.27870687890027
"shot_vol_def","Forwards",18,-0.154443253603389,31,1.13835737988746
"shot_vol_def","Forwards",19,-0.162831252918132,84,0.975526126969327
"shot_vol_def","Forwards",20,0.0127771678749751,141,0.988303294844302
"shot_vol_def","Forwards",21,-0.271167862252948,217,0.717135432591354
"shot_vol_def","Forwards",22,-0.0453423624540536,310,0.671793070137301
"shot_vol_def","Forwards",23,-0.358091329939637,382,0.313701740197664
"shot_vol_def","Forwards",24,-0.0589248576993746,400,0.254776882498289
"shot_vol_def","Forwards",25,0.000564355514421664,401,0.255341238012711
"shot_vol_def","Forwards",26,-0.172363187882445,396,0.0829780501302655
"shot_vol_def","Forwards",27,-0.0829780501302654,377,0
"shot_vol_def","Forwards",28,0.0189935310493934,343,0.0189935310493934
"shot_vol_def","Forwards",29,0.0287811907178346,284,0.047774721767228
"shot_vol_def","Forwards",30,-0.314746591761684,264,-0.266971869994456
"shot_vol_def","Forwards",31,0.34470814412372,211,0.0777362741292638
"shot_vol_def","Forwards",32,0.116567360977466,157,0.19430363510673
"shot_vol_def","Forwards",33,-0.603662530026545,125,-0.409358894919815
"shot_vol_def","Forwards",34,-0.326709981126151,95,-0.736068876045966
"shot_vol_def","Forwards",35,0.0613895570109672,69,-0.674679319034999
"shot_vol_def","Forwards",36,0.657131125352239,37,-0.0175481936827604
"shot_vol_def","Forwards",37,-0.449296440230905,25,-0.466844633913665
"shot_vol_def","Forwards",38,0.654162328150039,14,0.187317694236375
"shot_vol_def","Forwards",39,-1.21657778656451,6,-1.02926009232813
"shot_vol_def","Forwards",40,0.439749585692039,6,-0.589510506636096
"shot_vol_def","Forwards",41,-3.06662051375675,2,-3.65613102039285
"shot_vol_def","Forwards",42,0.657647912427819,2,-2.99848310796503
"shot_vol_def","Forwards",43,-1.07623629139986,1,-4.07471939936489
"shot_vol_off","Defensemen",18,0.0918219812155138,8,0.764759437441539
"shot_vol_off","Defensemen",19,-0.400410490886726,34,0.364348946554813
"shot_vol_off","Defensemen",20,-0.0398326947327384,73,0.324516251822074
"shot_vol_off","Defensemen",21,-0.0603976176393914,114,0.264118634182683
"shot_vol_off","Defensemen",22,0.234149786344875,180,0.498268420527558
"shot_vol_off","Defensemen",23,-0.303271456470263,205,0.194996964057294
"shot_vol_off","Defensemen",24,-0.011832047362359,211,0.183164916694936
"shot_vol_off","Defensemen",25,0.19404922792695,222,0.377214144621886
"shot_vol_off","Defensemen",26,-0.290014403920023,224,0.0871997407018624
"shot_vol_off","Defensemen",27,-0.0871997407018625,212,0
"shot_vol_off","Defensemen",28,-0.148246325270837,186,-0.148246325270837
"shot_vol_off","Defensemen",29,-0.478620375625985,173,-0.626866700896821
"shot_vol_off","Defensemen",30,-0.612199839863808,149,-1.23906654076063
"shot_vol_off","Defensemen",31,-0.351245193929576,123,-1.59031173469021
"shot_vol_off","Defensemen",32,0.0385176602052773,105,-1.55179407448493
"shot_vol_off","Defensemen",33,-0.396233295941456,86,-1.94802737042638
"shot_vol_off","Defensemen",34,-0.898845839201999,57,-2.84687320962838
"shot_vol_off","Defensemen",35,0.179759274289337,43,-2.66711393533905
"shot_vol_off","Defensemen",36,0.402783159108969,30,-2.26433077623008
"shot_vol_off","Defensemen",37,-2.42070092939082,18,-4.68503170562089
"shot_vol_off","Defensemen",38,1.03910921430696,9,-3.64592249131393
"shot_vol_off","Defensemen",39,-1.16404658889069,2,-4.80996908020463
"shot_vol_off","Defensemen",40,3.49503153920193,2,-1.3149375410027
"shot_vol_off","Defensemen",41,-8.35745465737334,1,-9.67239219837604
"shot_vol_off","Defensemen",42,8.05549023284859,1,-1.61690196552745
"shot_vol_off","Defensemen",43,-5.67831186001625,1,-7.2952138255437
"shot_vol_off","Forwards",18,0.34140654110826,31,-1.13544814661835
"shot_vol_off","Forwards",19,0.234823219397991,84,-0.90062492722036
"shot_vol_off","Forwards",20,0.894468700098597,141,-0.00615622712176389
"shot_vol_off","Forwards",21,0.148204207139151,217,0.142047980017387
"shot_vol_off","Forwards",22,0.0845034281055815,310,0.226551408122969
"shot_vol_off","Forwards",23,0.0153498443546604,382,0.241901252477629
"shot_vol_off","Forwards",24,0.0804518943498497,400,0.322353146827479
"shot_vol_off","Forwards",25,0.129671810874897,401,0.452024957702376
"shot_vol_off","Forwards",26,-0.364724608610745,396,0.0873003490916306
"shot_vol_off","Forwards",27,-0.0873003490916306,377,0
"shot_vol_off","Forwards",28,-0.399401454838009,343,-0.399401454838008
"shot_vol_off","Forwards",29,-0.205723838472824,284,-0.605125293310832
"shot_vol_off","Forwards",30,-0.0883750450744626,264,-0.693500338385295
"shot_vol_off","Forwards",31,-0.225043968979456,211,-0.918544307364751
"shot_vol_off","Forwards",32,-0.420417579051837,157,-1.33896188641659
"shot_vol_off","Forwards",33,-0.221928135088663,125,-1.56089002150525
"shot_vol_off","Forwards",34,-0.241295590926361,95,-1.80218561243161
"shot_vol_off","Forwards",35,0.214281101945322,69,-1.58790451048629
"shot_vol_off","Forwards",36,-0.301506236713581,37,-1.88941074719987
"shot_vol_off","Forwards",37,-1.64753571485797,25,-3.53694646205785
"shot_vol_off","Forwards",38,0.23323876420218,14,-3.30370769785567
"shot_vol_off","Forwards",39,-0.170263389056986,6,-3.47397108691265
"shot_vol_off","Forwards",40,-0.379020429705302,6,-3.85299151661795
"shot_vol_off","Forwards",41,0.67298659915223,2,-3.18000491746572
"shot_vol_off","Forwards",42,0.871065206943162,2,-2.30893971052256
"shot_vol_off","Forwards",43,0.931938493072373,1,-1.37700121745019
"goaltending","Goalies",20,-0.290654975583844,3,0
"goaltending","Goalies",21,-0.443773165038649,9,0
"goaltending","Goalies",22,-0.409473470218391,27,0
"goaltending","Goalies",23,0.0387446329225291,41,0
"goaltending","Goalies",24,-0.0957079467715536,49,0
"goaltending","Goalies",25,-0.124082141264255,70,0.363629653340796
"goaltending","Goalies",26,-0.0236283529417159,73,0.34000130039908
"goaltending","Goalies",27,-0.34000130039908,66,0
"goaltending","Goalies",28,0.105025886258322,62,0.105025886258322
"goaltending","Goalies",29,-0.110863977438574,55,-0.00583809118025203
"goaltending","Goalies",30,0.0730273496912282,54,0.0671892585109761
"goaltending","Goalies",31,-0.179805532853751,51,-0.112616274342775
"goaltending","Goalies",32,0.00347956852117861,39,-0.109136705821597
"goaltending","Goalies",33,-0.124682915442379,33,-0.233819621263975
"goaltending","Goalies",34,-0.276060615426185,25,-0.509880236690161
"goaltending","Goalies",35,-0.256047773176683,19,-0.765928009866844
"goaltending","Goalies",36,-0.00287323050354296,13,-0.768801240370386
"goaltending","Goalies",37,0.337965334087047,9,-0.430835906283339
"goaltending","Goalies",38,-0.695021009057017,6,-1.12585691534036
"goaltending","Goalies",39,-1.55213938919862,2,-2.67799630453898
"goaltending","Goalies",40,-0.608745021742022,3,-3.286741326281
