season,game_type,player_id,player_name,last_name,team_abbrev,shoots_catches,gp,gs,wins,losses,ot_losses,ties,goals_against,gaa,saves,shots_against,sv_pct,shutouts,toi_sec,goals,assists,points,pim
2023,2,8476999,Linus Ullmark,Ullmark,BOS,L,49,48,40,6,1,NA,91,1.89438,1366,1457,0.93754,2,172932,1,0,1,2
2023,2,8480382,Alexandar Georgiev,Georgiev,COL,L,62,62,40,16,6,NA,156,2.5295,1749,1904,0.91859,5,222020,0,1,1,0
2023,2,8476945,Connor Hellebuyck,Hellebuyck,WPG,L,64,64,37,25,2,NA,157,2.49338,1807,1964,0.92006,4,226680,0,0,0,0
2023,2,8478048,Igor Shesterkin,Shesterkin,NYR,L,58,58,37,13,8,NA,144,2.47651,1575,1719,0.91623,3,209326,0,1,1,2
2023,2,8479979,Jake Oettinger,Oettinger,DAL,L,62,61,37,11,11,NA,144,2.37044,1633,1776,0.91948,5,218693,0,1,1,2
2023,2,8476883,Andrei Vasilevskiy,Vasilevskiy,TBL,L,60,60,34,22,4,NA,159,2.65264,1716,1875,0.9152,4,215785,0,2,2,0
2023,2,8477424,Juuse Saros,Saros,NSH,L,64,63,33,23,7,NA,171,2.69292,1928,2099,0.91853,2,228599,0,1,1,0
2023,2,8477970,Vitek Vanecek,Vanecek,NJD,L,52,48,33,11,4,NA,119,2.44892,1214,1333,0.91072,3,174934,0,3,3,2
2023,2,8478009,Ilya Sorokin,Sorokin,NYI,L,62,60,31,22,7,NA,140,2.34174,1699,1838,0.92437,6,215224,0,1,1,0
2023,2,8479973,Stuart Skinner,Skinner,EDM,L,50,48,29,14,5,NA,133,2.7488,1404,1536,0.91406,1,174185,0,2,2,0
2023,2,8474889,Martin Jones,Jones,SEA,L,48,42,27,13,3,NA,131,2.99354,1016,1145,0.88733,3,157539,0,0,0,0
2023,2,8476412,Jordan Binnington,Binnington,STL,L,61,60,27,27,6,NA,194,3.31053,1632,1826,0.89375,2,210963,0,2,2,29
2023,2,8478492,Ilya Samsonov,Samsonov,TOR,L,42,40,27,10,5,NA,96,2.3267,1088,1184,0.91891,4,148536,0,2,2,0
2023,2,8478024,Ville Husso,Husso,DET,L,56,56,26,22,7,NA,167,3.11157,1436,1603,0.89582,4,193214,0,0,0,0
2023,2,8470594,Marc-Andre Fleury,Fleury,MIN,L,46,45,24,16,4,NA,126,2.84822,1241,1367,0.90782,2,159257,0,1,1,2
2023,2,8475683,Sergei Bobrovsky,Bobrovsky,FLA,L,50,49,24,20,3,NA,145,3.06946,1321,1466,0.90109,1,170062,0,0,0,2
2023,2,8477465,Tristan Jarry,Jarry,PIT,L,47,47,24,13,7,NA,128,2.89807,1286,1414,0.90947,2,159002,0,2,2,2
2023,2,8477831,Pheonix Copley,Copley,LAK,L,37,35,24,6,3,NA,92,2.6418,855,947,0.90285,1,125369,0,1,1,19
2023,2,8480280,Jeremy Swayman,Swayman,BOS,L,37,33,24,6,4,NA,76,2.26529,877,953,0.92025,4,120779,0,0,0,2
2023,2,8474593,Jacob Markstrom,Markstrom,CGY,L,59,58,23,21,12,NA,166,2.9201,1376,1542,0.89234,1,204650,0,2,2,14
2023,2,8475311,Darcy Kuemper,Kuemper,WSH,L,57,56,22,26,7,NA,154,2.86619,1521,1674,0.9086,5,193427,0,0,0,4
2023,2,8479394,Carter Hart,Hart,PHI,L,55,54,22,23,10,NA,155,2.93953,1510,1665,0.9069,2,189826,0,0,0,0
2023,2,8479406,Filip Gustavsson,Gustavsson,MIN,L,39,37,22,9,7,NA,81,2.10304,1092,1173,0.93094,3,138656,0,1,1,0
2023,2,8475789,Jack Campbell,Campbell,EDM,L,36,34,21,9,4,NA,115,3.40508,912,1027,0.88802,1,121583,0,1,1,2
2023,2,8475883,Frederik Andersen,Andersen,CAR,L,34,33,21,11,1,NA,82,2.4794,767,849,0.90341,1,119061,0,1,1,0
2023,2,8480313,Logan Thompson,Thompson,VGK,R,37,36,21,13,3,NA,96,2.6527,1036,1132,0.91519,2,130282,0,0,0,2
2023,2,8477293,Antti Raanta,Raanta,CAR,L,27,26,19,3,3,NA,58,2.22903,586,644,0.90993,4,93673,0,0,0,0
2023,2,8476914,Joonas Korpisalo,Korpisalo,"CBJ,LAK",L,39,37,18,14,4,NA,104,2.87299,1103,1206,0.91459,1,130317,0,0,0,0
2023,2,8478872,Karel Vejmelka,Vejmelka,ARI,R,50,49,18,24,6,NA,168,3.42759,1503,1670,0.9,3,176450,0,0,0,2
2023,2,8475660,Cam Talbot,Talbot,OTT,L,36,32,17,14,2,NA,95,2.92758,840,935,0.89839,1,116820,0,0,0,0
2023,2,8475831,Philipp Grubauer,Grubauer,SEA,L,39,36,17,14,4,NA,98,2.8466,832,930,0.89462,0,123937,0,1,1,0
2023,2,8480045,Ukko-Pekka Luukkonen,Luukkonen,BUF,L,33,32,17,11,4,NA,115,3.61215,940,1054,0.89184,0,114613,0,1,1,2
2023,2,8471734,Jonathan Quick,Quick,"LAK,VGK",L,41,36,16,15,6,NA,127,3.40977,953,1080,0.8824,2,134085,0,0,0,4
2023,2,8478470,Samuel Montembeault,Montembeault,MTL,L,40,39,16,19,3,NA,133,3.41924,1212,1345,0.90111,0,140031,0,0,0,0
2023,2,8478499,Adin Hill,Hill,VGK,L,27,25,16,7,1,NA,62,2.49513,660,721,0.91539,0,89454,0,1,1,2
2023,2,8474596,Jake Allen,Allen,MTL,L,42,41,15,24,3,NA,145,3.55041,1190,1335,0.89138,1,147025,0,1,1,2
2023,2,8479193,Casey DeSmith,DeSmith,PIT,L,38,33,15,16,4,NA,109,3.16561,1033,1142,0.90455,0,123957,0,0,0,2
2023,2,8476434,John Gibson,Gibson,ANA,L,53,52,14,31,8,NA,200,3.99345,1783,1983,0.89914,1,180295,0,2,2,12
2023,2,8476899,Matt Murray,Murray,TOR,L,26,26,14,8,2,NA,74,3.01391,687,761,0.90275,1,88390,0,0,0,0
2023,2,8477967,Thatcher Demko,Demko,VAN,L,32,32,14,14,4,NA,99,3.16206,906,1005,0.90149,1,112711,0,1,1,4
2023,2,8478435,Dan Vladar,Vladar,CGY,L,27,23,14,6,5,NA,72,2.91121,597,667,0.89505,0,89035,0,0,0,2
2023,2,8479292,Charlie Lindgren,Lindgren,WSH,R,31,26,13,11,3,NA,86,3.04952,767,853,0.89917,0,101524,0,1,1,0
2023,2,8470880,Brian Elliott,Elliott,TBL,L,22,22,12,8,2,NA,75,3.39691,614,689,0.89114,2,79484,0,1,1,0
2023,2,8473503,James Reimer,Reimer,SJS,L,43,41,12,21,8,NA,147,3.47517,1188,1335,0.88988,3,152280,0,0,0,2
2023,2,8481611,Pyotr Kochetkov,Kochetkov,CAR,L,24,23,12,7,5,NA,57,2.43601,570,627,0.90909,4,84236,0,0,0,0
2023,2,8467950,Craig Anderson,Anderson,BUF,L,26,24,11,11,2,NA,76,3.06033,747,823,0.90765,1,89402,0,1,1,2
2023,2,8473575,Semyon Varlamov,Varlamov,NYI,L,23,22,11,9,2,NA,60,2.69716,629,689,0.91291,2,80084,0,0,0,0
2023,2,8476341,Anton Forsberg,Forsberg,OTT,L,28,25,11,11,2,NA,80,3.2614899999999998,737,817,0.90208,2,88303,0,0,0,2
2023,2,8477484,Spencer Martin,Martin,VAN,L,29,27,11,15,1,NA,107,3.98712,723,830,0.87108,0,96611,0,0,0,0
2023,2,8470860,Jaroslav Halak,Halak,NYR,L,25,24,10,9,5,NA,66,2.72364,614,680,0.90294,1,87236,0,1,1,0
2023,2,8475852,Petr Mrazek,Mrazek,CHI,L,39,38,10,22,3,NA,132,3.65791,1116,1248,0.89423,0,129910,0,2,2,4
2023,2,8478406,Mackenzie Blackwood,Blackwood,NJD,L,22,20,10,6,2,NA,60,3.19843,503,563,0.89342,0,67533,0,0,0,2
2023,2,8480420,Collin Delia,Delia,VAN,L,20,18,10,6,2,NA,62,3.2756,464,526,0.88212,0,68140,0,1,1,0
2023,2,8471774,Alex Stalock,Stalock,CHI,L,27,24,9,15,2,NA,74,3.00948,730,804,0.90796,2,88520,0,0,0,16
2023,2,8475809,Scott Wedgewood,Wedgewood,DAL,L,21,18,9,8,3,NA,51,2.71573,552,603,0.91542,1,67606,0,0,0,0
2023,2,8477480,Eric Comrie,Comrie,BUF,L,19,19,9,9,1,NA,68,3.66911,526,594,0.88552,1,66719,0,1,1,2
2023,2,8478039,Kaapo Kahkonen,Kahkonen,SJS,L,37,37,9,20,7,NA,135,3.84569,1014,1149,0.8825,1,126375,0,0,0,0
2023,2,8479312,Alex Lyon,Lyon,FLA,L,15,14,9,4,2,NA,43,2.88854,446,488,0.91393,1,53591,0,0,0,0
2023,2,8479496,David Rittich,Rittich,WPG,L,21,18,9,8,1,NA,50,2.67455,456,506,0.90118,0,67301,0,0,0,2
2023,2,8480947,Kevin Lankinen,Lankinen,NSH,L,19,18,9,8,1,NA,49,2.7498,534,583,0.91595,0,64150,0,0,0,2
2023,2,8481033,Akira Schmid,Schmid,NJD,L,18,14,9,5,2,NA,32,2.13013,376,408,0.92156,1,54081,0,0,0,0
2023,2,8481519,Spencer Knight,Knight,FLA,L,21,19,9,8,3,NA,62,3.18288,565,627,0.90111,1,70125,0,1,1,0
2023,2,8480925,Pavel Francouz,Francouz,COL,R,16,16,8,7,1,NA,42,2.61266,451,493,0.9148,1,57872,0,1,1,0
2023,2,8481544,Mads Sogaard,Sogaard,OTT,L,19,17,8,6,3,NA,58,3.32219,466,524,0.88931,0,62850,0,1,1,0
2023,2,8471306,Thomas Greiss,Greiss,STL,L,21,16,7,10,0,NA,66,3.63519,561,626,0.89616,1,65361,0,0,0,0
2023,2,8476316,Laurent Brossoit,Brossoit,VGK,L,11,10,7,0,3,NA,23,2.16969,294,317,0.92744,0,38162,0,0,0,0
2023,2,8478007,Elvis Merzlikins,Merzlikins,CBJ,L,30,27,7,18,2,NA,110,4.23022,779,889,0.87626,0,93612,0,1,1,4
2023,2,8478971,Connor Ingram,Ingram,ARI,L,27,26,6,13,8,NA,89,3.36554,871,960,0.90729,1,95200,0,0,0,2
2023,2,8479361,Joseph Woll,Woll,TOR,L,7,7,6,1,0,NA,15,2.16121,204,219,0.9315,0,24986,0,0,0,0
2023,2,8481035,Samuel Ersson,Ersson,PHI,L,12,10,6,3,0,NA,33,3.07016,294,327,0.89908,1,38695,0,0,0,0
2023,2,8476433,Magnus Hellberg,Hellberg,"OTT,DET",L,18,14,5,8,1,NA,50,3.20393,397,447,0.88814,0,56181,0,0,0,0
2023,2,8476932,Anthony Stolarz,Stolarz,ANA,L,19,12,5,6,0,NA,51,3.73147,444,494,0.89878,0,49203,0,0,0,0
2023,2,8477361,Calvin Petersen,Petersen,LAK,R,10,9,5,3,2,NA,34,3.75368,223,257,0.8677,0,32608,0,0,0,0
2023,2,8477968,Alex Nedeljkovic,Nedeljkovic,DET,L,15,13,5,7,2,NA,49,3.53096,417,466,0.89484,0,49958,0,0,0,2
2023,2,8482221,Devon Levi,Levi,BUF,L,7,7,5,2,0,NA,21,2.93694,201,222,0.9054,0,25741,0,0,0,0
2023,2,8483530,Jaxson Stauber,Stauber,CHI,L,6,6,5,1,0,NA,17,2.80605,174,191,0.91099,0,21810,0,0,0,0
2023,2,8480193,Daniil Tarasov,Tarasov,CBJ,L,17,16,4,11,1,NA,57,3.91244,471,528,0.89204,0,52448,0,1,1,0
2023,2,8480843,Lukas Dostal,Dostal,ANA,L,19,17,4,10,3,NA,67,3.78275,612,679,0.90132,0,63763,0,0,0,0
2023,2,8481031,Ivan Prosvetov,Prosvetov,ARI,L,7,7,4,3,0,NA,28,3.98072,206,234,0.88034,0,25322,0,0,0,0
2023,2,8478433,Felix Sandstrom,Sandstrom,PHI,L,20,18,3,12,3,NA,69,3.72017,506,575,0.88,0,66771,0,0,0,0
2023,2,8478902,Erik Kallgren,Kallgren,TOR,L,10,9,3,2,4,NA,25,2.67062,221,246,0.89837,0,33700,0,0,0,0
2023,2,8480981,Joel Hofer,Hofer,STL,L,6,6,3,1,1,NA,17,3.21563,162,179,0.90502,0,19032,0,0,0,0
2023,2,8481668,Arturs Silovs,Silovs,VAN,L,5,5,3,2,0,NA,14,2.74569,138,152,0.90789,0,18356,0,0,0,0
2023,2,8474636,Michael Hutchinson,Hutchinson,CBJ,R,16,10,2,6,3,NA,54,4.28883,379,432,0.87731,0,45327,0,1,1,0
2023,2,8477992,Jonas Johansson,Johansson,COL,L,3,2,2,0,0,NA,5,2.09863,68,73,0.9315,0,8577,0,0,0,0
2023,2,8478916,Joey Daccord,Daccord,SEA,L,5,4,2,1,1,NA,13,3.14347,117,130,0.9,0,14888,0,0,0,0
2023,2,8480238,Jiri Patera,Patera,VGK,L,2,2,2,0,0,NA,5,2.5,65,70,0.92857,0,7200,0,0,0,0
2023,2,8482821,Arvid Soderblom,Soderblom,CHI,L,15,13,2,10,2,NA,48,3.44813,405,453,0.89403,0,50114,0,0,0,0
2023,2,8474682,Dustin Tokarski,Tokarski,PIT,L,4,2,1,2,0,NA,12,3.43839,105,117,0.89743,0,12564,0,0,0,0
2023,2,8476234,Keith Kinkaid,Kinkaid,"BOS,COL",L,2,1,1,0,0,NA,2,1.36596,38,40,0.95,0,5271,0,0,0,0
2023,2,8476903,Jon Gillies,Gillies,CBJ,L,3,2,1,1,0,NA,9,4.57046,57,66,0.86363,0,7089,0,0,0,0
2023,2,8480199,Eetu Makiniemi,Makiniemi,SJS,L,2,1,1,0,1,NA,3,2.13438,29,32,0.90625,0,5060,0,0,0,0
2023,2,8480263,Dylan Ferguson,Ferguson,OTT,L,2,2,1,1,0,NA,5,2.52383,78,83,0.93975,0,7132,0,0,0,0
2023,2,8480867,Kevin Mandolese,Mandolese,OTT,L,3,3,1,2,0,NA,10,3.29308,109,119,0.91596,0,10932,0,0,0,0
2023,2,8481020,Justus Annunen,Annunen,COL,L,2,2,1,1,0,NA,7,3.57954,41,48,0.85416,0,7040,0,0,0,0
2023,2,8481692,Dustin Wolf,Wolf,CGY,L,1,1,1,0,0,NA,1,1.00166,23,24,0.95833,0,3594,0,0,0,0
2023,2,8483575,Matt Murray,Murray,DAL,L,3,3,1,2,0,NA,10,3.38919,54,64,0.84375,0,10622,0,0,0,0
2023,2,8471418,Anton Khudobin,Khudobin,CHI,L,1,1,0,1,0,NA,6,6,22,28,0.78571,0,3600,0,0,0,0
2023,2,8477180,Aaron Dell,Dell,SJS,L,4,3,0,3,0,NA,9,2.7097,94,103,0.91262,0,11957,0,0,0,0
2023,2,8479380,Dylan Wells,Wells,CHI,L,1,0,0,0,0,NA,1,3,12,13,0.92307,0,1200,0,0,0,0
2023,2,8480042,Olle Eriksson Ek,Eriksson Ek,ANA,L,1,1,0,0,1,NA,5,4.68872,34,39,0.87179,0,3839,0,0,0,0
2023,2,8480051,Cayden Primeau,Primeau,MTL,L,3,2,0,2,0,NA,8,3.46361,46,54,0.85185,0,8315,0,0,0,0
2023,2,8482137,Yaroslav Askarov,Askarov,NSH,R,1,1,0,1,0,NA,4,4.14985,31,35,0.88571,0,3470,0,0,0,0
2023,2,8482447,Leevi Meriläinen,Meriläinen,OTT,L,2,2,0,1,1,NA,6,4.23114,43,49,0.87755,0,5105,0,0,0,0
2023,2,8482982,Jet Greaves,Greaves,CBJ,L,1,1,0,1,0,NA,3,3.05343,46,49,0.93877,0,3537,0,0,0,0
2023,2,8483158,Matthew Berlin,Berlin,EDM,L,1,0,0,0,0,NA,0,0,1,1,1,0,146,0,0,0,0
2023,2,8483183,Jett Alexander,Alexander,TOR,L,1,0,0,0,0,NA,0,0,0,0,NA,0,70,0,0,0,0
